# Blender 4.1.1
# www.blender.org
mtllib computer.mtl
o retro_computer_setup
v 0.377439 0.457207 -0.463988
v 0.456224 0.010153 0.004765
v 0.489311 0.010153 -0.455954
v 0.247131 0.443578 -0.010251
v 0.456224 0.443578 0.004765
v 0.355065 0.457207 -0.465595
v 0.332690 0.457207 -0.467202
v 0.411281 0.457207 0.006168
v 0.388799 0.457207 0.005960
v 0.343896 0.457207 0.003607
v 0.321483 0.457207 0.001838
v 0.299111 0.457207 -0.000397
v 0.411272 0.443578 0.006168
v 0.388785 0.443578 0.005959
v 0.343873 0.443578 0.003605
v 0.321455 0.443578 0.001835
v 0.299079 0.443578 -0.000401
v 0.422188 0.457207 -0.460774
v 0.444562 0.457207 -0.459168
v 0.281980 0.010153 -0.007748
v 0.316829 0.010153 -0.005246
v 0.351678 0.010153 -0.002743
v 0.386527 0.010153 -0.000241
v 0.421375 0.010153 0.002262
v 0.421375 0.443578 0.002262
v 0.386527 0.443578 -0.000241
v 0.351678 0.443578 -0.002743
v 0.316829 0.443578 -0.005246
v 0.281980 0.443578 -0.007749
v 0.254855 0.010153 -0.009696
v 0.287942 0.457207 -0.470415
v 0.254855 0.443578 -0.009697
v 0.254880 0.457207 -0.008381
v 0.466573 0.457207 -0.457587
v 0.433123 0.010153 0.003106
v 0.433123 0.443578 0.003106
v 0.433757 0.457207 0.005609
v 0.247131 0.430574 -0.010251
v 0.456224 0.430574 0.004765
v 0.456224 0.286099 0.004765
v 0.421375 0.430574 0.002262
v 0.421375 0.286099 0.002262
v 0.386527 0.430574 -0.000241
v 0.386527 0.286099 -0.000241
v 0.351678 0.430574 -0.002743
v 0.351678 0.286099 -0.002743
v 0.316829 0.430574 -0.005246
v 0.316829 0.286099 -0.005246
v 0.281980 0.430574 -0.007749
v 0.281980 0.286099 -0.007749
v 0.254855 0.430574 -0.009697
v 0.254855 0.286099 -0.009696
v 0.433123 0.430574 0.003106
v 0.433123 0.286099 0.003106
v 0.421454 0.430574 0.001167
v 0.421454 0.286099 0.001167
v 0.386605 0.430574 -0.001336
v 0.386605 0.286099 -0.001336
v 0.351756 0.430574 -0.003838
v 0.351756 0.286099 -0.003838
v 0.316907 0.430574 -0.006341
v 0.316907 0.286099 -0.006341
v 0.282059 0.430574 -0.008844
v 0.282059 0.286099 -0.008844
v 0.254934 0.430574 -0.010792
v 0.254934 0.286099 -0.010792
v 0.419822 0.429201 0.001050
v 0.419822 0.287473 0.001050
v 0.385636 0.429201 -0.001405
v 0.385636 0.287473 -0.001405
v 0.351449 0.429201 -0.003860
v 0.351449 0.287473 -0.003860
v 0.317263 0.429201 -0.006315
v 0.317263 0.287473 -0.006315
v 0.283077 0.429201 -0.008771
v 0.283077 0.287473 -0.008771
v 0.256468 0.429201 -0.010681
v 0.256468 0.287473 -0.010681
v 0.419701 0.429201 0.002738
v 0.419701 0.287473 0.002738
v 0.385514 0.429201 0.000283
v 0.385514 0.287473 0.000283
v 0.351328 0.429201 -0.002172
v 0.351328 0.287473 -0.002172
v 0.317142 0.429201 -0.004627
v 0.317142 0.287473 -0.004627
v 0.282956 0.429201 -0.007082
v 0.282956 0.287473 -0.007082
v 0.256347 0.429201 -0.008993
v 0.256347 0.287473 -0.008993
v 0.433752 0.443578 0.005609
v 0.254840 0.443578 -0.008391
v 0.247131 0.334258 -0.010251
v 0.247131 0.382416 -0.010251
v 0.456224 0.382416 0.004765
v 0.456224 0.334258 0.004765
v 0.421375 0.382416 0.002262
v 0.421375 0.334258 0.002262
v 0.254855 0.382416 -0.009697
v 0.254855 0.334258 -0.009697
v 0.433123 0.382416 0.003106
v 0.433123 0.334258 0.003106
v 0.421454 0.382416 0.001167
v 0.421454 0.334258 0.001167
v 0.254934 0.382416 -0.010792
v 0.254934 0.334258 -0.010792
v 0.419822 0.381958 0.001050
v 0.256468 0.381958 -0.010681
v 0.419701 0.381958 0.002738
v 0.419701 0.334716 0.002738
v 0.385514 0.381958 0.000283
v 0.385514 0.334716 0.000283
v 0.351328 0.381958 -0.002172
v 0.351328 0.334716 -0.002172
v 0.317142 0.381958 -0.004627
v 0.317142 0.334716 -0.004627
v 0.282956 0.381958 -0.007082
v 0.282956 0.334716 -0.007082
v 0.256347 0.381958 -0.008993
v 0.256347 0.334716 -0.008993
v 0.247131 0.383981 -0.010251
v 0.456224 0.383981 0.004765
v 0.421375 0.383981 0.002262
v 0.254855 0.383981 -0.009697
v 0.433123 0.383981 0.003106
v 0.421454 0.383981 0.001167
v 0.254934 0.383981 -0.010792
v 0.419822 0.383493 0.001050
v 0.256468 0.383493 -0.010681
v 0.419701 0.383493 0.002738
v 0.385514 0.383493 0.000283
v 0.351328 0.383493 -0.002172
v 0.317142 0.383493 -0.004627
v 0.282956 0.383493 -0.007082
v 0.256347 0.383493 -0.008993
v 0.247131 0.335823 -0.010251
v 0.456224 0.335823 0.004765
v 0.421375 0.335823 0.002262
v 0.254855 0.335823 -0.009697
v 0.433123 0.335823 0.003106
v 0.421454 0.335823 0.001167
v 0.254934 0.335823 -0.010792
v 0.419822 0.336251 0.001050
v 0.419701 0.336251 0.002738
v 0.385514 0.336251 0.000283
v 0.351328 0.336251 -0.002172
v 0.317142 0.336251 -0.004627
v 0.282956 0.336251 -0.007082
v 0.256347 0.336251 -0.008993
v 0.270690 0.383493 -0.009660
v 0.270690 0.381958 -0.009660
v 0.283077 0.334716 -0.008771
v 0.385636 0.334716 -0.001405
v 0.283077 0.336251 -0.008771
v 0.385636 0.336251 -0.001405
v 0.270690 0.334716 -0.009660
v 0.368543 0.334716 -0.002633
v 0.270690 0.336251 -0.009660
v 0.368543 0.336251 -0.002633
v 0.256468 0.336251 -0.010681
v 0.351449 0.334716 -0.003860
v 0.351449 0.336251 -0.003860
v 0.456224 0.274509 0.004765
v 0.456224 0.211582 0.004765
v 0.421375 0.274509 0.002262
v 0.421375 0.211582 0.002262
v 0.386527 0.274509 -0.000241
v 0.386527 0.211582 -0.000241
v 0.351678 0.274509 -0.002743
v 0.351678 0.211582 -0.002743
v 0.316829 0.274509 -0.005246
v 0.316829 0.211582 -0.005246
v 0.281980 0.274509 -0.007749
v 0.281980 0.211582 -0.007749
v 0.254855 0.274509 -0.009696
v 0.254855 0.211582 -0.009696
v 0.433123 0.274509 0.003106
v 0.433123 0.211582 0.003106
v 0.247131 0.211582 -0.010251
v 0.247131 0.274510 -0.010251
v 0.369102 0.010153 -0.001492
v 0.399813 0.457207 -0.462381
v 0.366336 0.457207 0.005004
v 0.366318 0.443578 0.005003
v 0.369102 0.443578 -0.001492
v 0.369102 0.286099 -0.001492
v 0.369102 0.430574 -0.001492
v 0.369181 0.286099 -0.002587
v 0.369181 0.430574 -0.002587
v 0.368543 0.287473 -0.002633
v 0.368543 0.429201 -0.002633
v 0.368421 0.287473 -0.000944
v 0.368421 0.429201 -0.000944
v 0.368421 0.334716 -0.000944
v 0.368421 0.381958 -0.000944
v 0.368421 0.383493 -0.000944
v 0.368421 0.336251 -0.000944
v 0.317263 0.334716 -0.006315
v 0.283077 0.383493 -0.008771
v 0.256468 0.334716 -0.010681
v 0.369102 0.211582 -0.001492
v 0.369102 0.274509 -0.001492
v 0.351854 0.274509 -0.005198
v 0.351854 0.211582 -0.005197
v 0.317005 0.274509 -0.007700
v 0.317005 0.211582 -0.007700
v 0.282156 0.274509 -0.010203
v 0.282156 0.211582 -0.010203
v 0.255032 0.274509 -0.012151
v 0.255032 0.211582 -0.012151
v 0.369278 0.211582 -0.003946
v 0.369278 0.274509 -0.003946
v 0.405166 0.219245 0.001098
v 0.421375 0.244020 0.002262
v 0.402595 0.218791 0.000913
v 0.386527 0.244020 -0.000241
v 0.400023 0.219245 0.000729
v 0.254855 0.244020 -0.009696
v 0.407428 0.220554 0.001260
v 0.433123 0.244020 0.003106
v 0.395190 0.227637 0.000382
v 0.396083 0.230097 0.000446
v 0.369102 0.244020 -0.001492
v 0.409106 0.222560 0.001381
v 0.409999 0.227637 0.001445
v 0.282488 0.211969 -0.009213
v 0.409999 0.225020 0.001445
v 0.282488 0.243049 -0.009213
v 0.407428 0.232103 0.001260
v 0.409106 0.230097 0.001381
v 0.316912 0.211969 -0.006741
v 0.255032 0.244020 -0.012151
v 0.405166 0.233412 0.001098
v 0.369278 0.244020 -0.003946
v 0.397762 0.220554 0.000566
v 0.247131 0.244020 -0.010251
v 0.400023 0.233412 0.000729
v 0.402595 0.233866 0.000913
v 0.369278 0.243046 -0.003946
v 0.255032 0.243046 -0.012151
v 0.397762 0.232103 0.000566
v 0.316912 0.243049 -0.006741
v 0.396083 0.222560 0.000446
v 0.351336 0.211969 -0.004269
v 0.395190 0.225020 0.000382
v 0.351336 0.243049 -0.004269
v 0.369102 0.243046 -0.001492
v 0.247131 0.243046 -0.010251
v 0.456224 0.244020 0.004765
v 0.433123 0.243046 0.003106
v 0.254855 0.243046 -0.009696
v 0.386527 0.243046 -0.000241
v 0.421375 0.243046 0.002262
v 0.456224 0.243046 0.004765
v 0.405106 0.219245 0.001942
v 0.402534 0.218791 0.001757
v 0.399962 0.219245 0.001572
v 0.407367 0.220554 0.002104
v 0.395130 0.227637 0.001225
v 0.396023 0.230097 0.001290
v 0.409045 0.222560 0.002225
v 0.409938 0.227637 0.002289
v 0.409938 0.225020 0.002289
v 0.407367 0.232103 0.002104
v 0.409045 0.230097 0.002225
v 0.405106 0.233412 0.001942
v 0.397701 0.220554 0.001410
v 0.399962 0.233412 0.001572
v 0.402534 0.233866 0.001757
v 0.397701 0.232103 0.001410
v 0.396023 0.222560 0.001290
v 0.395130 0.225020 0.001225
v 0.404851 0.219946 0.001924
v 0.402534 0.219536 0.001757
v 0.400217 0.219946 0.001591
v 0.406889 0.221125 0.002070
v 0.395862 0.227508 0.001278
v 0.396667 0.229725 0.001336
v 0.408401 0.222932 0.002179
v 0.409206 0.227508 0.002236
v 0.409206 0.225149 0.002236
v 0.406889 0.231532 0.002070
v 0.408401 0.229725 0.002179
v 0.404851 0.232711 0.001924
v 0.398179 0.221125 0.001444
v 0.400217 0.232711 0.001591
v 0.402534 0.233121 0.001757
v 0.398179 0.231532 0.001444
v 0.396667 0.222932 0.001336
v 0.395862 0.225149 0.001278
v 0.397435 0.254473 0.000477
v 0.398058 0.252757 0.000521
v 0.399229 0.259413 0.000605
v 0.402599 0.260643 0.000847
v 0.400806 0.260326 0.000719
v 0.399229 0.251358 0.000605
v 0.404393 0.260326 0.000976
v 0.407140 0.258014 0.001174
v 0.405970 0.259413 0.001090
v 0.407763 0.254473 0.001218
v 0.407763 0.256298 0.001218
v 0.407140 0.252757 0.001174
v 0.398058 0.258014 0.000521
v 0.397435 0.256298 0.000477
v 0.405970 0.251358 0.001090
v 0.400806 0.250445 0.000719
v 0.402599 0.250128 0.000847
v 0.404393 0.250445 0.000976
v 0.404761 0.220213 0.001817
v 0.402541 0.219820 0.001658
v 0.400321 0.220213 0.001498
v 0.406714 0.221343 0.001958
v 0.396148 0.227459 0.001199
v 0.396919 0.229583 0.001254
v 0.408163 0.223074 0.002062
v 0.408934 0.227459 0.002117
v 0.408934 0.225198 0.002117
v 0.406714 0.231314 0.001958
v 0.408163 0.229583 0.002062
v 0.404761 0.232444 0.001817
v 0.398369 0.221343 0.001358
v 0.400321 0.232444 0.001498
v 0.402541 0.232837 0.001658
v 0.398369 0.231314 0.001358
v 0.396919 0.223074 0.001254
v 0.396148 0.225198 0.001199
v 0.403893 0.222412 0.002740
v 0.402471 0.222160 0.002637
v 0.401049 0.222412 0.002535
v 0.405143 0.223136 0.002829
v 0.398376 0.227052 0.002343
v 0.398870 0.228413 0.002379
v 0.406071 0.224244 0.002896
v 0.406565 0.227052 0.002931
v 0.406565 0.225605 0.002931
v 0.405143 0.229521 0.002829
v 0.406071 0.228413 0.002896
v 0.403893 0.230245 0.002740
v 0.399798 0.223136 0.002446
v 0.401049 0.230245 0.002535
v 0.402471 0.230497 0.002637
v 0.399798 0.229521 0.002446
v 0.398870 0.224244 0.002379
v 0.398376 0.225605 0.002343
v 0.402394 0.226329 0.003706
v 0.404911 0.219946 0.001084
v 0.402594 0.219536 0.000917
v 0.400277 0.219946 0.000751
v 0.406949 0.221125 0.001230
v 0.408462 0.222932 0.001339
v 0.406949 0.231532 0.001230
v 0.408462 0.229725 0.001339
v 0.409266 0.227508 0.001396
v 0.398239 0.221125 0.000605
v 0.396727 0.222932 0.000496
v 0.395922 0.225149 0.000438
v 0.402594 0.233121 0.000917
v 0.404911 0.232711 0.001084
v 0.395922 0.227508 0.000438
v 0.396727 0.229725 0.000496
v 0.398239 0.231532 0.000605
v 0.409266 0.225149 0.001396
v 0.400277 0.232711 0.000751
v 0.404815 0.220213 0.001077
v 0.402594 0.219820 0.000917
v 0.400374 0.220213 0.000758
v 0.406767 0.221343 0.001217
v 0.408216 0.223074 0.001321
v 0.406767 0.231314 0.001217
v 0.408216 0.229583 0.001321
v 0.408987 0.227459 0.001376
v 0.398422 0.221343 0.000618
v 0.396973 0.223074 0.000514
v 0.396202 0.225198 0.000458
v 0.402594 0.232837 0.000917
v 0.404815 0.232444 0.001077
v 0.396202 0.227459 0.000458
v 0.396973 0.229583 0.000514
v 0.398422 0.231314 0.000618
v 0.408987 0.225198 0.001376
v 0.400374 0.232444 0.000758
v 0.351405 0.211969 -0.005230
v 0.316981 0.211969 -0.007702
v 0.282557 0.211969 -0.010174
v 0.255764 0.243049 -0.012098
v 0.255764 0.211969 -0.012098
v 0.368617 0.211969 -0.003994
v 0.368617 0.274129 -0.003994
v 0.351405 0.274129 -0.005230
v 0.316981 0.274129 -0.007702
v 0.282557 0.274129 -0.010174
v 0.255764 0.274129 -0.012098
v 0.368617 0.243049 -0.003994
v 0.368617 0.244011 -0.003994
v 0.255764 0.244011 -0.012098
v 0.255695 0.243049 -0.011137
v 0.255695 0.211969 -0.011137
v 0.368548 0.211969 -0.003032
v 0.368548 0.274129 -0.003032
v 0.351336 0.274129 -0.004269
v 0.316912 0.274129 -0.006741
v 0.282488 0.274129 -0.009213
v 0.255695 0.274129 -0.011137
v 0.368548 0.243049 -0.003032
v 0.368548 0.244011 -0.003032
v 0.255695 0.244011 -0.011137
v 0.282488 0.244011 -0.009213
v 0.316912 0.244011 -0.006741
v 0.351336 0.244011 -0.004269
v 0.270085 0.244011 -0.011070
v 0.270085 0.243049 -0.011070
v 0.351405 0.244011 -0.005230
v 0.316981 0.244011 -0.007702
v 0.282557 0.244011 -0.010174
v 0.351405 0.243049 -0.005230
v 0.285886 0.010153 -0.464439
v 0.253675 0.010153 -0.015905
v 0.384945 0.010153 -0.006478
v 0.417762 0.010153 -0.004121
v 0.450580 0.010153 -0.001764
v 0.368536 0.010153 -0.007656
v 0.319310 0.010153 -0.011191
v 0.352127 0.010153 -0.008835
v 0.428825 0.010153 -0.003326
v 0.286492 0.010153 -0.013548
v 0.260949 0.010153 -0.015382
v 0.412645 0.457207 -0.014727
v 0.390270 0.457207 -0.016334
v 0.345522 0.457207 -0.019547
v 0.323147 0.457207 -0.021154
v 0.300773 0.457207 -0.022761
v 0.256024 0.457207 -0.025975
v 0.435019 0.457207 -0.013120
v 0.367896 0.457207 -0.017941
v 0.254406 0.010153 -0.026091
v 0.451311 0.010153 -0.011950
v 0.411790 0.457207 -0.002827
v 0.389416 0.457207 -0.004434
v 0.344667 0.457207 -0.007648
v 0.322293 0.457207 -0.009254
v 0.299918 0.457207 -0.010861
v 0.255170 0.457207 -0.014075
v 0.434164 0.457207 -0.001220
v 0.367041 0.457207 -0.006041
v 0.253981 0.010153 -0.020167
v 0.450886 0.010153 -0.006027
v 0.411273 0.444924 0.006168
v 0.388787 0.444924 0.005959
v 0.343876 0.444924 0.003606
v 0.321459 0.444924 0.001836
v 0.299083 0.444924 -0.000401
v 0.247131 0.444924 -0.010251
v 0.456224 0.444924 0.004765
v 0.433753 0.444924 0.005609
v 0.254845 0.444924 -0.008389
v 0.366320 0.444924 0.005003
v 0.287328 0.043725 -0.461867
v 0.465596 0.443578 -0.449065
v 0.269353 0.010153 -0.008655
v 0.310316 0.457207 -0.468809
v 0.274601 0.010153 -0.014402
v 0.278399 0.457207 -0.024368
v 0.277544 0.457207 -0.012468
v 0.269353 0.443578 -0.008655
v 0.276875 0.457207 -0.003717
v 0.269353 0.286099 -0.008655
v 0.269353 0.430574 -0.008655
v 0.269432 0.286099 -0.009750
v 0.269432 0.430574 -0.009750
v 0.270690 0.287473 -0.009660
v 0.270690 0.429201 -0.009660
v 0.270569 0.287473 -0.007971
v 0.270569 0.429201 -0.007971
v 0.276839 0.443578 -0.003723
v 0.270569 0.334716 -0.007971
v 0.270569 0.381958 -0.007971
v 0.270569 0.383493 -0.007971
v 0.270569 0.336251 -0.007971
v 0.317263 0.336251 -0.006315
v 0.283077 0.381958 -0.008771
v 0.419822 0.334716 0.001050
v 0.269353 0.211582 -0.008655
v 0.269353 0.274509 -0.008655
v 0.269529 0.211582 -0.011110
v 0.269529 0.274509 -0.011110
v 0.270084 0.211969 -0.011070
v 0.270084 0.274129 -0.011070
v 0.270015 0.211969 -0.010109
v 0.270015 0.274129 -0.010109
v 0.270015 0.243049 -0.010109
v 0.270015 0.244011 -0.010109
v 0.316981 0.243049 -0.007702
v 0.282557 0.243049 -0.010174
v 0.276844 0.444924 -0.003723
v 0.291029 0.260415 -0.487217
v 0.290527 0.269243 -0.480236
v 0.290690 0.268330 -0.482508
v 0.290830 0.266878 -0.484458
v 0.290938 0.264985 -0.485955
v 0.291006 0.262781 -0.486896
v 0.291029 0.257984 -0.487217
v 0.291006 0.255618 -0.486896
v 0.290938 0.253414 -0.485955
v 0.290830 0.251521 -0.484458
v 0.290690 0.250069 -0.482508
v 0.290527 0.249156 -0.480236
v 0.294298 0.260415 -0.486982
v 0.294275 0.262781 -0.486661
v 0.294208 0.264985 -0.485720
v 0.294100 0.266878 -0.484224
v 0.293960 0.268330 -0.482273
v 0.293797 0.269243 -0.480001
v 0.293622 0.248844 -0.477563
v 0.294298 0.257984 -0.486982
v 0.293797 0.249156 -0.480001
v 0.293960 0.250069 -0.482273
v 0.294100 0.251521 -0.484224
v 0.294208 0.253414 -0.485720
v 0.294275 0.255618 -0.486661
v 0.404350 0.250445 0.001565
v 0.402557 0.250128 0.001436
v 0.400764 0.250445 0.001307
v 0.405928 0.251358 0.001678
v 0.397393 0.256298 0.001065
v 0.398016 0.258014 0.001110
v 0.407098 0.252757 0.001762
v 0.407721 0.256298 0.001807
v 0.407721 0.254473 0.001807
v 0.405928 0.259413 0.001678
v 0.407098 0.258014 0.001762
v 0.404350 0.260326 0.001565
v 0.399187 0.251358 0.001194
v 0.400764 0.260326 0.001307
v 0.402557 0.260643 0.001436
v 0.399187 0.259413 0.001194
v 0.398016 0.252757 0.001110
v 0.397393 0.254473 0.001065
v 0.404173 0.250934 0.001552
v 0.402557 0.250648 0.001436
v 0.400941 0.250934 0.001320
v 0.405594 0.251757 0.001654
v 0.397904 0.256208 0.001102
v 0.398465 0.257754 0.001142
v 0.406649 0.253017 0.001730
v 0.407210 0.256208 0.001770
v 0.407210 0.254563 0.001770
v 0.405594 0.259014 0.001654
v 0.406649 0.257754 0.001730
v 0.404173 0.259837 0.001552
v 0.399520 0.251757 0.001218
v 0.400941 0.259837 0.001320
v 0.402557 0.260123 0.001436
v 0.399520 0.259014 0.001218
v 0.398465 0.253017 0.001142
v 0.397904 0.254563 0.001102
v 0.404110 0.251120 0.001478
v 0.402562 0.250847 0.001367
v 0.401014 0.251120 0.001256
v 0.405472 0.251908 0.001576
v 0.398104 0.256174 0.001047
v 0.398641 0.257655 0.001085
v 0.406483 0.253116 0.001648
v 0.407021 0.256174 0.001687
v 0.407021 0.254597 0.001687
v 0.405472 0.258862 0.001576
v 0.406483 0.257655 0.001648
v 0.404110 0.259651 0.001478
v 0.399652 0.251908 0.001158
v 0.401014 0.259651 0.001256
v 0.402562 0.259924 0.001367
v 0.399652 0.258862 0.001158
v 0.398641 0.253116 0.001085
v 0.398104 0.254597 0.001047
v 0.403505 0.252654 0.002121
v 0.402513 0.252479 0.002050
v 0.401521 0.252654 0.001979
v 0.404377 0.253159 0.002184
v 0.399658 0.255890 0.001845
v 0.400002 0.256839 0.001870
v 0.405024 0.253932 0.002230
v 0.405368 0.255890 0.002255
v 0.405368 0.254881 0.002255
v 0.404377 0.257612 0.002184
v 0.405024 0.256839 0.002230
v 0.403505 0.258117 0.002121
v 0.400649 0.253159 0.001916
v 0.401521 0.258117 0.001979
v 0.402513 0.258292 0.002050
v 0.400649 0.257612 0.001916
v 0.400002 0.253932 0.001870
v 0.399658 0.254881 0.001845
v 0.402459 0.255385 0.002795
v 0.404215 0.250934 0.000966
v 0.402599 0.250648 0.000850
v 0.400983 0.250934 0.000734
v 0.405636 0.251757 0.001068
v 0.406691 0.253017 0.001144
v 0.405636 0.259014 0.001068
v 0.406691 0.257754 0.001144
v 0.407252 0.256208 0.001184
v 0.399562 0.251757 0.000632
v 0.398507 0.253017 0.000556
v 0.397946 0.254563 0.000516
v 0.402599 0.260123 0.000850
v 0.404215 0.259837 0.000966
v 0.397946 0.256208 0.000516
v 0.398507 0.257754 0.000556
v 0.399562 0.259014 0.000632
v 0.407252 0.254563 0.001184
v 0.400983 0.259837 0.000734
v 0.404148 0.251120 0.000961
v 0.402599 0.250847 0.000850
v 0.401051 0.251120 0.000739
v 0.405509 0.251908 0.001059
v 0.406520 0.253116 0.001132
v 0.405509 0.258862 0.001059
v 0.406520 0.257655 0.001132
v 0.407058 0.256174 0.001170
v 0.399689 0.251908 0.000641
v 0.398678 0.253116 0.000569
v 0.398141 0.254597 0.000530
v 0.402599 0.259924 0.000850
v 0.404148 0.259651 0.000961
v 0.398141 0.256174 0.000530
v 0.398678 0.257655 0.000569
v 0.399689 0.258862 0.000641
v 0.407058 0.254597 0.001170
v 0.401051 0.259651 0.000739
v 0.289185 0.269555 -0.461548
v 0.289185 0.248844 -0.461548
v 0.292455 0.269555 -0.461313
v 0.292455 0.248844 -0.461313
v 0.290352 0.269555 -0.477798
v 0.290352 0.248844 -0.477798
v 0.293622 0.269555 -0.477563
v 0.248765 0.443578 -0.026496
v 0.248765 0.444924 -0.026496
v 0.247446 0.444924 -0.014629
v 0.248300 0.444924 -0.026529
v 0.245731 0.430574 -0.026058
v 0.245731 0.286099 -0.026058
v 0.248258 0.443578 -0.025877
v 0.248260 0.274510 -0.025877
v 0.248174 0.430574 -0.025883
v 0.248174 0.286099 -0.025883
v 0.245778 0.430574 -0.026711
v 0.245778 0.286099 -0.026710
v 0.247131 0.010153 -0.010251
v 0.280217 0.443578 -0.470970
v 0.280217 0.430574 -0.470970
v 0.280217 0.286099 -0.470970
v 0.247131 0.286099 -0.010251
v 0.280217 0.274509 -0.470970
v 0.248300 0.010153 -0.026529
v 0.248300 0.443578 -0.026529
v 0.244832 0.286099 -0.026778
v 0.244832 0.430574 -0.026778
v 0.248300 0.274510 -0.026529
v 0.247446 0.010153 -0.014629
v 0.247446 0.443578 -0.014629
v 0.247446 0.286099 -0.014629
v 0.247446 0.430574 -0.014629
v 0.247446 0.274510 -0.014629
v 0.248300 0.286099 -0.026529
v 0.248300 0.430574 -0.026529
v 0.248221 0.286099 -0.026535
v 0.248221 0.430574 -0.026535
v 0.248307 0.274510 -0.026529
v 0.248305 0.443578 -0.026529
v 0.457393 0.010153 -0.011513
v 0.456539 0.010153 0.000387
v 0.450580 0.000007 -0.001764
v 0.285886 0.000007 -0.464439
v 0.482791 0.010153 -0.450299
v 0.482791 0.000007 -0.450299
v 0.253675 0.000007 -0.015905
v 0.280217 0.010153 -0.470970
v 0.489311 0.443578 -0.455954
v 0.287942 0.010153 -0.470415
v 0.287942 0.443578 -0.470415
v 0.466210 0.443578 -0.457613
v 0.466210 0.010153 -0.457613
v 0.280217 0.043725 -0.470970
v 0.489311 0.043725 -0.455954
v 0.287942 0.043725 -0.470415
v 0.466210 0.043725 -0.457613
v 0.293160 0.010153 -0.463917
v 0.384338 0.010153 -0.457369
v 0.461037 0.010153 -0.451861
v 0.280217 0.444924 -0.470970
v 0.489311 0.444924 -0.455954
v 0.287942 0.444924 -0.470415
v 0.466210 0.444924 -0.457613
v 0.280683 0.444924 -0.470937
v 0.280683 0.443578 -0.470937
v 0.287328 0.443578 -0.461867
v 0.384150 0.043725 -0.454914
v 0.465596 0.043725 -0.449065
v 0.420680 0.124491 0.003705
v 0.421042 0.124825 0.003420
v 0.420697 0.124904 0.003462
v 0.421109 0.124486 0.003559
v 0.420514 0.111181 0.006018
v 0.420943 0.111185 0.005870
v 0.420868 0.110847 0.005850
v 0.420521 0.110768 0.005919
v 0.420683 0.090939 0.003660
v 0.420700 0.091352 0.003416
v 0.421045 0.091273 0.003374
v 0.421112 0.090935 0.003513
v 0.420517 0.077878 0.005970
v 0.420871 0.077544 0.005802
v 0.420946 0.077882 0.005822
v 0.420524 0.077465 0.005872
v 0.282462 0.124491 -0.006221
v 0.282145 0.124825 -0.006555
v 0.282059 0.124486 -0.006427
v 0.282480 0.124904 -0.006464
v 0.282300 0.077878 -0.003956
v 0.281973 0.077544 -0.004172
v 0.282307 0.077465 -0.004054
v 0.281896 0.077882 -0.004164
v 0.420683 0.107364 0.003662
v 0.420700 0.107776 0.003417
v 0.421045 0.107697 0.003375
v 0.421112 0.107359 0.003516
v 0.420517 0.094663 0.005967
v 0.420871 0.094330 0.005801
v 0.420947 0.094668 0.005819
v 0.420524 0.094250 0.005872
v 0.420673 0.074233 0.003796
v 0.421035 0.074569 0.003521
v 0.420690 0.074647 0.003564
v 0.421102 0.074230 0.003651
v 0.421372 0.111190 0.002309
v 0.420783 0.110599 0.002267
v 0.421200 0.110772 0.002296
v 0.421375 0.077887 0.002262
v 0.420786 0.077296 0.002220
v 0.421203 0.077469 0.002250
v 0.282566 0.110599 -0.007659
v 0.281977 0.111190 -0.007702
v 0.282149 0.110772 -0.007689
v 0.282569 0.077296 -0.007706
v 0.281980 0.077887 -0.007749
v 0.282153 0.077469 -0.007736
v 0.420783 0.125073 0.002267
v 0.421372 0.124482 0.002309
v 0.421200 0.124900 0.002296
v 0.281977 0.124482 -0.007702
v 0.282566 0.125073 -0.007659
v 0.282149 0.124900 -0.007689
v 0.421375 0.094673 0.002262
v 0.420786 0.094082 0.002220
v 0.421203 0.094255 0.002250
v 0.282569 0.094082 -0.007706
v 0.281980 0.094673 -0.007749
v 0.282153 0.094255 -0.007736
v 0.420786 0.091521 0.002220
v 0.421375 0.090930 0.002262
v 0.421203 0.091348 0.002250
v 0.281980 0.090930 -0.007749
v 0.282569 0.091521 -0.007706
v 0.282153 0.091348 -0.007736
v 0.420786 0.107945 0.002220
v 0.421375 0.107354 0.002262
v 0.421203 0.107772 0.002250
v 0.281980 0.107354 -0.007749
v 0.282569 0.107945 -0.007706
v 0.282153 0.107772 -0.007736
v 0.282296 0.111181 -0.003908
v 0.281970 0.110847 -0.004125
v 0.282303 0.110768 -0.004007
v 0.281893 0.111185 -0.004115
v 0.282466 0.090939 -0.006266
v 0.282148 0.091273 -0.006601
v 0.282062 0.090935 -0.006472
v 0.282483 0.091352 -0.006510
v 0.282466 0.107364 -0.006264
v 0.282062 0.107359 -0.006470
v 0.282148 0.107697 -0.006600
v 0.282483 0.107776 -0.006509
v 0.282300 0.094663 -0.003959
v 0.281974 0.094330 -0.004174
v 0.282307 0.094250 -0.004054
v 0.281896 0.094668 -0.004167
v 0.420786 0.074817 0.002220
v 0.421375 0.074227 0.002262
v 0.421203 0.074644 0.002250
v 0.281980 0.074227 -0.007749
v 0.282569 0.074817 -0.007706
v 0.282153 0.074644 -0.007736
v 0.421375 0.059862 0.002262
v 0.420786 0.059271 0.002220
v 0.421203 0.059444 0.002250
v 0.282569 0.059271 -0.007706
v 0.281980 0.059862 -0.007749
v 0.282153 0.059444 -0.007736
v 0.282456 0.074233 -0.006130
v 0.282137 0.074569 -0.006454
v 0.282052 0.074230 -0.006335
v 0.282473 0.074647 -0.006362
v 0.420521 0.059855 0.005909
v 0.420876 0.059519 0.005733
v 0.420951 0.059858 0.005763
v 0.420529 0.059441 0.005799
v 0.282304 0.059855 -0.004017
v 0.281978 0.059519 -0.004242
v 0.282312 0.059441 -0.004127
v 0.281900 0.059858 -0.004223
v 0.248906 0.457207 -0.009823
v 0.247131 0.455381 -0.010251
v 0.247665 0.456672 -0.010213
v 0.250121 0.457207 -0.026399
v 0.248300 0.455381 -0.026529
v 0.248834 0.456672 -0.026491
v 0.457393 0.455381 -0.011513
v 0.455572 0.457207 -0.011644
v 0.456860 0.456672 -0.011552
v 0.454717 0.457207 0.000256
v 0.456539 0.455381 0.000386
v 0.456005 0.456672 0.000348
v 0.280217 0.455381 -0.470970
v 0.282039 0.457207 -0.470839
v 0.280751 0.456672 -0.470932
v 0.247446 0.455381 -0.014629
v 0.249267 0.457207 -0.014499
v 0.247979 0.456672 -0.014591
v 0.456224 0.455381 0.004765
v 0.454400 0.457207 0.004833
v 0.455691 0.456672 0.004726
v 0.487489 0.457207 -0.456085
v 0.489311 0.455381 -0.455954
v 0.489311 0.455381 -0.455954
v 0.488777 0.456672 -0.455992
v 0.317263 0.383493 -0.006315
v 0.317263 0.381958 -0.006315
v 0.351449 0.383493 -0.003860
v 0.351449 0.381958 -0.003860
v 0.368543 0.383493 -0.002633
v 0.368543 0.381958 -0.002633
v 0.385636 0.383493 -0.001405
v 0.385636 0.381958 -0.001405
v -0.394626 0.098517 -0.433275
v -0.391999 0.101515 -0.434477
v -0.389144 0.098521 -0.434721
v -0.391771 0.095524 -0.433519
v -0.396748 0.094543 -0.444072
v -0.394350 0.097057 -0.446494
v -0.391270 0.094551 -0.445528
v -0.393671 0.092032 -0.443110
v -0.397629 0.087874 -0.451764
v -0.395368 0.089458 -0.454931
v -0.392135 0.088004 -0.453131
v -0.394402 0.086412 -0.449969
v -0.397048 0.075925 -0.455428
v -0.394805 0.076958 -0.458796
v -0.391562 0.076313 -0.456715
v -0.393811 0.075273 -0.453351
v -0.394888 0.062174 -0.457675
v -0.392668 0.063147 -0.461074
v -0.389445 0.062894 -0.458906
v -0.391667 0.061919 -0.455509
v -0.391106 0.048007 -0.460412
v -0.388978 0.049271 -0.463767
v -0.385753 0.049106 -0.461566
v -0.387880 0.047842 -0.458211
v -0.384465 0.034538 -0.465210
v -0.382770 0.035816 -0.468683
v -0.379774 0.036255 -0.465862
v -0.381082 0.034018 -0.462632
v -0.375284 0.022235 -0.471908
v -0.374528 0.025036 -0.474260
v -0.372049 0.026145 -0.471393
v -0.372817 0.023458 -0.468987
v -0.360616 0.011744 -0.481080
v -0.360348 0.015369 -0.483598
v -0.358107 0.016870 -0.480957
v -0.358374 0.013245 -0.478432
v -0.333078 0.003837 -0.492691
v -0.333595 0.007714 -0.494817
v -0.331620 0.009310 -0.492003
v -0.331102 0.005434 -0.489871
v -0.302573 0.002934 -0.507575
v -0.303564 0.006860 -0.509404
v -0.301456 0.008448 -0.506601
v -0.300464 0.004522 -0.504768
v -0.273777 0.002190 -0.525163
v -0.275113 0.006115 -0.526730
v -0.272558 0.007706 -0.524186
v -0.271219 0.003780 -0.522617
v -0.252020 0.002308 -0.546355
v -0.253634 0.006221 -0.547592
v -0.250364 0.007843 -0.545771
v -0.248750 0.003930 -0.544534
v -0.234699 0.002440 -0.578391
v -0.236267 0.006352 -0.579636
v -0.232953 0.007979 -0.577906
v -0.231384 0.004068 -0.576662
v -0.203147 0.002061 -0.604957
v -0.204266 0.005967 -0.606553
v -0.201960 0.007606 -0.603975
v -0.200841 0.003700 -0.602379
v -0.161885 0.002085 -0.615388
v -0.162440 0.005982 -0.617130
v -0.161411 0.007642 -0.614232
v -0.160856 0.003744 -0.612491
v -0.115351 0.002248 -0.611096
v -0.115376 0.006136 -0.612793
v -0.115548 0.007817 -0.610058
v -0.115523 0.003929 -0.608361
v -0.067883 0.002411 -0.593541
v -0.067440 0.006288 -0.595057
v -0.068676 0.007991 -0.592846
v -0.069120 0.004114 -0.591329
v -0.023850 0.002661 -0.564645
v -0.022967 0.006527 -0.565842
v -0.025204 0.008255 -0.564520
v -0.026088 0.004388 -0.563317
v 0.016797 0.004598 -0.527602
v 0.017659 0.008469 -0.528754
v 0.015924 0.010161 -0.527408
v 0.015061 0.006290 -0.526243
v 0.043419 0.004112 -0.504646
v 0.044017 0.008004 -0.506896
v 0.043120 0.009622 -0.504929
v 0.042125 0.007362 -0.502811
v 0.074829 0.003212 -0.485406
v 0.075138 0.007128 -0.486943
v 0.074771 0.008693 -0.483009
v 0.074461 0.004777 -0.481472
v 0.144859 0.002300 -0.479484
v 0.144755 0.006251 -0.481013
v 0.145097 0.007774 -0.477081
v 0.145202 0.003823 -0.475552
v 0.233875 0.002196 -0.493643
v 0.232502 0.006011 -0.494968
v 0.232821 0.007511 -0.491025
v 0.234195 0.003696 -0.489701
v 0.258118 0.011009 -0.498801
v 0.256014 0.014542 -0.499974
v 0.256073 0.015943 -0.495978
v 0.258178 0.012410 -0.494805
v 0.277690 0.024420 -0.502979
v 0.274693 0.027313 -0.503968
v 0.274355 0.028431 -0.499891
v 0.277353 0.025538 -0.498902
v 0.291190 0.043216 -0.505397
v 0.287408 0.044995 -0.506253
v 0.286676 0.045556 -0.502109
v 0.290458 0.043777 -0.501253
v 0.297114 0.067645 -0.505278
v 0.293027 0.068398 -0.506122
v 0.292134 0.068437 -0.501972
v 0.296222 0.067684 -0.501128
v 0.300561 0.126892 -0.503021
v 0.296436 0.127237 -0.503878
v 0.295518 0.127336 -0.499730
v 0.299642 0.126991 -0.498873
v 0.303969 0.198451 -0.500794
v 0.299852 0.198779 -0.501647
v 0.298863 0.198335 -0.497542
v 0.302978 0.198007 -0.496688
v 0.304302 0.208562 -0.498767
v 0.300191 0.208994 -0.499597
v 0.299169 0.207878 -0.495644
v 0.303280 0.207446 -0.494815
v 0.304468 0.216346 -0.495396
v 0.300363 0.216968 -0.496136
v 0.299311 0.214813 -0.492670
v 0.303415 0.214192 -0.491930
v 0.304485 0.222003 -0.490295
v 0.300382 0.222842 -0.490837
v 0.299317 0.219616 -0.488356
v 0.303419 0.218778 -0.487815
v 0.304383 0.225677 -0.483283
v 0.300279 0.226653 -0.483572
v 0.299221 0.222797 -0.482238
v 0.303324 0.221821 -0.481949
v 0.304203 0.229886 -0.474221
v 0.300097 0.230912 -0.474307
v 0.299054 0.226845 -0.473805
v 0.303160 0.225819 -0.473719
v 0.304598 0.225296 -0.463862
v 0.298516 0.225402 -0.463986
v 0.298658 0.231435 -0.463738
v 0.304740 0.231329 -0.463614
v 0.054255 0.011384 -0.494499
v 0.054433 0.005889 -0.495555
v 0.054887 0.009793 -0.497449
v 0.053602 0.008296 -0.492671
v 0.234614 0.010203 0.161040
v 0.243368 0.018648 0.161472
v 0.256213 0.019350 0.266381
v 0.227320 0.018647 0.165909
v 0.273412 0.019408 0.261738
v 0.264815 0.019752 0.264000
v 0.235414 0.003790 0.163879
v 0.263365 0.003790 0.263507
v 0.254920 0.003790 0.265842
v 0.227439 0.003790 0.166084
v 0.271818 0.003790 0.261170
v 0.243391 0.003790 0.161674
v 0.249275 0.032816 0.213329
v 0.254044 0.031839 0.229489
v 0.248782 0.002968 0.211653
v 0.253858 0.002968 0.229798
v 0.230154 0.021269 0.251697
v 0.237660 0.018871 0.265642
v 0.246930 0.018642 0.268372
v 0.218739 0.018016 0.168874
v 0.212845 0.018362 0.175945
v 0.214005 0.020838 0.190807
v 0.282230 0.018644 0.258732
v 0.287679 0.018328 0.250636
v 0.285957 0.021285 0.235293
v 0.267693 0.020779 0.175954
v 0.260973 0.018330 0.162635
v 0.252248 0.018014 0.159609
v 0.221811 0.025005 0.221005
v 0.248409 0.027648 0.179405
v 0.244406 0.021711 0.165046
v 0.281285 0.024171 0.220543
v 0.250550 0.028234 0.247664
v 0.255157 0.022354 0.262789
v 0.225908 0.024157 0.236492
v 0.276658 0.024950 0.205521
v 0.232279 0.027644 0.183865
v 0.228274 0.021709 0.169507
v 0.267629 0.028211 0.243024
v 0.272430 0.022397 0.258152
v 0.259086 0.028608 0.245268
v 0.263815 0.022760 0.260357
v 0.245599 0.031463 0.231846
v 0.240923 0.032445 0.215648
v 0.262489 0.031466 0.227239
v 0.257619 0.032453 0.211065
v 0.221632 0.003790 0.220945
v 0.225369 0.003790 0.235459
v 0.281200 0.003790 0.219980
v 0.276865 0.003790 0.205653
v 0.237257 0.003173 0.170465
v 0.234817 0.005804 0.161749
v 0.261456 0.003173 0.256908
v 0.264181 0.005905 0.265690
v 0.236546 0.003790 0.263042
v 0.245974 0.003790 0.267478
v 0.229330 0.003790 0.249908
v 0.219430 0.003790 0.169136
v 0.214080 0.003790 0.177664
v 0.214488 0.003790 0.191997
v 0.267941 0.003790 0.177209
v 0.260847 0.003790 0.164734
v 0.251836 0.003790 0.160177
v 0.280333 0.003790 0.257971
v 0.286036 0.003790 0.249314
v 0.285325 0.003790 0.234364
v 0.255652 0.005856 0.268044
v 0.247921 0.003420 0.263463
v 0.228677 0.003173 0.172875
v 0.226866 0.005762 0.163947
v 0.270490 0.003173 0.254372
v 0.272727 0.005866 0.263324
v 0.242768 0.005762 0.159551
v 0.245858 0.003173 0.168124
v 0.237788 0.002968 0.214706
v 0.242735 0.002968 0.232814
v 0.259786 0.002968 0.208624
v 0.264953 0.002968 0.226671
v 0.241317 0.027159 0.249985
v 0.238418 0.020442 0.264300
v 0.245862 0.021467 0.265104
v 0.232354 0.024097 0.250081
v 0.223455 0.026561 0.186514
v 0.219566 0.020884 0.172232
v 0.214095 0.019931 0.176719
v 0.216228 0.023444 0.190401
v 0.276618 0.027109 0.240312
v 0.281319 0.021507 0.255466
v 0.286357 0.020226 0.249805
v 0.283523 0.024181 0.234991
v 0.257314 0.026566 0.177151
v 0.265560 0.023414 0.176753
v 0.260293 0.019909 0.163941
v 0.253264 0.020886 0.162914
v 0.236519 0.030322 0.234199
v 0.228184 0.026880 0.234980
v 0.231988 0.031282 0.218049
v 0.224037 0.027624 0.219642
v 0.266484 0.031300 0.208552
v 0.274048 0.027610 0.205504
v 0.271424 0.030334 0.224623
v 0.278639 0.026939 0.220413
v 0.220535 0.006595 0.221616
v 0.224462 0.003175 0.218632
v 0.228157 0.003178 0.232940
v 0.224376 0.006489 0.236606
v 0.282628 0.006475 0.220373
v 0.277508 0.003178 0.219277
v 0.273242 0.003175 0.205136
v 0.278138 0.006582 0.205627
v 0.243866 0.003173 0.262944
v 0.246447 0.005791 0.269682
v 0.231265 0.003157 0.247425
v 0.228583 0.006142 0.251472
v 0.237091 0.003333 0.260966
v 0.236234 0.005934 0.264927
v 0.216855 0.003166 0.191685
v 0.213155 0.006106 0.191452
v 0.220014 0.003173 0.174059
v 0.218532 0.005709 0.167157
v 0.215551 0.003333 0.179155
v 0.212774 0.005875 0.176364
v 0.282364 0.003157 0.233266
v 0.286805 0.006111 0.235191
v 0.279664 0.003173 0.253045
v 0.281463 0.005787 0.259976
v 0.284443 0.003333 0.247854
v 0.287508 0.005809 0.250589
v 0.253893 0.003173 0.164692
v 0.251573 0.005708 0.158021
v 0.265753 0.003166 0.178158
v 0.268795 0.006094 0.176060
v 0.260362 0.003333 0.166765
v 0.261286 0.005869 0.162951
v 0.235136 0.018992 0.163748
v 0.264250 0.019740 0.264157
v 0.234882 0.003790 0.164027
v 0.262802 0.003790 0.263663
v 0.248728 0.032806 0.213481
v 0.253491 0.031829 0.229643
v 0.248166 0.002968 0.211823
v 0.253234 0.002968 0.229969
v 0.240142 0.028003 0.181691
v 0.236135 0.022064 0.167333
v 0.258527 0.028598 0.245424
v 0.263251 0.022748 0.260515
v 0.236709 0.003173 0.170617
v 0.234561 0.005803 0.161820
v 0.260878 0.003173 0.257066
v 0.263614 0.005903 0.265846
v 0.235557 0.018992 0.163632
v 0.265380 0.019744 0.263846
v 0.235947 0.003790 0.163732
v 0.263929 0.003790 0.263352
v 0.249822 0.032807 0.213179
v 0.254596 0.031829 0.229338
v 0.249398 0.002968 0.211483
v 0.254481 0.002968 0.229624
v 0.240563 0.028003 0.181574
v 0.236556 0.022065 0.167217
v 0.259644 0.028598 0.245115
v 0.264379 0.022751 0.260204
v 0.237806 0.003173 0.170314
v 0.235073 0.005803 0.161678
v 0.262033 0.003173 0.256747
v 0.264747 0.005904 0.265533
v 0.236433 0.031234 0.198958
v 0.252678 0.031238 0.194467
v 0.254275 0.002968 0.189741
v 0.232698 0.002968 0.195707
v 0.243461 0.002968 0.192638
v 0.217629 0.023918 0.205158
v 0.272043 0.023857 0.190110
v 0.217710 0.003790 0.205951
v 0.272437 0.003790 0.190820
v 0.227494 0.030077 0.201451
v 0.219856 0.026463 0.203900
v 0.261603 0.030083 0.192020
v 0.269462 0.026432 0.190179
v 0.216494 0.006473 0.206145
v 0.220569 0.003173 0.203746
v 0.268843 0.003173 0.190399
v 0.273575 0.006461 0.190363
v 0.244351 0.031594 0.196769
v 0.242855 0.002968 0.192808
v 0.244775 0.031594 0.196652
v 0.244070 0.002968 0.192472
v 0.240307 0.027495 0.181463
v 0.236399 0.021678 0.167470
v 0.235400 0.018605 0.163885
v 0.240095 0.027485 0.181521
v 0.236611 0.021669 0.167411
v 0.235191 0.018596 0.163943
v 0.236189 0.021669 0.167528
v 0.235612 0.018596 0.163826
v 0.240516 0.027485 0.181405
v 0.244629 0.030890 0.196128
v 0.244420 0.030899 0.196186
v 0.244205 0.030889 0.196245
v 0.236420 0.031353 0.199427
v 0.252934 0.031357 0.194861
v 0.254530 0.002968 0.190602
v 0.232927 0.002968 0.196575
v 0.243705 0.002968 0.193508
v 0.244686 0.031722 0.197142
v 0.217726 0.024022 0.205532
v 0.272155 0.023960 0.190480
v 0.217843 0.003790 0.206453
v 0.272584 0.003790 0.191318
v 0.219963 0.026576 0.204312
v 0.261730 0.030202 0.192449
v 0.220723 0.003173 0.204333
v 0.273723 0.006472 0.190869
v 0.244144 0.031713 0.197291
v 0.244313 0.002968 0.193342
v 0.227609 0.030195 0.201883
v 0.269584 0.026546 0.190588
v 0.216629 0.006484 0.206655
v 0.269016 0.003173 0.190980
v 0.243098 0.002968 0.193678
v 0.245227 0.031713 0.196992
v 0.227644 0.029499 0.202009
v 0.227530 0.029380 0.201577
v 0.269620 0.025849 0.190713
v 0.269497 0.025736 0.190304
v 0.245263 0.031016 0.197117
v 0.244810 0.030897 0.196777
v 0.244548 0.030907 0.196647
v 0.244386 0.030897 0.196894
v 0.272079 0.023160 0.190235
v 0.261639 0.029386 0.192145
v 0.217665 0.023221 0.205284
v 0.219892 0.025766 0.204025
v 0.252714 0.030542 0.194592
v 0.236468 0.030538 0.199084
v 0.236455 0.030656 0.199552
v 0.252970 0.030660 0.194986
v 0.244722 0.031026 0.197267
v 0.217762 0.023325 0.205658
v 0.272191 0.023264 0.190605
v 0.219999 0.025879 0.204438
v 0.261765 0.029505 0.192574
v 0.244180 0.031016 0.197417
v 0.303574 0.203455 -0.466074
v 0.305654 0.204970 -0.465765
v 0.303767 0.206621 -0.465860
v 0.301688 0.205107 -0.466168
v 0.302297 0.205029 -0.469712
v 0.304376 0.206512 -0.470185
v 0.306263 0.205048 -0.469278
v 0.304183 0.203564 -0.468804
v 0.304682 0.197995 -0.479244
v 0.306120 0.199220 -0.480487
v 0.307758 0.197981 -0.479572
v 0.306320 0.196753 -0.478329
v 0.304696 0.172942 -0.493289
v 0.306089 0.173968 -0.494821
v 0.307766 0.172874 -0.493659
v 0.306374 0.171846 -0.492124
v 0.302740 0.144042 -0.497811
v 0.304130 0.144770 -0.499501
v 0.305806 0.143908 -0.498198
v 0.304417 0.143178 -0.496507
v 0.300216 0.115218 -0.497780
v 0.301574 0.115636 -0.499520
v 0.303273 0.115017 -0.498163
v 0.301915 0.114599 -0.496422
v 0.297296 0.086433 -0.494799
v 0.298621 0.086539 -0.496520
v 0.300346 0.086165 -0.495175
v 0.299019 0.086058 -0.493453
v 0.294306 0.057778 -0.491270
v 0.295638 0.057566 -0.492993
v 0.297358 0.057441 -0.491648
v 0.296025 0.057653 -0.489925
v 0.292849 0.044325 -0.491461
v 0.294213 0.044407 -0.493169
v 0.295906 0.044024 -0.491837
v 0.294541 0.043942 -0.490129
v 0.291570 0.033425 -0.494421
v 0.292984 0.033927 -0.496011
v 0.294632 0.033176 -0.494783
v 0.293217 0.032674 -0.493192
v 0.290337 0.024842 -0.499717
v 0.291807 0.025717 -0.501078
v 0.293402 0.024606 -0.500070
v 0.291932 0.023730 -0.498710
v 0.289020 0.018308 -0.506914
v 0.290543 0.019439 -0.507999
v 0.292080 0.018051 -0.507289
v 0.290558 0.016920 -0.506203
v 0.287494 0.011188 -0.515580
v 0.289060 0.012454 -0.516429
v 0.290542 0.010894 -0.516022
v 0.288976 0.009628 -0.515173
v 0.283257 0.005032 -0.535626
v 0.284873 0.006369 -0.536238
v 0.286246 0.004666 -0.536338
v 0.284630 0.003328 -0.535725
v 0.276593 0.003640 -0.556459
v 0.278184 0.004974 -0.557139
v 0.279428 0.003241 -0.557634
v 0.277837 0.001907 -0.556954
v 0.272041 0.003735 -0.566102
v 0.273563 0.005071 -0.566924
v 0.274720 0.003338 -0.567601
v 0.273198 0.002003 -0.566779
v 0.266525 0.004008 -0.574658
v 0.267904 0.005349 -0.575697
v 0.268941 0.003621 -0.576554
v 0.267562 0.002280 -0.575515
v 0.259932 0.004197 -0.581724
v 0.261069 0.005544 -0.583018
v 0.261939 0.003820 -0.584051
v 0.260801 0.002473 -0.582758
v 0.251278 0.004256 -0.587735
v 0.252112 0.005606 -0.589240
v 0.252761 0.003885 -0.590426
v 0.251927 0.002535 -0.588922
v 0.231511 0.004317 -0.594032
v 0.231767 0.005669 -0.595733
v 0.231970 0.003949 -0.597070
v 0.231715 0.002597 -0.595370
v 0.208512 0.004318 -0.594611
v 0.208412 0.005670 -0.596328
v 0.208342 0.003950 -0.597678
v 0.208442 0.002598 -0.595961
v 0.182554 0.004282 -0.591751
v 0.182321 0.005634 -0.593455
v 0.182150 0.003914 -0.594795
v 0.182382 0.002562 -0.593091
v 0.158806 0.005531 -0.587823
v 0.158599 0.006883 -0.589531
v 0.158447 0.005163 -0.590873
v 0.158654 0.003811 -0.589166
v 0.142108 0.006962 -0.586215
v 0.141963 0.008314 -0.587928
v 0.141858 0.006594 -0.589276
v 0.142003 0.005242 -0.587562
v 0.106959 0.004264 -0.585231
v 0.106865 0.005616 -0.586948
v 0.106798 0.003897 -0.588298
v 0.106891 0.002545 -0.586581
v 0.079483 0.004263 -0.578857
v 0.079029 0.005615 -0.580524
v 0.078678 0.003896 -0.581835
v 0.079132 0.002544 -0.580168
v 0.055204 0.004249 -0.564439
v 0.054407 0.005600 -0.565994
v 0.053786 0.003880 -0.567216
v 0.054583 0.002529 -0.565662
v 0.034035 0.004376 -0.545609
v 0.032941 0.005728 -0.546951
v 0.032087 0.004008 -0.548006
v 0.033180 0.002656 -0.546664
v 0.016235 0.004109 -0.523741
v 0.014893 0.005460 -0.524823
v 0.013843 0.003739 -0.525675
v 0.015185 0.002388 -0.524592
v 0.002882 0.006737 -0.499017
v 0.001345 0.008071 -0.499797
v 0.000141 0.006338 -0.500411
v 0.001678 0.005004 -0.499631
v -0.004109 0.007828 -0.471581
v -0.005791 0.009204 -0.472023
v -0.007107 0.007501 -0.472371
v -0.005426 0.006127 -0.471929
v -0.001790 0.003612 -0.443937
v -0.003572 0.005013 -0.443998
v -0.004967 0.003331 -0.444046
v -0.003186 0.001931 -0.443985
v 0.007840 0.004103 -0.417269
v 0.006133 0.005455 -0.416986
v 0.004796 0.003736 -0.416763
v 0.006503 0.002384 -0.417046
v -0.002817 0.004121 -0.314358
v -0.004619 0.005473 -0.314226
v -0.006031 0.003753 -0.314123
v -0.004229 0.002401 -0.314254
v -0.009441 0.004119 -0.280230
v -0.011177 0.005471 -0.280133
v -0.012538 0.003752 -0.280057
v -0.010802 0.002400 -0.280154
v -0.010565 0.004120 -0.245203
v -0.012282 0.005472 -0.245148
v -0.013628 0.003752 -0.245104
v -0.011911 0.002400 -0.245160
v -0.006313 0.004120 -0.193383
v -0.008018 0.005472 -0.193180
v -0.009355 0.003752 -0.193021
v -0.007650 0.002400 -0.193223
v 0.001030 0.004120 -0.131291
v -0.000682 0.005472 -0.131144
v -0.002024 0.003752 -0.131029
v -0.000312 0.002400 -0.131175
v 0.003255 0.004120 -0.091100
v 0.001537 0.005472 -0.091059
v 0.000190 0.003752 -0.091026
v 0.001908 0.002400 -0.091068
v 0.002860 0.004120 -0.033384
v 0.001142 0.005472 -0.033435
v -0.000205 0.003752 -0.033475
v 0.001512 0.002400 -0.033424
v 0.002091 0.004120 0.004525
v 0.000373 0.005472 0.004497
v -0.000975 0.003752 0.004474
v 0.000743 0.002400 0.004503
v 0.002063 0.004120 0.042440
v 0.000344 0.005472 0.042434
v -0.001004 0.003752 0.042429
v 0.000715 0.002400 0.042435
v 0.002401 0.004120 0.080355
v 0.000682 0.005472 0.080371
v -0.000666 0.003752 0.080384
v 0.001053 0.002400 0.080368
v 0.002689 0.007948 0.103130
v 0.000970 0.009300 0.103150
v -0.000378 0.007580 0.103165
v 0.001340 0.006228 0.103145
v 0.002845 0.009866 0.114697
v 0.001127 0.011218 0.114716
v -0.000221 0.009498 0.114731
v 0.001497 0.008146 0.114712
v 0.002994 0.009866 0.121064
v 0.001276 0.011218 0.121083
v -0.000072 0.009498 0.121098
v 0.001646 0.008146 0.121079
v 0.003171 0.009866 0.139072
v 0.001453 0.011218 0.139089
v 0.000104 0.009498 0.139103
v 0.001823 0.008146 0.139086
v -0.002087 0.009228 0.146418
v 0.002162 0.005885 0.146375
v 0.001247 0.013479 0.146384
v 0.005496 0.010136 0.146341
v 0.001654 0.007674 0.121162
v 0.001171 0.011690 0.121168
v 0.003417 0.009922 0.121143
v -0.000592 0.009442 0.121187
v 0.320278 0.204480 -0.471279
v 0.321917 0.206004 -0.471775
v 0.323341 0.204650 -0.470822
v 0.321702 0.203126 -0.470326
v 0.318495 0.177734 -0.490400
v 0.319995 0.178480 -0.491907
v 0.321588 0.177833 -0.490509
v 0.320089 0.177085 -0.489002
v 0.316779 0.161533 -0.494949
v 0.318274 0.161989 -0.496533
v 0.319872 0.161593 -0.495064
v 0.318377 0.161136 -0.493481
v 0.315901 0.127035 -0.496873
v 0.317358 0.127185 -0.498457
v 0.318955 0.126873 -0.496959
v 0.317519 0.126729 -0.495379
v 0.313258 0.092872 -0.492582
v 0.315169 0.092643 -0.494498
v 0.316807 0.092401 -0.493119
v 0.314492 0.092689 -0.491090
v 0.308581 0.059004 -0.487701
v 0.310038 0.058564 -0.489274
v 0.311622 0.058433 -0.487772
v 0.310165 0.058873 -0.486199
v 0.305017 0.043198 -0.486199
v 0.306495 0.042857 -0.487777
v 0.308016 0.042435 -0.486262
v 0.306538 0.042777 -0.484685
v 0.301577 0.030887 -0.487938
v 0.303184 0.031045 -0.489414
v 0.304573 0.030110 -0.488004
v 0.302965 0.029952 -0.486528
v 0.299304 0.021727 -0.494410
v 0.301057 0.022453 -0.495496
v 0.302315 0.021011 -0.494433
v 0.300563 0.020285 -0.493347
v 0.296687 0.008499 -0.518089
v 0.298535 0.009596 -0.518485
v 0.299693 0.007764 -0.518170
v 0.297846 0.006667 -0.517774
v 0.295521 0.004558 -0.533632
v 0.297379 0.005676 -0.533901
v 0.298518 0.003807 -0.533820
v 0.296660 0.002690 -0.533550
v 0.293900 0.004568 -0.550539
v 0.295761 0.005687 -0.550786
v 0.296882 0.003807 -0.550880
v 0.295021 0.002689 -0.550633
v 0.291433 0.004437 -0.567975
v 0.293284 0.005555 -0.568286
v 0.294383 0.003676 -0.568524
v 0.292532 0.002558 -0.568213
v 0.287716 0.004487 -0.585102
v 0.289533 0.005611 -0.585561
v 0.290602 0.003735 -0.585930
v 0.288785 0.002612 -0.585471
v 0.274987 0.004499 -0.615054
v 0.276520 0.005636 -0.616121
v 0.277469 0.003767 -0.616754
v 0.275936 0.002630 -0.615688
v 0.252658 0.004539 -0.633894
v 0.253310 0.005590 -0.635699
v 0.253979 0.003693 -0.636564
v 0.253327 0.002643 -0.634759
v 0.229827 0.004358 -0.638560
v 0.229760 0.005320 -0.640523
v 0.229933 0.003364 -0.641488
v 0.230000 0.002402 -0.639524
v 0.208921 0.004170 -0.634757
v 0.208256 0.005107 -0.636618
v 0.207949 0.003130 -0.637501
v 0.208615 0.002194 -0.635640
v 0.169646 0.004515 -0.609716
v 0.168432 0.005473 -0.611263
v 0.167741 0.003510 -0.611929
v 0.168954 0.002552 -0.610383
v 0.129352 0.004690 -0.575283
v 0.128123 0.005650 -0.576817
v 0.127517 0.003684 -0.577556
v 0.128745 0.002725 -0.576022
v 0.093102 0.004632 -0.543984
v 0.091719 0.005592 -0.545380
v 0.091049 0.003626 -0.546061
v 0.092432 0.002667 -0.544665
v 0.065828 0.004632 -0.511157
v 0.064197 0.005592 -0.512251
v 0.063406 0.003626 -0.512786
v 0.065037 0.002667 -0.511691
v 0.054271 0.004632 -0.491821
v 0.052540 0.005592 -0.492750
v 0.051701 0.003626 -0.493204
v 0.053431 0.002667 -0.492275
v 0.034101 0.004632 -0.445693
v 0.032263 0.005592 -0.446382
v 0.031370 0.003626 -0.446718
v 0.033209 0.002667 -0.446029
v 0.021869 0.004632 -0.396857
v 0.019947 0.005592 -0.397294
v 0.019013 0.003626 -0.397508
v 0.020935 0.002667 -0.397071
v 0.019642 0.004632 -0.346593
v 0.017674 0.005592 -0.346770
v 0.016719 0.003626 -0.346856
v 0.018686 0.002667 -0.346679
v 0.023902 0.004632 -0.296336
v 0.021921 0.005592 -0.296244
v 0.020959 0.003626 -0.296199
v 0.022939 0.002667 -0.296291
v 0.039560 0.004632 -0.248589
v 0.037589 0.005592 -0.248227
v 0.036631 0.003626 -0.248050
v 0.038602 0.002667 -0.248412
v 0.058453 0.004632 -0.201916
v 0.056586 0.005592 -0.201309
v 0.055679 0.003626 -0.201013
v 0.057546 0.002667 -0.201620
v 0.065354 0.004632 -0.175707
v 0.063420 0.005592 -0.175367
v 0.062480 0.003626 -0.175200
v 0.064414 0.002667 -0.175541
v 0.066762 0.004632 -0.147398
v 0.064807 0.005592 -0.147591
v 0.063857 0.003626 -0.147685
v 0.065812 0.002667 -0.147492
v 0.061146 0.004632 -0.122117
v 0.059277 0.005592 -0.122725
v 0.058369 0.003626 -0.123022
v 0.060237 0.002667 -0.122414
v 0.051942 0.004632 -0.098479
v 0.050129 0.005592 -0.099238
v 0.049248 0.003626 -0.099608
v 0.051061 0.002667 -0.098849
v 0.042537 0.004632 -0.074990
v 0.040680 0.005592 -0.075635
v 0.039777 0.003626 -0.075950
v 0.041634 0.002667 -0.075305
v 0.036225 0.004632 -0.050154
v 0.034279 0.005592 -0.050426
v 0.033333 0.003626 -0.050559
v 0.035278 0.002667 -0.050287
v 0.036240 0.004632 -0.022417
v 0.034297 0.005592 -0.022137
v 0.033352 0.003626 -0.022001
v 0.035295 0.002667 -0.022280
v 0.040547 0.004632 -0.003147
v 0.038667 0.005592 -0.002581
v 0.037752 0.003626 -0.002305
v 0.039632 0.002667 -0.002871
v 0.112461 0.004632 0.082898
v 0.110905 0.005592 0.084095
v 0.110148 0.003626 0.084679
v 0.111704 0.002667 0.083482
v 0.143153 0.004632 0.095574
v 0.142539 0.005592 0.096676
v 0.141807 0.003626 0.097214
v 0.142424 0.002667 0.096112
v 0.182585 0.004632 0.116599
v 0.180966 0.005592 0.117536
v 0.180011 0.003626 0.117993
v 0.181629 0.002667 0.117056
v 0.237047 0.007872 0.162292
v 0.235082 0.008832 0.162297
v 0.234126 0.006866 0.162300
v 0.236091 0.005907 0.162295
v 0.264953 0.013507 0.266333
v 0.265051 0.014006 0.266148
v 0.226707 0.013306 0.163464
v 0.226763 0.013765 0.163686
v 0.273519 0.013451 0.263963
v 0.273618 0.013938 0.263787
v 0.242705 0.013306 0.159097
v 0.242705 0.013765 0.159278
v 0.256422 0.013437 0.268677
v 0.256521 0.013922 0.268491
v 0.224237 0.014320 0.237115
v 0.224397 0.014976 0.237085
v 0.220444 0.015165 0.221795
v 0.220307 0.014477 0.221858
v 0.212898 0.014315 0.191242
v 0.212793 0.013773 0.191259
v 0.228610 0.013825 0.252217
v 0.228776 0.014380 0.252226
v 0.278418 0.014460 0.205600
v 0.278261 0.015145 0.205583
v 0.282812 0.014965 0.220475
v 0.282964 0.014308 0.220489
v 0.287168 0.014352 0.235405
v 0.287266 0.013796 0.235431
v 0.268989 0.013758 0.175712
v 0.268888 0.014298 0.175752
v 0.251610 0.013663 0.157688
v 0.251546 0.013224 0.157496
v 0.218266 0.013225 0.166697
v 0.218308 0.013664 0.166895
v 0.247259 0.013803 0.270173
v 0.247156 0.013341 0.270332
v 0.282297 0.013336 0.260559
v 0.282391 0.013798 0.260410
v 0.236875 0.014003 0.265780
v 0.236685 0.013522 0.265747
v 0.212408 0.013900 0.175937
v 0.212366 0.013437 0.175936
v 0.288204 0.013811 0.250930
v 0.288197 0.013355 0.250964
v 0.261361 0.013891 0.162402
v 0.261397 0.013429 0.162379
v 0.234464 0.013364 0.161319
v 0.234525 0.013835 0.161540
v 0.264486 0.014003 0.266304
v 0.264387 0.013505 0.266489
v 0.234945 0.013835 0.161424
v 0.234884 0.013364 0.161203
v 0.265519 0.013506 0.266176
v 0.265617 0.014004 0.265991
v 0.216202 0.014302 0.206177
v 0.216341 0.014952 0.206137
v 0.273682 0.014933 0.190282
v 0.273824 0.014285 0.190245
v 0.234796 0.013842 0.161705
v 0.234526 0.013367 0.161536
v 0.234587 0.013836 0.161756
v 0.235006 0.013836 0.161640
v 0.234945 0.013367 0.161420
v 0.216322 0.014318 0.206631
v 0.216444 0.014972 0.206532
v 0.273799 0.014953 0.190674
v 0.273958 0.014302 0.190695
v 0.264881 0.013509 0.266087
v 0.264979 0.014005 0.265902
v 0.226804 0.013308 0.163671
v 0.226859 0.013766 0.163892
v 0.273410 0.013453 0.263727
v 0.273508 0.013938 0.263552
v 0.242666 0.013309 0.159285
v 0.242732 0.013766 0.159504
v 0.256388 0.013439 0.268421
v 0.256486 0.013922 0.268236
v 0.224345 0.014318 0.236998
v 0.224504 0.014972 0.236968
v 0.220568 0.015159 0.221745
v 0.220432 0.014475 0.221807
v 0.213055 0.014314 0.191327
v 0.212951 0.013774 0.191344
v 0.228699 0.013826 0.252033
v 0.228863 0.014378 0.252042
v 0.278287 0.014457 0.205622
v 0.278131 0.015139 0.205605
v 0.282661 0.014961 0.220431
v 0.282813 0.014306 0.220445
v 0.286998 0.014350 0.235295
v 0.287096 0.013797 0.235321
v 0.268899 0.013759 0.175866
v 0.268800 0.014296 0.175905
v 0.251598 0.013665 0.157920
v 0.251534 0.013228 0.157729
v 0.218400 0.013228 0.166890
v 0.218442 0.013666 0.167087
v 0.247266 0.013803 0.269910
v 0.247163 0.013344 0.270068
v 0.282149 0.013339 0.260338
v 0.282243 0.013798 0.260190
v 0.236927 0.014003 0.265536
v 0.236738 0.013524 0.265503
v 0.212567 0.013900 0.176089
v 0.212526 0.013439 0.176088
v 0.288030 0.013811 0.250752
v 0.288023 0.013358 0.250786
v 0.261305 0.013891 0.162613
v 0.261341 0.013431 0.162591
v 0.264417 0.014003 0.266058
v 0.264318 0.013507 0.266242
v 0.265445 0.013508 0.265931
v 0.265542 0.014004 0.265747
v 0.216345 0.014300 0.206196
v 0.216483 0.014948 0.206156
v 0.273572 0.014929 0.190371
v 0.273714 0.014284 0.190334
v 0.216464 0.014317 0.206648
v 0.216586 0.014968 0.206550
v 0.273689 0.014949 0.190761
v 0.273847 0.014300 0.190782
v -0.390258 0.099649 -0.415979
v -0.388924 0.103468 -0.416683
v -0.385206 0.101790 -0.417388
v -0.386541 0.097971 -0.416684
v 0.305786 0.221169 -0.463724
v 0.297605 0.221260 -0.463889
v 0.297744 0.234799 -0.463876
v 0.305926 0.234707 -0.463711
v 0.305786 0.221169 -0.459199
v 0.297605 0.221260 -0.459364
v 0.297744 0.234799 -0.460320
v 0.305926 0.234707 -0.460156
v 0.303387 0.200377 -0.466147
v 0.309510 0.204838 -0.465628
v 0.303954 0.209697 -0.465788
v 0.297832 0.205241 -0.466304
v 0.303387 0.200377 -0.459728
v 0.309510 0.204838 -0.459210
v 0.303954 0.209697 -0.459369
v 0.297832 0.205241 -0.459886
v 0.307892 0.208113 -0.465708
v 0.299449 0.201964 -0.466226
v 0.299840 0.208390 -0.466046
v 0.307501 0.201686 -0.465887
v 0.307892 0.208113 -0.459290
v 0.299449 0.201964 -0.459807
v 0.299840 0.208390 -0.459628
v 0.307501 0.201686 -0.459469
v 0.321558 0.203455 -0.466074
v 0.323638 0.204970 -0.465765
v 0.321751 0.206621 -0.465860
v 0.319672 0.205107 -0.466168
v 0.319672 0.205029 -0.469712
v 0.321751 0.206512 -0.470185
v 0.323638 0.205048 -0.469278
v 0.321558 0.203564 -0.468804
v 0.321371 0.200377 -0.466147
v 0.327493 0.204838 -0.465628
v 0.321938 0.209697 -0.465788
v 0.315816 0.205241 -0.466304
v 0.321371 0.200377 -0.459728
v 0.327494 0.204838 -0.459210
v 0.321938 0.209697 -0.459369
v 0.315816 0.205241 -0.459886
v 0.325876 0.208113 -0.465708
v 0.317433 0.201964 -0.466226
v 0.317824 0.208390 -0.466046
v 0.325485 0.201686 -0.465888
v 0.325876 0.208113 -0.459290
v 0.317433 0.201964 -0.459807
v 0.317824 0.208390 -0.459628
v 0.325485 0.201686 -0.459469
v -0.388446 0.099034 -0.408383
v -0.388675 0.104488 -0.409088
v -0.384598 0.104360 -0.409793
v -0.384370 0.098906 -0.409088
v -0.389333 0.104689 -0.411381
v -0.389576 0.099302 -0.410677
v -0.385608 0.098705 -0.411382
v -0.385364 0.104093 -0.412086
v -0.391565 0.099130 -0.407874
v -0.392351 0.104584 -0.408579
v -0.392168 0.099397 -0.410168
v -0.392482 0.104784 -0.410872
v -0.381336 0.104258 -0.410341
v -0.381675 0.098804 -0.409637
v -0.381575 0.103991 -0.412634
v -0.382387 0.098604 -0.411930
v 0.220555 0.005397 0.140982
v 0.228830 0.006127 0.149113
v 0.218394 0.006354 0.141362
v 0.226785 0.007095 0.149453
v 0.225642 0.005131 0.149599
v 0.217163 0.004388 0.141550
v 0.227683 0.004163 0.149259
v 0.219321 0.003430 0.141169
v 0.060974 0.004632 0.038180
v 0.049772 0.004632 0.018027
v 0.047938 0.005592 0.018729
v 0.059183 0.005592 0.039020
v 0.058312 0.003626 0.039431
v 0.047046 0.003626 0.019071
v 0.048880 0.002667 0.018370
v 0.060103 0.002667 0.038590
v 0.074651 0.004632 0.056765
v 0.092187 0.004632 0.071567
v 0.090507 0.005592 0.072693
v 0.072905 0.005592 0.057751
v 0.072055 0.003626 0.058232
v 0.089690 0.003626 0.073242
v 0.091370 0.002667 0.072116
v 0.073801 0.002667 0.057246
v 0.011712 0.004117 -0.382662
v 0.006745 0.004121 -0.348079
v 0.004940 0.005473 -0.347901
v 0.009988 0.005469 -0.382426
v 0.008637 0.003749 -0.382240
v 0.003525 0.003753 -0.347760
v 0.010361 0.002397 -0.382476
v 0.005331 0.002401 -0.347939
v -0.451383 0.153495 -0.131668
v -0.035637 0.153495 -0.208045
v -0.453430 0.462622 -0.156907
v -0.455897 0.460058 -0.156241
v -0.455190 0.461871 -0.156521
v -0.467007 0.378024 -0.430062
v -0.466300 0.379836 -0.430342
v -0.127069 0.378333 -0.492537
v -0.127747 0.379927 -0.492545
v -0.042427 0.462622 -0.232412
v -0.040156 0.460367 -0.232642
v -0.040835 0.461961 -0.232650
v -0.129339 0.380587 -0.492307
v -0.123703 0.149763 -0.474216
v -0.463646 0.149763 -0.411765
v -0.464540 0.380587 -0.430728
v -0.128830 0.000060 -0.377067
v -0.116718 0.000060 -0.146872
v -0.120179 0.000060 -0.212642
v -0.123639 0.000060 -0.278412
v -0.127100 0.000060 -0.344182
v -0.414254 0.000060 -0.291430
v -0.394112 0.000060 -0.228724
v -0.373970 0.000060 -0.166018
v -0.353829 0.000060 -0.103313
v -0.424324 0.000060 -0.322783
v -0.418688 0.002338 -0.323818
v -0.402635 0.004269 -0.326767
v -0.150519 0.004269 -0.373083
v -0.134467 0.002338 -0.376032
v -0.343758 0.000060 -0.071960
v -0.322069 0.004269 -0.075944
v -0.338121 0.002338 -0.072995
v -0.114988 0.000060 -0.113987
v -0.120625 0.002338 -0.112951
v -0.136677 0.004269 -0.110002
v -0.127100 0.010605 -0.344182
v -0.148789 0.015038 -0.340198
v -0.132737 0.013004 -0.343147
v -0.123639 0.020092 -0.278412
v -0.145328 0.024525 -0.274428
v -0.129276 0.022491 -0.277377
v -0.120179 0.020092 -0.212642
v -0.141868 0.024525 -0.208658
v -0.125816 0.022491 -0.211607
v -0.116718 0.010605 -0.146872
v -0.122355 0.013004 -0.145837
v -0.138407 0.015038 -0.142888
v -0.353829 0.010605 -0.103313
v -0.332139 0.015038 -0.107297
v -0.348192 0.013004 -0.104348
v -0.373970 0.020092 -0.166018
v -0.352281 0.024525 -0.170003
v -0.368333 0.022491 -0.167054
v -0.394112 0.020092 -0.228724
v -0.372423 0.024525 -0.232708
v -0.388475 0.022491 -0.229760
v -0.414254 0.010605 -0.291430
v -0.408617 0.013004 -0.292465
v -0.392565 0.015038 -0.295414
v -0.276577 0.006013 -0.349925
v -0.270677 0.016874 -0.317806
v -0.229373 0.006013 -0.092973
v -0.235273 0.016874 -0.125092
v -0.258876 0.026361 -0.253568
v -0.247075 0.026361 -0.189330
v -0.030704 0.113337 -0.130316
v -0.428342 0.113337 -0.057266
v -0.035863 0.463734 -0.158402
v -0.433502 0.463734 -0.085352
v -0.227849 0.114092 -0.084676
v -0.031609 0.289291 -0.135245
v -0.429248 0.289291 -0.062195
v -0.233008 0.464489 -0.112763
v -0.229018 0.289927 -0.091040
v -0.327647 0.113917 -0.068528
v -0.033287 0.376715 -0.144380
v -0.430926 0.376715 -0.071330
v -0.332806 0.464314 -0.096615
v -0.128827 0.113917 -0.105053
v -0.030708 0.201516 -0.130337
v -0.428346 0.201516 -0.057287
v -0.133987 0.464314 -0.133139
v -0.328762 0.289776 -0.074598
v -0.129942 0.289776 -0.111123
v -0.228062 0.202177 -0.085838
v -0.230642 0.377376 -0.099882
v -0.131578 0.377220 -0.120026
v -0.128998 0.202021 -0.105983
v -0.327818 0.202021 -0.069458
v -0.330397 0.377220 -0.083501
v -0.450114 0.067302 -0.124759
v -0.034368 0.067302 -0.201136
v -0.033123 0.112246 -0.143485
v -0.430762 0.112246 -0.070435
v -0.437317 0.072814 -0.055039
v -0.451383 0.153495 -0.131668
v -0.035637 0.153495 -0.208045
v -0.408759 0.206227 -0.426527
v -0.180253 0.206227 -0.468506
v -0.034248 0.188644 -0.149608
v -0.431887 0.188644 -0.076558
v -0.456447 0.085842 -0.402274
v -0.457395 0.150202 -0.407432
v -0.127058 0.085842 -0.462786
v -0.128006 0.150202 -0.467945
v -0.001853 0.091196 -0.121101
v 0.001784 0.084716 -0.126065
v 0.000861 0.088391 -0.122014
v 0.002192 0.086019 -0.123832
v -0.452034 0.091196 -0.038398
v -0.457316 0.084808 -0.041531
v -0.454912 0.088403 -0.038259
v -0.456845 0.086065 -0.039405
v -0.003126 0.177690 -0.128034
v 0.002032 0.174304 -0.133747
v -0.000221 0.176144 -0.129115
v 0.001667 0.174904 -0.131206
v -0.460140 0.174313 -0.048726
v -0.453308 0.177690 -0.045331
v -0.458906 0.174909 -0.046537
v -0.456405 0.176145 -0.045295
v -0.198643 0.127633 -0.445257
v -0.198379 0.109660 -0.443817
v -0.223710 0.127633 -0.440652
v -0.223446 0.109660 -0.439211
v -0.308693 0.060644 -0.214832
v -0.262505 0.062598 -0.273263
v -0.208397 0.059261 -0.197940
v -0.298839 0.062026 -0.251961
v -0.307628 0.018079 -0.209033
v -0.219899 0.018201 -0.260548
v -0.197477 0.018079 -0.229269
v -0.261460 0.018252 -0.267573
v -0.243674 0.017906 -0.170724
v -0.207318 0.017957 -0.192063
v -0.285206 0.017957 -0.177754
v -0.297787 0.018201 -0.246239
v -0.319896 0.073586 -0.212443
v -0.214211 0.075670 -0.274399
v -0.187221 0.073586 -0.236817
v -0.264263 0.076534 -0.282822
v -0.242889 0.070639 -0.166433
v -0.199091 0.071502 -0.192096
v -0.292906 0.071502 -0.174861
v -0.308026 0.075670 -0.257164
v -0.220950 0.062026 -0.266270
v -0.198542 0.060644 -0.235068
v -0.244760 0.058689 -0.176633
v -0.286286 0.059261 -0.183631
v -0.418688 0.000060 -0.323818
v -0.402635 0.000060 -0.326767
v -0.150519 0.000060 -0.373083
v -0.134467 0.000060 -0.376032
v -0.322069 0.000060 -0.075944
v -0.338121 0.000060 -0.072995
v -0.120625 0.000060 -0.112951
v -0.136677 0.000060 -0.110002
v -0.276577 0.000060 -0.349925
v -0.229373 0.000060 -0.092973
v -0.270677 0.000060 -0.317806
v -0.258876 0.000060 -0.253568
v -0.247075 0.000060 -0.189330
v -0.235273 0.000060 -0.125092
v -0.138407 0.000060 -0.142888
v -0.141868 0.000060 -0.208658
v -0.145328 0.000060 -0.274428
v -0.148789 0.000060 -0.340198
v -0.122355 0.000060 -0.145837
v -0.125816 0.000060 -0.211607
v -0.129276 0.000060 -0.277377
v -0.132737 0.000060 -0.343147
v -0.392565 0.000060 -0.295414
v -0.372423 0.000060 -0.232708
v -0.352281 0.000060 -0.170003
v -0.332139 0.000060 -0.107297
v -0.408617 0.000060 -0.292465
v -0.388475 0.000060 -0.229760
v -0.368333 0.000060 -0.167054
v -0.348192 0.000060 -0.104348
v -0.028917 0.114142 -0.120591
v -0.025802 0.112030 -0.118427
v -0.027817 0.113608 -0.118938
v -0.428699 0.112030 -0.044411
v -0.426556 0.114143 -0.047541
v -0.426996 0.113608 -0.045605
v -0.026942 0.189438 -0.124632
v -0.030042 0.190541 -0.126715
v -0.028947 0.190302 -0.125085
v -0.427681 0.190541 -0.053665
v -0.429839 0.189438 -0.050616
v -0.428126 0.190302 -0.051753
v -0.472736 0.079175 -0.117678
v -0.469700 0.077016 -0.121966
v -0.472162 0.078428 -0.120486
v -0.015046 0.077016 -0.205490
v -0.010687 0.079171 -0.202560
v -0.012219 0.078427 -0.204981
v -0.474113 0.168010 -0.124785
v -0.471002 0.165394 -0.129050
v -0.473487 0.167115 -0.127591
v -0.016347 0.165394 -0.212574
v -0.011920 0.168010 -0.209694
v -0.013503 0.167115 -0.212094
v -0.453742 0.088374 -0.402980
v -0.451004 0.090736 -0.401339
v -0.451977 0.089967 -0.402751
v -0.454615 0.147671 -0.407733
v -0.451813 0.145682 -0.405743
v -0.452805 0.146187 -0.407257
v -0.132622 0.145681 -0.464381
v -0.130711 0.147671 -0.467238
v -0.132234 0.146187 -0.466150
v -0.129838 0.088374 -0.462485
v -0.131813 0.090736 -0.459977
v -0.131406 0.089967 -0.461643
v -0.444564 0.067302 -0.125779
v -0.446004 0.153541 -0.132084
v -0.040812 0.153541 -0.206522
v -0.021523 0.072814 -0.131424
v -0.039959 0.067302 -0.200109
v -0.025240 0.062036 -0.133823
v -0.021401 0.064503 -0.130758
v -0.023098 0.062422 -0.131816
v -0.434696 0.062037 -0.058602
v -0.437195 0.064503 -0.054372
v -0.435985 0.062422 -0.055965
v -0.034154 0.058016 -0.182347
v -0.032041 0.059707 -0.188636
v -0.032342 0.058424 -0.185337
v -0.447825 0.059707 -0.112253
v -0.443610 0.058016 -0.107126
v -0.446368 0.058424 -0.109277
v -0.453430 0.462622 -0.156907
v -0.455897 0.460058 -0.156241
v -0.455190 0.461871 -0.156521
v -0.467007 0.378024 -0.430062
v -0.409202 0.324124 -0.436215
v -0.466300 0.379836 -0.430342
v -0.183142 0.324124 -0.477744
v -0.127069 0.378333 -0.492537
v -0.127747 0.379927 -0.492545
v -0.038249 0.460389 -0.171390
v -0.040520 0.462643 -0.171160
v -0.038928 0.461983 -0.171398
v -0.433417 0.462643 -0.098981
v -0.435884 0.460080 -0.098316
v -0.435177 0.461892 -0.098596
v -0.002624 0.490530 -0.159094
v -0.004895 0.492784 -0.158864
v -0.003303 0.492124 -0.159101
v -0.009932 0.487894 -0.152487
v -0.007661 0.485640 -0.152718
v -0.008340 0.487234 -0.152725
v -0.005244 0.492276 -0.156235
v -0.002973 0.490022 -0.156465
v -0.003652 0.491616 -0.156472
v -0.007087 0.490486 -0.153901
v -0.004817 0.488232 -0.154131
v -0.005495 0.489826 -0.154138
v -0.457838 0.485331 -0.069990
v -0.455371 0.487894 -0.070656
v -0.457131 0.487143 -0.070270
v -0.462346 0.492785 -0.074826
v -0.464812 0.490221 -0.074159
v -0.464106 0.492034 -0.074440
v -0.458533 0.490486 -0.070966
v -0.460999 0.487923 -0.070300
v -0.460292 0.489736 -0.070581
v -0.461085 0.492276 -0.072492
v -0.463552 0.489713 -0.071826
v -0.462845 0.491526 -0.072107
v -0.030997 0.464806 -0.146704
v -0.033267 0.467061 -0.146474
v -0.031675 0.466400 -0.146712
v -0.036314 0.464540 -0.148267
v -0.034044 0.462286 -0.148497
v -0.034723 0.463880 -0.148505
v -0.032964 0.463108 -0.146953
v -0.035235 0.465363 -0.146722
v -0.033643 0.464702 -0.146960
v -0.431423 0.467061 -0.073329
v -0.433889 0.464497 -0.072664
v -0.433182 0.466310 -0.072944
v -0.431678 0.461977 -0.075423
v -0.429211 0.464540 -0.076088
v -0.430971 0.463789 -0.075703
v -0.432138 0.462799 -0.073595
v -0.429672 0.465363 -0.074261
v -0.431432 0.464612 -0.073875
v -0.473165 0.482356 -0.154917
v -0.475631 0.479793 -0.154251
v -0.474925 0.481606 -0.154531
v -0.478764 0.483928 -0.150108
v -0.476298 0.486491 -0.150773
v -0.478058 0.485740 -0.150388
v -0.478133 0.482588 -0.152878
v -0.475666 0.485151 -0.153544
v -0.477426 0.484400 -0.153158
v -0.018847 0.486491 -0.234811
v -0.016577 0.484237 -0.235042
v -0.017255 0.485831 -0.235049
v -0.020982 0.480102 -0.237800
v -0.023252 0.482356 -0.237570
v -0.021661 0.481696 -0.237807
v -0.018153 0.482897 -0.237406
v -0.020423 0.485151 -0.237176
v -0.018831 0.484491 -0.237413
v -0.042427 0.462622 -0.232412
v -0.040156 0.460367 -0.232642
v -0.040835 0.461961 -0.232650
v -0.135364 0.374264 -0.490676
v -0.130036 0.156086 -0.473577
v -0.457499 0.156086 -0.413419
v -0.458343 0.374264 -0.431342
v -0.125402 0.265175 -0.483467
v -0.129339 0.380587 -0.492307
v -0.123703 0.149763 -0.474216
v -0.463646 0.149763 -0.411765
v -0.465345 0.265175 -0.421016
v -0.464540 0.380587 -0.430728
v -0.130842 0.091174 -0.454692
v -0.131651 0.146119 -0.459096
v -0.198668 0.110554 -0.441474
v -0.198912 0.127116 -0.442801
v -0.222586 0.127116 -0.438452
v -0.222342 0.110554 -0.437124
v -0.197961 0.109849 -0.441545
v -0.198226 0.127821 -0.442986
v -0.223293 0.127821 -0.438380
v -0.223028 0.109849 -0.436940
v -0.200560 0.111968 -0.443098
v -0.221152 0.111968 -0.439315
v -0.198996 0.110407 -0.443256
v -0.199239 0.126968 -0.444584
v -0.222670 0.110407 -0.438907
v -0.199551 0.112423 -0.437609
v -0.220143 0.112423 -0.433826
v -0.200691 0.120879 -0.443812
v -0.205225 0.125406 -0.443354
v -0.216882 0.125406 -0.441213
v -0.221283 0.120879 -0.440029
v -0.222914 0.126968 -0.440234
v -0.204217 0.125861 -0.437865
v -0.199683 0.121333 -0.438323
v -0.220274 0.121333 -0.434540
v -0.215873 0.125861 -0.435724
v -0.209429 0.122732 -0.436661
v -0.209388 0.119935 -0.436412
v -0.210569 0.122732 -0.436451
v -0.210528 0.119935 -0.436203
v -0.210431 0.119416 -0.442088
v -0.210472 0.122213 -0.442336
v -0.211570 0.119416 -0.441878
v -0.211611 0.122213 -0.442126
v -0.215058 0.118469 -0.435237
v -0.215017 0.115671 -0.434989
v -0.216198 0.118469 -0.435027
v -0.216157 0.115671 -0.434779
v -0.216060 0.115152 -0.440664
v -0.216101 0.117950 -0.440912
v -0.217199 0.115152 -0.440454
v -0.217240 0.117950 -0.440703
v -0.203662 0.118469 -0.437330
v -0.203621 0.115671 -0.437082
v -0.204801 0.118469 -0.437121
v -0.204761 0.115671 -0.436873
v -0.204664 0.115152 -0.442757
v -0.204704 0.117950 -0.443006
v -0.205803 0.115152 -0.442548
v -0.205844 0.117950 -0.442796
v -0.290438 0.091174 -0.425373
v -0.291247 0.146119 -0.429777
v -0.450842 0.146119 -0.400457
v -0.450033 0.091174 -0.396053
v -0.322663 0.105156 -0.414139
v -0.322923 0.122801 -0.415553
v -0.354260 0.122801 -0.409796
v -0.354001 0.105156 -0.408382
v -0.330671 0.110757 -0.413132
v -0.328324 0.113074 -0.413755
v -0.329022 0.111432 -0.413491
v -0.328350 0.114884 -0.413900
v -0.330765 0.117201 -0.413649
v -0.329097 0.116525 -0.413899
v -0.346253 0.117201 -0.410803
v -0.348600 0.114884 -0.410180
v -0.347901 0.116525 -0.410445
v -0.348574 0.113074 -0.410035
v -0.346158 0.110757 -0.410287
v -0.347826 0.111432 -0.410036
v -0.329091 0.112728 -0.417931
v -0.331438 0.110411 -0.417308
v -0.329790 0.111086 -0.417667
v -0.331533 0.116855 -0.417825
v -0.329117 0.114538 -0.418076
v -0.329865 0.116179 -0.418075
v -0.349367 0.114538 -0.414356
v -0.347020 0.116855 -0.414979
v -0.348668 0.116179 -0.414621
v -0.346925 0.110411 -0.414463
v -0.349341 0.112728 -0.414211
v -0.348593 0.111086 -0.414212
v -0.355054 0.104681 -0.414117
v -0.355622 0.104148 -0.414473
v -0.355257 0.104508 -0.414422
v -0.355897 0.122779 -0.415966
v -0.355314 0.122326 -0.415531
v -0.355522 0.122442 -0.415859
v -0.323977 0.122326 -0.421288
v -0.323039 0.123031 -0.422023
v -0.323739 0.122516 -0.421704
v -0.322585 0.104148 -0.420542
v -0.323717 0.104681 -0.419874
v -0.323422 0.104508 -0.420270
v -0.349666 0.114444 -0.409513
v -0.349521 0.113462 -0.409458
v -0.349464 0.113970 -0.409511
v -0.351040 0.114622 -0.409275
v -0.350073 0.114754 -0.409464
v -0.350576 0.114820 -0.409377
v -0.351195 0.113233 -0.409131
v -0.351341 0.114214 -0.409186
v -0.351398 0.113706 -0.409134
v -0.349822 0.113054 -0.409369
v -0.350789 0.112922 -0.409180
v -0.350286 0.112857 -0.409267
v -0.350552 0.114444 -0.414333
v -0.350407 0.113462 -0.414278
v -0.350350 0.113970 -0.414331
v -0.351925 0.114622 -0.414095
v -0.350959 0.114754 -0.414284
v -0.351461 0.114820 -0.414197
v -0.352081 0.113233 -0.413951
v -0.352226 0.114214 -0.414006
v -0.352283 0.113706 -0.413953
v -0.350707 0.113054 -0.414189
v -0.351674 0.112922 -0.414000
v -0.351171 0.112857 -0.414087
v -0.325331 0.114444 -0.413983
v -0.325186 0.113462 -0.413929
v -0.325129 0.113970 -0.413981
v -0.326705 0.114622 -0.413746
v -0.325738 0.114754 -0.413934
v -0.326241 0.114820 -0.413847
v -0.326861 0.113233 -0.413602
v -0.327006 0.114214 -0.413657
v -0.327063 0.113706 -0.413604
v -0.325487 0.113054 -0.413840
v -0.326454 0.112922 -0.413651
v -0.325951 0.112857 -0.413738
v -0.326217 0.114444 -0.418803
v -0.326072 0.113462 -0.418748
v -0.326015 0.113970 -0.418801
v -0.327590 0.114622 -0.418566
v -0.326624 0.114754 -0.418754
v -0.327127 0.114820 -0.418667
v -0.327746 0.113233 -0.418422
v -0.327891 0.114214 -0.418477
v -0.327948 0.113706 -0.418424
v -0.326373 0.113054 -0.418659
v -0.327339 0.112922 -0.418471
v -0.326836 0.112857 -0.418558
v -0.435885 0.008604 0.191303
v -0.435916 0.008604 0.174388
v -0.419009 0.008604 0.191303
v -0.419040 0.008604 0.174388
v -0.399451 0.008604 0.191303
v -0.399483 0.008604 0.174388
v -0.382574 0.008604 0.191303
v -0.382607 0.008604 0.174388
v -0.380886 0.008604 0.191303
v -0.380919 0.008604 0.174388
v -0.364009 0.008604 0.191303
v -0.364042 0.008604 0.174388
v -0.362321 0.008604 0.191303
v -0.362354 0.008604 0.174388
v -0.345444 0.008604 0.191303
v -0.345477 0.008604 0.174388
v -0.343756 0.008604 0.191303
v -0.343789 0.008604 0.174388
v -0.326878 0.008604 0.191303
v -0.326912 0.008604 0.174388
v -0.305104 0.008604 0.191303
v -0.305138 0.008604 0.174388
v -0.288224 0.008604 0.191303
v -0.288259 0.008604 0.174388
v -0.286537 0.008604 0.191303
v -0.286571 0.008604 0.174388
v -0.269657 0.008604 0.191303
v -0.269692 0.008604 0.174388
v -0.267968 0.008604 0.191303
v -0.268004 0.008604 0.174388
v -0.251088 0.008604 0.191303
v -0.251124 0.008604 0.174388
v -0.249400 0.008604 0.191303
v -0.249436 0.008604 0.174388
v -0.232518 0.008604 0.191303
v -0.232555 0.008604 0.174388
v -0.210741 0.008604 0.191303
v -0.210778 0.008604 0.174388
v -0.193858 0.008604 0.191303
v -0.193895 0.008604 0.174388
v -0.192170 0.008604 0.191303
v -0.192207 0.008604 0.174388
v -0.175286 0.008604 0.191303
v -0.175324 0.008604 0.174388
v -0.173598 0.008604 0.191303
v -0.173636 0.008604 0.174388
v -0.156714 0.008604 0.191303
v -0.156752 0.008604 0.174388
v -0.155025 0.008604 0.191303
v -0.155064 0.008604 0.174388
v -0.138140 0.008604 0.191303
v -0.138179 0.008604 0.174388
v -0.127428 0.008604 0.191303
v -0.127467 0.008604 0.174388
v -0.110542 0.008604 0.191303
v -0.110582 0.008604 0.174388
v -0.108853 0.008604 0.191303
v -0.108893 0.008604 0.174388
v -0.091966 0.008604 0.191303
v -0.092007 0.008604 0.174388
v -0.090277 0.008604 0.191302
v -0.090318 0.008604 0.174388
v -0.073390 0.008604 0.191303
v -0.073430 0.008604 0.174388
v -0.010038 0.008604 0.191302
v -0.010080 0.008604 0.174388
v 0.006855 0.008604 0.191302
v 0.006812 0.008604 0.174388
v -0.458989 -0.000004 0.168705
v 0.026824 -0.000004 0.168762
v -0.127371 0.010402 0.305432
v -0.071991 0.010402 0.305432
v -0.072234 0.019575 0.211701
v -0.063528 0.019576 0.211658
v 0.007802 0.019576 0.211658
v -0.063289 0.016939 0.305502
v 0.008051 0.016939 0.305502
v -0.127523 0.018743 0.246143
v -0.071996 0.016940 0.305432
v -0.127606 0.019575 0.211701
v -0.072148 0.018743 0.246143
v -0.127375 0.016940 0.305432
v -0.437261 0.016939 0.305502
v -0.135245 0.019576 0.211658
v -0.437261 0.019576 0.211659
v -0.343687 0.019576 0.211658
v -0.135245 0.016939 0.305502
v -0.326920 0.021065 0.174558
v -0.326886 0.020382 0.191303
v -0.343764 0.020382 0.191303
v -0.288233 0.020382 0.191303
v -0.305113 0.020382 0.191303
v -0.382615 0.021065 0.174558
v -0.305147 0.021065 0.174558
v -0.343798 0.021065 0.174558
v -0.435924 0.021065 0.174558
v -0.345486 0.021065 0.174558
v -0.269665 0.020382 0.191303
v -0.345452 0.020382 0.191303
v -0.286545 0.020382 0.191303
v -0.249409 0.020382 0.191303
v -0.249445 0.021065 0.174558
v -0.251097 0.020382 0.191303
v -0.362330 0.020382 0.191303
v -0.362363 0.021065 0.174558
v -0.267977 0.020382 0.191303
v -0.364051 0.021065 0.174558
v -0.364017 0.020382 0.191303
v -0.232528 0.020382 0.191303
v -0.380895 0.020382 0.191303
v -0.210787 0.021065 0.174558
v -0.380927 0.021065 0.174558
v -0.382582 0.020382 0.191303
v -0.193905 0.021065 0.174558
v -0.192179 0.020382 0.191303
v -0.192217 0.021065 0.174558
v -0.288268 0.021065 0.174558
v -0.399459 0.020382 0.191303
v -0.399491 0.021065 0.174558
v -0.268013 0.021065 0.174558
v -0.251133 0.021065 0.174558
v -0.419048 0.021065 0.174558
v -0.419017 0.020382 0.191303
v -0.435892 0.020382 0.191303
v -0.286580 0.021065 0.174558
v -0.269701 0.021065 0.174558
v -0.210750 0.020382 0.191303
v -0.232564 0.021065 0.174558
v -0.193867 0.020382 0.191303
v -0.175334 0.021065 0.174558
v -0.127478 0.021065 0.174558
v -0.110592 0.021065 0.174558
v -0.155074 0.021065 0.174558
v -0.138189 0.021065 0.174558
v -0.155035 0.020382 0.191303
v -0.175296 0.020382 0.191303
v -0.173607 0.020382 0.191303
v -0.173646 0.021065 0.174558
v -0.138150 0.020382 0.191303
v -0.110552 0.020382 0.191303
v -0.127438 0.020382 0.191303
v -0.156723 0.020382 0.191303
v -0.156762 0.021065 0.174558
v -0.091976 0.020382 0.191303
v -0.092017 0.021065 0.174558
v -0.108863 0.020382 0.191303
v -0.108903 0.021065 0.174558
v -0.090328 0.021065 0.174558
v -0.073441 0.021065 0.174558
v -0.090288 0.020382 0.191303
v -0.073400 0.020382 0.191303
v -0.010048 0.020382 0.191302
v -0.010091 0.021065 0.174558
v 0.006844 0.020382 0.191302
v 0.006800 0.021065 0.174558
v -0.109001 0.010402 0.269804
v -0.109006 0.017773 0.269804
v -0.090547 0.017773 0.269804
v -0.072042 0.017378 0.287812
v -0.127420 0.017378 0.287812
v -0.108961 0.017378 0.287812
v -0.090502 0.017378 0.287812
v -0.090542 0.010402 0.269804
v -0.072036 0.010402 0.287812
v -0.127414 0.010402 0.287812
v -0.108956 0.010402 0.287812
v -0.090496 0.010402 0.287812
v -0.108912 0.010402 0.305432
v -0.090452 0.010402 0.305432
v -0.108917 0.016940 0.305432
v -0.090457 0.016940 0.305432
v -0.232546 0.019576 0.211658
v -0.090692 0.019575 0.211701
v -0.109149 0.019575 0.211701
v -0.135245 0.018610 0.245841
v -0.063441 0.018633 0.245991
v -0.193886 0.019576 0.211658
v -0.288251 0.019576 0.211658
v -0.382611 0.019576 0.211658
v -0.108902 -0.000004 0.327931
v 0.026800 -0.000004 0.159802
v -0.459006 -0.000004 0.159802
v 0.027230 -0.000004 0.323984
v 0.023298 -0.000004 0.327931
v 0.026083 -0.000004 0.326775
v -0.454745 -0.000004 0.327932
v -0.458692 -0.000004 0.323984
v -0.457532 -0.000004 0.326775
v 0.023287 0.012514 0.327931
v 0.027220 0.012609 0.323984
v 0.023273 0.016557 0.323985
v 0.026072 0.012561 0.326775
v 0.025771 0.015045 0.326481
v 0.026063 0.015400 0.324004
v 0.023282 0.015333 0.326776
v -0.458700 0.012609 0.323984
v -0.454753 0.012514 0.327932
v -0.454763 0.016557 0.323985
v -0.457540 0.012561 0.326775
v -0.457244 0.015045 0.326481
v -0.454757 0.015333 0.326776
v -0.457548 0.015400 0.324005
v -0.455067 0.021307 0.168705
v -0.459002 0.017359 0.168705
v -0.457851 0.020151 0.168705
v 0.026807 0.017359 0.168762
v 0.022859 0.021307 0.168762
v 0.025647 0.020151 0.168762
v -0.108925 0.016557 0.323985
v -0.108912 0.012514 0.327931
v -0.108917 0.015333 0.326776
v -0.455082 0.021307 0.159802
v -0.459018 0.017359 0.159802
v -0.457866 0.020151 0.159802
v 0.026783 0.017359 0.159802
v 0.022837 0.021307 0.159802
v 0.025626 0.020151 0.159802
v 0.022805 -0.000004 0.138829
v 0.026757 -0.000004 0.142777
v 0.025596 -0.000004 0.139986
v -0.459036 -0.000004 0.142777
v -0.455104 -0.000004 0.138830
v -0.457887 -0.000004 0.139986
v -0.459046 0.015775 0.142777
v -0.455111 0.019722 0.142760
v -0.455115 0.015409 0.138830
v -0.457895 0.018566 0.142768
v -0.457387 0.017843 0.140494
v -0.455115 0.018307 0.139977
v -0.457898 0.015516 0.139989
v 0.026741 0.015775 0.142777
v 0.022790 0.015409 0.138829
v 0.022795 0.019722 0.142760
v 0.025580 0.015516 0.139989
v 0.025067 0.017843 0.140494
v 0.022790 0.018307 0.139977
v 0.025584 0.018566 0.142768
v -0.362327 0.021307 0.159802
v -0.362360 0.019722 0.142760
v -0.362352 -0.000004 0.138830
v -0.362365 0.018307 0.139977
v -0.362365 0.015409 0.138830
v -0.362309 0.021307 0.168725
v -0.210728 0.021307 0.168738
v -0.210747 0.021307 0.159802
v -0.210789 0.015409 0.138829
v -0.210789 0.018307 0.139977
v -0.210775 -0.000004 0.138829
v -0.210784 0.019722 0.142760
v -0.382612 0.019722 0.142760
v -0.382562 0.021307 0.168721
v -0.382617 0.015409 0.138830
v -0.382616 0.018307 0.139977
v -0.382605 -0.000004 0.138830
v -0.382580 0.021307 0.159802
v -0.135233 -0.000004 0.327931
v -0.380874 0.021307 0.168723
v -0.380892 0.021307 0.159802
v -0.135256 0.016557 0.323985
v -0.135248 0.015333 0.326776
v -0.135243 0.012514 0.327931
v -0.380929 0.015409 0.138829
v -0.380929 0.018307 0.139977
v -0.380917 -0.000004 0.138830
v -0.380925 0.019722 0.142760
v -0.399439 0.021307 0.168719
v -0.399456 0.021307 0.159802
v -0.399493 0.015409 0.138830
v -0.399493 0.018307 0.139977
v -0.399481 -0.000004 0.138830
v -0.399488 0.019722 0.142760
v -0.418998 0.021307 0.168715
v -0.419014 0.021307 0.159802
v -0.419050 0.015409 0.138830
v -0.419050 0.018307 0.139977
v 0.008043 0.016557 0.323985
v -0.063297 0.016557 0.323985
v -0.063289 0.015333 0.326776
v 0.008051 0.015333 0.326776
v -0.063284 0.012514 0.327931
v 0.008056 0.012514 0.327931
v -0.063274 -0.000004 0.327931
v 0.008066 -0.000004 0.327931
v 0.026842 -0.000004 0.175448
v -0.458977 -0.000004 0.175448
v 0.026825 0.017093 0.175448
v 0.025665 0.019891 0.175448
v 0.022875 0.021063 0.175448
v -0.455055 0.021060 0.175448
v -0.457838 0.019891 0.175448
v -0.458989 0.017093 0.175448
v -0.419038 -0.000004 0.138830
v -0.419045 0.019722 0.142760
v -0.435920 0.019722 0.142760
v -0.435875 0.021307 0.168708
v -0.435891 0.021307 0.159802
v -0.435924 0.015409 0.138830
v -0.435924 0.018307 0.139977
v -0.435914 -0.000004 0.138830
v -0.399475 0.019576 0.211658
v -0.419032 0.019576 0.211658
v -0.127376 0.015333 0.326776
v -0.127371 0.012514 0.327931
v -0.127361 -0.000004 0.327931
v -0.127384 0.016557 0.323985
v -0.090465 0.016557 0.323985
v -0.090457 0.015333 0.326776
v -0.090452 0.012514 0.327931
v -0.090442 -0.000004 0.327931
v -0.071997 0.015333 0.326776
v -0.071991 0.012514 0.327931
v -0.071982 -0.000004 0.327931
v -0.072005 0.016557 0.323985
v 0.023224 0.017119 0.305452
v 0.026013 0.015961 0.305468
v 0.027171 0.013168 0.305451
v 0.027182 -0.000004 0.305450
v -0.090606 0.018743 0.246143
v -0.109065 0.018743 0.246143
v 0.022972 0.019965 0.211651
v 0.026921 0.016000 0.211651
v 0.026936 -0.000004 0.211651
v 0.025762 0.018797 0.211656
v -0.063334 0.017468 0.288032
v -0.135245 0.017426 0.288075
v -0.135245 0.017921 0.270338
v -0.063381 0.017984 0.269600
v -0.127523 0.017921 0.270338
v -0.072042 0.017984 0.269600
v 0.025708 0.019411 0.191340
v 0.026883 -0.000004 0.191338
v 0.026867 0.016613 0.191338
v 0.022918 0.020581 0.191338
v -0.458947 -0.000004 0.191209
v -0.457807 0.019414 0.191212
v -0.455024 0.020582 0.191210
v -0.458959 0.016617 0.191209
v -0.458918 0.015981 0.212278
v -0.454983 0.019944 0.212278
v -0.457766 0.018777 0.212283
v -0.458906 -0.000004 0.212278
v -0.380917 0.019576 0.211658
v -0.363988 0.019576 0.211658
v -0.362293 0.019576 0.211658
v -0.345371 0.019576 0.211658
v -0.305090 0.019576 0.211658
v -0.326827 0.019576 0.211658
v -0.286563 0.019576 0.211658
v -0.269588 0.019576 0.211658
v -0.267995 0.019576 0.211658
v -0.251115 0.019576 0.211658
v -0.249427 0.019576 0.211658
v -0.210769 0.019576 0.211658
v -0.192198 0.019576 0.211658
v -0.175315 0.019576 0.211658
v -0.173627 0.019576 0.211658
v -0.156743 0.019576 0.211658
v -0.155054 0.019576 0.211658
v -0.092771 0.017773 0.269804
v -0.106827 0.017773 0.269804
v -0.107153 0.019575 0.211701
v -0.093099 0.019575 0.211701
v -0.092758 0.010402 0.269804
v -0.106814 0.010402 0.269804
v -0.092654 0.010402 0.287812
v -0.106710 0.010402 0.287812
v -0.106610 0.010402 0.305432
v -0.092554 0.010402 0.305432
v -0.106621 0.016940 0.305432
v -0.092565 0.016940 0.305432
v -0.092585 0.016557 0.323985
v -0.106641 0.016557 0.323985
v -0.106622 0.015333 0.326776
v -0.092566 0.015333 0.326776
v -0.106611 0.012514 0.327931
v -0.092554 0.012514 0.327931
v -0.106588 -0.000004 0.327931
v -0.092532 -0.000004 0.327931
v -0.106960 0.018743 0.246143
v -0.092905 0.018743 0.246143
v -0.061762 0.020382 0.191302
v -0.061804 0.021065 0.174558
v -0.010247 0.019576 0.211658
v -0.364015 0.021307 0.159802
v -0.364040 -0.000004 0.138830
v -0.364052 0.018307 0.139977
v -0.363997 0.021307 0.168724
v -0.364052 0.015409 0.138830
v -0.364048 0.019722 0.142760
v -0.343742 0.021307 0.168732
v -0.343800 0.015409 0.138830
v -0.343800 0.018307 0.139977
v -0.343787 -0.000004 0.138830
v -0.343761 0.021307 0.159802
v -0.343796 0.019722 0.142760
v -0.345483 0.019722 0.142760
v -0.345431 0.021307 0.168728
v -0.345488 0.015409 0.138830
v -0.345488 0.018307 0.139977
v -0.345475 -0.000004 0.138830
v -0.345449 0.021307 0.159802
v -0.326863 0.021307 0.168735
v -0.326923 0.015409 0.138830
v -0.326923 0.018307 0.139977
v -0.326910 -0.000004 0.138830
v -0.326882 0.021307 0.159802
v -0.326918 0.019722 0.142760
v -0.305090 0.021307 0.168737
v -0.305150 0.015409 0.138829
v -0.305150 0.018307 0.139977
v -0.305136 -0.000004 0.138830
v -0.305109 0.021307 0.159802
v -0.305145 0.019722 0.142760
v -0.286522 0.021307 0.168738
v -0.286583 0.015409 0.138829
v -0.286583 0.018307 0.139977
v -0.286569 -0.000004 0.138829
v -0.286542 0.021307 0.159802
v -0.286578 0.019722 0.142760
v -0.288266 0.019722 0.142760
v -0.288211 0.021307 0.168737
v -0.288271 0.015409 0.138829
v -0.288271 0.018307 0.139977
v -0.288257 -0.000004 0.138829
v -0.288230 0.021307 0.159802
v -0.267955 0.021307 0.168738
v -0.268015 0.015409 0.138829
v -0.268015 0.018307 0.139977
v -0.268002 -0.000004 0.138829
v -0.267974 0.021307 0.159802
v -0.268010 0.019722 0.142760
v -0.269698 0.019722 0.142760
v -0.269643 0.021307 0.168738
v -0.269703 0.015409 0.138829
v -0.269703 0.018307 0.139977
v -0.269690 -0.000004 0.138829
v -0.269662 0.021307 0.159802
v -0.249386 0.021307 0.168738
v -0.249447 0.015409 0.138829
v -0.249447 0.018307 0.139977
v -0.249433 -0.000004 0.138829
v -0.249406 0.021307 0.159802
v -0.249442 0.019722 0.142760
v -0.251130 0.019722 0.142760
v -0.251074 0.021307 0.168738
v -0.251135 0.015409 0.138829
v -0.251135 0.018307 0.139977
v -0.251121 -0.000004 0.138829
v -0.251094 0.021307 0.159802
v -0.232505 0.021307 0.168738
v -0.232566 0.015409 0.138829
v -0.232566 0.018307 0.139977
v -0.232552 -0.000004 0.138829
v -0.232525 0.021307 0.159802
v -0.232561 0.019722 0.142760
v -0.192213 0.019722 0.142760
v -0.192205 -0.000004 0.138829
v -0.192219 0.018307 0.139977
v -0.192219 0.015409 0.138829
v -0.192176 0.021307 0.159802
v -0.192157 0.021307 0.168742
v -0.193902 0.019722 0.142760
v -0.193893 -0.000004 0.138829
v -0.193907 0.018307 0.139977
v -0.193907 0.015409 0.138829
v -0.193865 0.021307 0.159802
v -0.193845 0.021307 0.168740
v -0.173634 -0.000004 0.138829
v -0.173648 0.018307 0.139977
v -0.173648 0.015409 0.138829
v -0.173604 0.021307 0.159802
v -0.173584 0.021307 0.168745
v -0.173642 0.019722 0.142760
v -0.175331 0.019722 0.142760
v -0.175322 -0.000004 0.138829
v -0.175336 0.018307 0.139977
v -0.175336 0.015409 0.138829
v -0.175293 0.021307 0.159802
v -0.175273 0.021307 0.168743
v -0.155062 -0.000004 0.138829
v -0.155076 0.018307 0.139977
v -0.155076 0.015409 0.138829
v -0.155031 0.021307 0.159802
v -0.155010 0.021307 0.168754
v -0.155071 0.019722 0.142760
v -0.156759 0.019722 0.142760
v -0.156750 -0.000004 0.138829
v -0.156764 0.018307 0.139977
v -0.156764 0.015409 0.138829
v -0.156720 0.021307 0.159802
v -0.156700 0.021307 0.168750
v -0.138177 -0.000004 0.138829
v -0.138192 0.018307 0.139977
v -0.138192 0.015409 0.138829
v -0.138146 0.021307 0.159802
v -0.138124 0.021307 0.168758
v -0.138187 0.019722 0.142760
v -0.127465 -0.000004 0.138829
v -0.127481 0.018307 0.139977
v -0.127481 0.015409 0.138829
v -0.127434 0.021307 0.159802
v -0.127412 0.021307 0.168760
v -0.127475 0.019722 0.142760
v -0.108891 -0.000004 0.138829
v -0.108906 0.018307 0.139977
v -0.108906 0.015409 0.138829
v -0.108859 0.021307 0.159802
v -0.108837 0.021307 0.168761
v -0.108901 0.019722 0.142760
v -0.090315 -0.000004 0.138829
v -0.090331 0.018307 0.139977
v -0.090331 0.015409 0.138829
v -0.090284 0.021307 0.159802
v -0.090262 0.021307 0.168762
v -0.090325 0.019722 0.142760
v -0.110589 0.019722 0.142760
v -0.110579 -0.000004 0.138829
v -0.110595 0.018307 0.139977
v -0.110595 0.015409 0.138829
v -0.110548 0.021307 0.159802
v -0.110526 0.021307 0.168761
v -0.092014 0.019722 0.142760
v -0.092004 -0.000004 0.138829
v -0.092020 0.018307 0.139977
v -0.092020 0.015409 0.138829
v -0.091972 0.021307 0.159802
v -0.091950 0.021307 0.168762
v -0.073428 -0.000004 0.138829
v -0.073443 0.018307 0.139977
v -0.073443 0.015409 0.138829
v -0.073396 0.021307 0.159802
v -0.073374 0.021307 0.168762
v -0.073438 0.019722 0.142760
v -0.061790 -0.000004 0.138829
v -0.061806 0.018307 0.139977
v -0.061806 0.015409 0.138829
v -0.061758 0.021307 0.159802
v -0.061736 0.021307 0.168762
v -0.061800 0.019722 0.142760
v -0.010077 -0.000004 0.138829
v -0.010093 0.018307 0.139977
v -0.010093 0.015409 0.138829
v -0.010045 0.021307 0.159802
v -0.010023 0.021307 0.168762
v -0.010087 0.019722 0.142760
v 0.006364 -0.000004 0.138829
v 0.006348 0.018307 0.139977
v 0.006348 0.015409 0.138829
v 0.006396 0.021307 0.159802
v 0.006418 0.021307 0.168762
v 0.006354 0.019722 0.142760
v -0.437264 0.015333 0.326776
v -0.437251 -0.000004 0.327932
v -0.437271 0.016557 0.323985
v -0.437259 0.012514 0.327932
v -0.458735 0.013150 0.306042
v -0.454799 0.017101 0.306043
v -0.457583 0.015943 0.306060
v -0.458726 -0.000004 0.306043
v -0.437261 0.010512 0.211659
v -0.135245 0.010512 0.211658
v -0.437261 0.010512 0.305502
v -0.135245 0.010512 0.305502
v -0.437261 0.016939 0.305502
v -0.135245 0.019576 0.211658
v -0.437261 0.019576 0.211659
v -0.135245 0.016939 0.305502
v 0.027230 -0.000004 0.323984
v 0.023298 -0.000004 0.327931
v 0.026083 -0.000004 0.326775
v -0.454745 -0.000004 0.327932
v -0.458692 -0.000004 0.323984
v -0.457532 -0.000004 0.326775
v 0.022805 -0.000004 0.138829
v 0.026757 -0.000004 0.142777
v 0.025596 -0.000004 0.139986
v -0.459036 -0.000004 0.142777
v -0.455104 -0.000004 0.138830
v -0.457887 -0.000004 0.139986
v -0.063521 0.010512 0.211658
v -0.063284 0.010512 0.305502
v 0.007810 0.010512 0.211658
v 0.008057 0.010512 0.305502
v -0.063528 0.019576 0.211658
v 0.007802 0.019576 0.211658
v -0.063289 0.016939 0.305502
v 0.008051 0.016939 0.305502
v -0.072148 0.018743 0.246143
v -0.127606 0.019575 0.211701
v -0.127523 0.018743 0.246143
v -0.072227 0.010512 0.211701
v -0.127599 0.010512 0.211701
v -0.072141 0.010512 0.246143
v -0.127516 0.010512 0.246143
v -0.072234 0.019575 0.211701
v -0.061652 0.008286 0.229557
v -0.063149 0.008286 0.228053
v -0.062709 0.008286 0.229116
v -0.059318 0.024743 0.225083
v -0.059369 0.024319 0.226212
v -0.060255 0.024126 0.226045
v -0.060429 0.024312 0.225150
v -0.063191 0.008286 0.211432
v -0.061700 0.008286 0.209929
v -0.062756 0.008286 0.210369
v -0.059345 0.024743 0.214402
v -0.059401 0.024319 0.213274
v -0.060286 0.024126 0.213441
v -0.060456 0.024312 0.214336
v -0.044777 0.008286 0.228053
v -0.046268 0.008286 0.229557
v -0.045212 0.008286 0.229116
v -0.048651 0.024743 0.225083
v -0.048595 0.024319 0.226212
v -0.047709 0.024126 0.226045
v -0.047540 0.024313 0.225150
v -0.046317 0.008286 0.209929
v -0.044819 0.008286 0.211432
v -0.045259 0.008286 0.210369
v -0.048678 0.024743 0.214402
v -0.048627 0.024319 0.213274
v -0.047740 0.024126 0.213441
v -0.047567 0.024313 0.214336
v -0.044187 0.008286 0.229557
v -0.045685 0.008286 0.228053
v -0.045244 0.008286 0.229116
v -0.041853 0.024743 0.225083
v -0.041904 0.024319 0.226212
v -0.042790 0.024126 0.226045
v -0.042964 0.024312 0.225150
v -0.045726 0.008286 0.211432
v -0.044236 0.008286 0.209929
v -0.045291 0.008286 0.210369
v -0.041880 0.024743 0.214402
v -0.041936 0.024319 0.213274
v -0.042822 0.024126 0.213441
v -0.042991 0.024312 0.214336
v -0.027312 0.008286 0.228053
v -0.028802 0.008286 0.229557
v -0.027747 0.008286 0.229116
v -0.031186 0.024743 0.225083
v -0.031129 0.024319 0.226212
v -0.030243 0.024126 0.226045
v -0.030074 0.024313 0.225150
v -0.028852 0.008286 0.209929
v -0.027354 0.008286 0.211432
v -0.027794 0.008286 0.210369
v -0.031213 0.024743 0.214402
v -0.031162 0.024319 0.213274
v -0.030275 0.024126 0.213441
v -0.030102 0.024313 0.214336
v -0.026721 0.008286 0.229557
v -0.028219 0.008286 0.228053
v -0.027779 0.008286 0.229116
v -0.024388 0.024743 0.225083
v -0.024438 0.024319 0.226212
v -0.025325 0.024126 0.226045
v -0.025498 0.024312 0.225150
v -0.028261 0.008286 0.211432
v -0.026771 0.008286 0.209929
v -0.027826 0.008286 0.210369
v -0.024415 0.024743 0.214402
v -0.024471 0.024319 0.213274
v -0.025357 0.024126 0.213441
v -0.025526 0.024312 0.214336
v -0.009845 0.008286 0.228053
v -0.011336 0.008286 0.229557
v -0.010280 0.008286 0.229116
v -0.013720 0.024743 0.225083
v -0.013663 0.024319 0.226212
v -0.012777 0.024126 0.226045
v -0.012608 0.024313 0.225150
v -0.011386 0.008286 0.209929
v -0.009887 0.008286 0.211432
v -0.010328 0.008286 0.210369
v -0.013747 0.024743 0.214402
v -0.013696 0.024319 0.213274
v -0.012809 0.024126 0.213441
v -0.012636 0.024313 0.214336
v -0.009255 0.008286 0.229557
v -0.010752 0.008286 0.228053
v -0.010312 0.008286 0.229116
v -0.006921 0.024743 0.225083
v -0.006972 0.024319 0.226212
v -0.007858 0.024126 0.226045
v -0.008032 0.024312 0.225150
v -0.010795 0.008286 0.211432
v -0.009305 0.008286 0.209929
v -0.010360 0.008286 0.210369
v -0.006949 0.024743 0.214402
v -0.007005 0.024319 0.213274
v -0.007891 0.024126 0.213441
v -0.008060 0.024312 0.214336
v 0.007623 0.008286 0.228053
v 0.006132 0.008286 0.229557
v 0.007188 0.008286 0.229116
v 0.003748 0.024743 0.225083
v 0.003805 0.024319 0.226212
v 0.004691 0.024126 0.226045
v 0.004859 0.024313 0.225150
v 0.006082 0.008286 0.209929
v 0.007580 0.008286 0.211432
v 0.007139 0.008286 0.210369
v 0.003720 0.024743 0.214402
v 0.003771 0.024319 0.213274
v 0.004658 0.024126 0.213441
v 0.004831 0.024313 0.214336
v -0.061604 0.007293 0.248457
v -0.063101 0.007293 0.246954
v -0.062661 0.007293 0.248017
v -0.059269 0.023749 0.243984
v -0.059320 0.023325 0.245112
v -0.060207 0.023132 0.244945
v -0.060380 0.023319 0.244050
v -0.063143 0.007293 0.230333
v -0.061652 0.007293 0.228829
v -0.062708 0.007293 0.229270
v -0.059296 0.023749 0.233303
v -0.059353 0.023325 0.232174
v -0.060238 0.023132 0.232341
v -0.060408 0.023319 0.233236
v -0.044729 0.007293 0.246954
v -0.046219 0.007293 0.248457
v -0.045164 0.007293 0.248017
v -0.048603 0.023749 0.243984
v -0.048546 0.023325 0.245112
v -0.047660 0.023132 0.244945
v -0.047491 0.023319 0.244050
v -0.046269 0.007293 0.228829
v -0.044771 0.007293 0.230332
v -0.045211 0.007293 0.229270
v -0.048630 0.023749 0.233303
v -0.048579 0.023325 0.232174
v -0.047692 0.023132 0.232341
v -0.047518 0.023319 0.233236
v -0.044138 0.007293 0.248457
v -0.045636 0.007293 0.246954
v -0.045196 0.007293 0.248017
v -0.041804 0.023749 0.243984
v -0.041855 0.023325 0.245112
v -0.042742 0.023132 0.244945
v -0.042915 0.023319 0.244050
v -0.045678 0.007293 0.230333
v -0.044188 0.007293 0.228829
v -0.045243 0.007293 0.229270
v -0.041831 0.023749 0.233303
v -0.041888 0.023325 0.232174
v -0.042774 0.023132 0.232341
v -0.042943 0.023319 0.233236
v -0.027262 0.007293 0.246954
v -0.028753 0.007293 0.248457
v -0.027697 0.007293 0.248017
v -0.031137 0.023749 0.243984
v -0.031080 0.023325 0.245112
v -0.030194 0.023132 0.244945
v -0.030025 0.023319 0.244050
v -0.028803 0.007293 0.228829
v -0.027305 0.007293 0.230332
v -0.027745 0.007293 0.229270
v -0.031164 0.023749 0.233303
v -0.031113 0.023325 0.232174
v -0.030226 0.023132 0.232341
v -0.030053 0.023319 0.233236
v -0.026672 0.007293 0.248457
v -0.028170 0.007293 0.246954
v -0.027730 0.007293 0.248017
v -0.024338 0.023749 0.243984
v -0.024389 0.023325 0.245112
v -0.025275 0.023132 0.244945
v -0.025449 0.023319 0.244050
v -0.028212 0.007293 0.230333
v -0.026722 0.007293 0.228829
v -0.027777 0.007293 0.229270
v -0.024366 0.023749 0.233303
v -0.024422 0.023325 0.232174
v -0.025308 0.023132 0.232341
v -0.025477 0.023319 0.233236
v -0.009795 0.007293 0.246954
v -0.011286 0.007293 0.248457
v -0.010230 0.007293 0.248017
v -0.013670 0.023749 0.243984
v -0.013613 0.023325 0.245112
v -0.012727 0.023132 0.244945
v -0.012558 0.023319 0.244050
v -0.011336 0.007293 0.228829
v -0.009838 0.007293 0.230332
v -0.010279 0.007293 0.229270
v -0.013698 0.023749 0.233303
v -0.013647 0.023325 0.232174
v -0.012760 0.023132 0.232341
v -0.012586 0.023319 0.233236
v -0.009205 0.007293 0.248457
v -0.010703 0.007293 0.246954
v -0.010262 0.007293 0.248017
v -0.006871 0.023749 0.243984
v -0.006922 0.023325 0.245112
v -0.007808 0.023132 0.244945
v -0.007982 0.023319 0.244050
v -0.010746 0.007293 0.230333
v -0.009255 0.007293 0.228829
v -0.010311 0.007293 0.229270
v -0.006899 0.023749 0.233303
v -0.006955 0.023325 0.232174
v -0.007841 0.023132 0.232341
v -0.008010 0.023319 0.233236
v 0.007673 0.007293 0.246954
v 0.006182 0.007293 0.248457
v 0.007238 0.007293 0.248017
v 0.003798 0.023749 0.243984
v 0.003855 0.023325 0.245112
v 0.004741 0.023132 0.244945
v 0.004910 0.023319 0.244050
v 0.006131 0.007293 0.228829
v 0.007630 0.007293 0.230332
v 0.007189 0.007293 0.229270
v 0.003770 0.023749 0.233303
v 0.003821 0.023325 0.232174
v 0.004708 0.023132 0.232341
v 0.004881 0.023319 0.233236
v -0.061554 0.006418 0.267934
v -0.063051 0.006418 0.266431
v -0.062611 0.006418 0.267494
v -0.059219 0.022875 0.263461
v -0.059270 0.022450 0.264589
v -0.060157 0.022258 0.264422
v -0.060330 0.022444 0.263527
v -0.063093 0.006418 0.249810
v -0.061603 0.006418 0.248306
v -0.062658 0.006418 0.248747
v -0.059247 0.022875 0.252780
v -0.059303 0.022450 0.251651
v -0.060189 0.022258 0.251818
v -0.060358 0.022444 0.252713
v -0.044678 0.006418 0.266431
v -0.046169 0.006418 0.267934
v -0.045113 0.006418 0.267494
v -0.048552 0.022875 0.263461
v -0.048495 0.022450 0.264589
v -0.047609 0.022258 0.264422
v -0.047440 0.022444 0.263527
v -0.046219 0.006418 0.248306
v -0.044721 0.006418 0.249810
v -0.045161 0.006418 0.248747
v -0.048580 0.022875 0.252780
v -0.048528 0.022450 0.251651
v -0.047642 0.022258 0.251818
v -0.047468 0.022444 0.252713
v -0.044088 0.006418 0.267934
v -0.045586 0.006418 0.266431
v -0.045145 0.006418 0.267494
v -0.041754 0.022875 0.263461
v -0.041804 0.022450 0.264589
v -0.042691 0.022258 0.264422
v -0.042865 0.022444 0.263527
v -0.045628 0.006418 0.249810
v -0.044138 0.006418 0.248306
v -0.045193 0.006418 0.248747
v -0.041781 0.022875 0.252780
v -0.041838 0.022450 0.251651
v -0.042723 0.022258 0.251818
v -0.042892 0.022444 0.252713
v -0.027212 0.006418 0.266431
v -0.028702 0.006418 0.267934
v -0.027647 0.006418 0.267494
v -0.031086 0.022875 0.263461
v -0.031029 0.022450 0.264589
v -0.030143 0.022258 0.264422
v -0.029974 0.022444 0.263527
v -0.028753 0.006418 0.248306
v -0.027254 0.006418 0.249810
v -0.027695 0.006418 0.248747
v -0.031114 0.022875 0.252780
v -0.031062 0.022450 0.251651
v -0.030175 0.022258 0.251818
v -0.030002 0.022444 0.252713
v -0.026621 0.006418 0.267934
v -0.028119 0.006418 0.266431
v -0.027679 0.006418 0.267494
v -0.024287 0.022875 0.263461
v -0.024338 0.022450 0.264589
v -0.025224 0.022258 0.264422
v -0.025398 0.022444 0.263527
v -0.028162 0.006418 0.249810
v -0.026672 0.006418 0.248306
v -0.027727 0.006418 0.248747
v -0.024315 0.022875 0.252780
v -0.024371 0.022450 0.251651
v -0.025257 0.022258 0.251818
v -0.025426 0.022444 0.252713
v -0.009744 0.006418 0.266431
v -0.011235 0.006418 0.267934
v -0.010179 0.006418 0.267494
v -0.013619 0.022875 0.263461
v -0.013562 0.022450 0.264589
v -0.012676 0.022258 0.264422
v -0.012507 0.022444 0.263527
v -0.011285 0.006418 0.248306
v -0.009787 0.006418 0.249809
v -0.010228 0.006418 0.248747
v -0.013647 0.022875 0.252780
v -0.013595 0.022450 0.251651
v -0.012709 0.022258 0.251818
v -0.012535 0.022444 0.252713
v -0.009154 0.006418 0.267934
v -0.010651 0.006418 0.266431
v -0.010211 0.006418 0.267494
v -0.006820 0.022875 0.263461
v -0.006870 0.022450 0.264589
v -0.007757 0.022258 0.264422
v -0.007930 0.022444 0.263527
v -0.010695 0.006418 0.249810
v -0.009204 0.006418 0.248306
v -0.010260 0.006418 0.248747
v -0.006848 0.022875 0.252780
v -0.006904 0.022450 0.251651
v -0.007790 0.022258 0.251818
v -0.007959 0.022444 0.252713
v 0.007725 0.006418 0.266431
v 0.006234 0.006418 0.267934
v 0.007290 0.006418 0.267494
v 0.003850 0.022875 0.263461
v 0.003907 0.022450 0.264589
v 0.004793 0.022258 0.264422
v 0.004962 0.022444 0.263527
v 0.006183 0.006418 0.248306
v 0.007681 0.006418 0.249809
v 0.007241 0.006418 0.248747
v 0.003822 0.022875 0.252780
v 0.003873 0.022450 0.251651
v 0.004760 0.022258 0.251818
v 0.004933 0.022444 0.252713
v -0.061505 0.005702 0.286756
v -0.063003 0.005702 0.285253
v -0.062563 0.005702 0.286316
v -0.059171 0.022159 0.282283
v -0.059221 0.021735 0.283411
v -0.060108 0.021542 0.283245
v -0.060281 0.021728 0.282350
v -0.063045 0.005702 0.268632
v -0.061555 0.005702 0.267129
v -0.062610 0.005702 0.267569
v -0.059198 0.022159 0.271602
v -0.059254 0.021735 0.270474
v -0.060140 0.021542 0.270641
v -0.060309 0.021728 0.271536
v -0.044629 0.005702 0.285253
v -0.046120 0.005702 0.286756
v -0.045064 0.005702 0.286316
v -0.048503 0.022159 0.282283
v -0.048446 0.021735 0.283411
v -0.047560 0.021542 0.283244
v -0.047391 0.021729 0.282349
v -0.046170 0.005702 0.267129
v -0.044672 0.005702 0.268632
v -0.045112 0.005702 0.267569
v -0.048531 0.022159 0.271602
v -0.048480 0.021735 0.270474
v -0.047593 0.021542 0.270641
v -0.047419 0.021729 0.271536
v -0.044039 0.005702 0.286756
v -0.045537 0.005702 0.285253
v -0.045096 0.005702 0.286316
v -0.041705 0.022159 0.282283
v -0.041755 0.021735 0.283411
v -0.042642 0.021542 0.283244
v -0.042815 0.021728 0.282350
v -0.045579 0.005702 0.268632
v -0.044089 0.005702 0.267129
v -0.045144 0.005702 0.267569
v -0.041732 0.022159 0.271602
v -0.041789 0.021735 0.270474
v -0.042674 0.021542 0.270641
v -0.042843 0.021728 0.271536
v -0.027162 0.005702 0.285253
v -0.028653 0.005702 0.286756
v -0.027597 0.005702 0.286316
v -0.031036 0.022159 0.282283
v -0.030979 0.021735 0.283411
v -0.030093 0.021542 0.283244
v -0.029925 0.021729 0.282349
v -0.028704 0.005702 0.267129
v -0.027205 0.005702 0.268632
v -0.027646 0.005702 0.267569
v -0.031064 0.022159 0.271602
v -0.031013 0.021735 0.270474
v -0.030126 0.021542 0.270641
v -0.029953 0.021729 0.271536
v -0.026572 0.005702 0.286756
v -0.028070 0.005702 0.285253
v -0.027629 0.005702 0.286316
v -0.024238 0.022159 0.282283
v -0.024288 0.021735 0.283411
v -0.025175 0.021542 0.283245
v -0.025348 0.021728 0.282350
v -0.028113 0.005702 0.268632
v -0.026622 0.005702 0.267129
v -0.027678 0.005702 0.267569
v -0.024265 0.022159 0.271602
v -0.024322 0.021735 0.270474
v -0.025208 0.021542 0.270641
v -0.025377 0.021728 0.271536
v -0.009694 0.005702 0.285253
v -0.011185 0.005702 0.286756
v -0.010129 0.005702 0.286316
v -0.013569 0.022159 0.282283
v -0.013512 0.021735 0.283411
v -0.012626 0.021542 0.283244
v -0.012457 0.021729 0.282349
v -0.011236 0.005702 0.267129
v -0.009738 0.005702 0.268632
v -0.010178 0.005702 0.267569
v -0.013597 0.022159 0.271602
v -0.013546 0.021735 0.270474
v -0.012659 0.021542 0.270641
v -0.012485 0.021729 0.271536
v -0.026521 0.004709 0.305793
v -0.028019 0.004709 0.304290
v -0.027579 0.004709 0.305353
v -0.024187 0.021165 0.301320
v -0.024237 0.020741 0.302448
v -0.025124 0.020548 0.302281
v -0.025298 0.020735 0.301387
v -0.028063 0.004709 0.287669
v -0.026572 0.004709 0.286166
v -0.027628 0.004709 0.286606
v -0.024215 0.021165 0.290639
v -0.024271 0.020741 0.289511
v -0.025157 0.020548 0.289678
v -0.025326 0.020735 0.290573
v -0.009643 0.004709 0.304290
v -0.011134 0.004709 0.305793
v -0.010078 0.004709 0.305353
v -0.013518 0.021165 0.301320
v -0.013461 0.020741 0.302448
v -0.012575 0.020548 0.302281
v -0.012406 0.020735 0.301386
v -0.011185 0.004709 0.286166
v -0.009687 0.004709 0.287669
v -0.010127 0.004709 0.286606
v -0.013546 0.021165 0.290639
v -0.013495 0.020741 0.289511
v -0.012608 0.020548 0.289678
v -0.012434 0.020735 0.290573
v -0.434162 0.008286 0.230594
v -0.435659 0.008286 0.229090
v -0.435220 0.008286 0.230153
v -0.431825 0.024743 0.226120
v -0.431876 0.024319 0.227249
v -0.432763 0.024126 0.227082
v -0.432936 0.024312 0.226187
v -0.435691 0.008286 0.212469
v -0.434200 0.008286 0.210966
v -0.435255 0.008286 0.211406
v -0.431845 0.024743 0.215439
v -0.431901 0.024319 0.214311
v -0.432787 0.024126 0.214478
v -0.432956 0.024312 0.215373
v -0.415895 0.008286 0.229090
v -0.417387 0.008286 0.230594
v -0.416331 0.008286 0.230153
v -0.419763 0.024743 0.226120
v -0.419707 0.024319 0.227249
v -0.418821 0.024126 0.227082
v -0.418651 0.024313 0.226187
v -0.417425 0.008286 0.210966
v -0.415928 0.008286 0.212469
v -0.416367 0.008286 0.211406
v -0.419784 0.024743 0.215439
v -0.419732 0.024319 0.214311
v -0.418845 0.024126 0.214478
v -0.418672 0.024313 0.215373
v -0.413959 0.008286 0.230594
v -0.415456 0.008286 0.229090
v -0.415016 0.008286 0.230153
v -0.411621 0.024743 0.226120
v -0.411673 0.024319 0.227249
v -0.412559 0.024126 0.227082
v -0.412732 0.024312 0.226187
v -0.415488 0.008286 0.212469
v -0.413997 0.008286 0.210966
v -0.415052 0.008286 0.211406
v -0.411642 0.024743 0.215439
v -0.411698 0.024319 0.214311
v -0.412584 0.024126 0.214478
v -0.412753 0.024312 0.215373
v -0.395691 0.008286 0.229090
v -0.397183 0.008286 0.230594
v -0.396127 0.008286 0.230153
v -0.399559 0.024743 0.226120
v -0.399503 0.024319 0.227249
v -0.398617 0.024126 0.227082
v -0.398447 0.024313 0.226187
v -0.397221 0.008286 0.210966
v -0.395724 0.008286 0.212469
v -0.396164 0.008286 0.211406
v -0.399580 0.024743 0.215439
v -0.399528 0.024319 0.214311
v -0.398642 0.024126 0.214478
v -0.398468 0.024313 0.215373
v -0.393754 0.008286 0.230594
v -0.395251 0.008286 0.229090
v -0.394812 0.008286 0.230153
v -0.391417 0.024743 0.226120
v -0.391469 0.024319 0.227249
v -0.392355 0.024126 0.227082
v -0.392528 0.024312 0.226187
v -0.395284 0.008286 0.212469
v -0.393793 0.008286 0.210966
v -0.394848 0.008286 0.211406
v -0.391438 0.024743 0.215439
v -0.391494 0.024319 0.214311
v -0.392380 0.024126 0.214478
v -0.392550 0.024312 0.215373
v -0.375486 0.008286 0.229090
v -0.376978 0.008286 0.230594
v -0.375922 0.008286 0.230153
v -0.379354 0.024743 0.226120
v -0.379298 0.024319 0.227249
v -0.378412 0.024126 0.227082
v -0.378243 0.024313 0.226187
v -0.377017 0.008286 0.210966
v -0.375519 0.008286 0.212469
v -0.375959 0.008286 0.211406
v -0.379376 0.024743 0.215439
v -0.379324 0.024319 0.214311
v -0.378437 0.024126 0.214478
v -0.378264 0.024313 0.215373
v -0.373549 0.008286 0.230594
v -0.375046 0.008286 0.229090
v -0.374607 0.008286 0.230153
v -0.371212 0.024743 0.226120
v -0.371264 0.024319 0.227249
v -0.372150 0.024126 0.227082
v -0.372323 0.024312 0.226187
v -0.375080 0.008286 0.212469
v -0.373588 0.008286 0.210966
v -0.374644 0.008286 0.211406
v -0.371234 0.024743 0.215439
v -0.371290 0.024319 0.214311
v -0.372175 0.024126 0.214478
v -0.372345 0.024312 0.215373
v -0.355281 0.008286 0.229090
v -0.356772 0.008286 0.230594
v -0.355716 0.008286 0.230153
v -0.359149 0.024743 0.226120
v -0.359093 0.024319 0.227249
v -0.358207 0.024126 0.227082
v -0.358037 0.024313 0.226187
v -0.356812 0.008286 0.210966
v -0.355314 0.008286 0.212469
v -0.355754 0.008286 0.211406
v -0.359171 0.024743 0.215439
v -0.359119 0.024319 0.214311
v -0.358232 0.024126 0.214478
v -0.358059 0.024313 0.215373
v -0.353344 0.008286 0.230594
v -0.354841 0.008286 0.229090
v -0.354401 0.008286 0.230153
v -0.351007 0.024743 0.226120
v -0.351058 0.024319 0.227249
v -0.351945 0.024126 0.227082
v -0.352118 0.024312 0.226187
v -0.354875 0.008286 0.212469
v -0.353383 0.008286 0.210966
v -0.354439 0.008286 0.211406
v -0.351029 0.024743 0.215439
v -0.351085 0.024319 0.214311
v -0.351970 0.024126 0.214478
v -0.352140 0.024312 0.215373
v -0.335074 0.008286 0.229090
v -0.336566 0.008286 0.230594
v -0.335510 0.008286 0.230153
v -0.338943 0.024743 0.226120
v -0.338887 0.024319 0.227249
v -0.338001 0.024126 0.227082
v -0.337831 0.024313 0.226187
v -0.336606 0.008286 0.210966
v -0.335109 0.008286 0.212469
v -0.335548 0.008286 0.211406
v -0.338965 0.024743 0.215439
v -0.338914 0.024319 0.214311
v -0.338027 0.024126 0.214478
v -0.337854 0.024313 0.215373
v -0.333137 0.008286 0.230594
v -0.334635 0.008286 0.229090
v -0.334195 0.008286 0.230153
v -0.330801 0.024743 0.226120
v -0.330852 0.024319 0.227249
v -0.331739 0.024126 0.227082
v -0.331912 0.024312 0.226187
v -0.334669 0.008286 0.212469
v -0.333178 0.008286 0.210966
v -0.334233 0.008286 0.211406
v -0.330823 0.024743 0.215439
v -0.330879 0.024319 0.214311
v -0.331765 0.024126 0.214478
v -0.331934 0.024312 0.215373
v -0.314867 0.008286 0.229090
v -0.316359 0.008286 0.230594
v -0.315303 0.008286 0.230153
v -0.318736 0.024743 0.226120
v -0.318680 0.024319 0.227249
v -0.317794 0.024126 0.227082
v -0.317625 0.024313 0.226187
v -0.316400 0.008286 0.210966
v -0.314902 0.008286 0.212469
v -0.315342 0.008286 0.211406
v -0.318759 0.024743 0.215439
v -0.318707 0.024319 0.214311
v -0.317820 0.024126 0.214478
v -0.317647 0.024313 0.215373
v -0.312930 0.008286 0.230594
v -0.314428 0.008286 0.229090
v -0.313988 0.008286 0.230153
v -0.310594 0.024743 0.226120
v -0.310645 0.024319 0.227249
v -0.311532 0.024126 0.227082
v -0.311705 0.024312 0.226187
v -0.314462 0.008286 0.212469
v -0.312971 0.008286 0.210966
v -0.314027 0.008286 0.211406
v -0.310617 0.024743 0.215439
v -0.310672 0.024319 0.214311
v -0.311558 0.024126 0.214478
v -0.311728 0.024312 0.215373
v -0.294660 0.008286 0.229090
v -0.296151 0.008286 0.230594
v -0.295095 0.008286 0.230153
v -0.298529 0.024743 0.226120
v -0.298473 0.024319 0.227249
v -0.297587 0.024126 0.227082
v -0.297417 0.024313 0.226187
v -0.296192 0.008286 0.210966
v -0.294695 0.008286 0.212469
v -0.295135 0.008286 0.211406
v -0.298552 0.024743 0.215439
v -0.298500 0.024319 0.214311
v -0.297613 0.024126 0.214478
v -0.297440 0.024313 0.215373
v -0.292723 0.008286 0.230594
v -0.294220 0.008286 0.229090
v -0.293780 0.008286 0.230153
v -0.290387 0.024743 0.226120
v -0.290438 0.024319 0.227249
v -0.291324 0.024126 0.227082
v -0.291497 0.024312 0.226187
v -0.294255 0.008286 0.212469
v -0.292764 0.008286 0.210966
v -0.293820 0.008286 0.211406
v -0.290409 0.024743 0.215439
v -0.290465 0.024319 0.214311
v -0.291351 0.024126 0.214478
v -0.291520 0.024312 0.215373
v -0.274451 0.008286 0.229090
v -0.275943 0.008286 0.230594
v -0.274887 0.008286 0.230153
v -0.278321 0.024743 0.226120
v -0.278265 0.024319 0.227249
v -0.277379 0.024126 0.227082
v -0.277209 0.024313 0.226187
v -0.275984 0.008286 0.210966
v -0.274487 0.008286 0.212469
v -0.274927 0.008286 0.211406
v -0.278344 0.024743 0.215439
v -0.278292 0.024319 0.214311
v -0.277406 0.024126 0.214478
v -0.277233 0.024313 0.215373
v -0.272514 0.008286 0.230594
v -0.274011 0.008286 0.229090
v -0.273572 0.008286 0.230153
v -0.270178 0.024743 0.226120
v -0.270230 0.024319 0.227249
v -0.271116 0.024126 0.227082
v -0.271289 0.024312 0.226187
v -0.274047 0.008286 0.212469
v -0.272556 0.008286 0.210966
v -0.273612 0.008286 0.211406
v -0.270201 0.024743 0.215439
v -0.270257 0.024319 0.214311
v -0.271143 0.024126 0.214478
v -0.271313 0.024312 0.215373
v -0.254242 0.008286 0.229090
v -0.255733 0.008286 0.230594
v -0.254677 0.008286 0.230153
v -0.258112 0.024743 0.226120
v -0.258056 0.024319 0.227249
v -0.257170 0.024126 0.227082
v -0.257000 0.024313 0.226187
v -0.255776 0.008286 0.210966
v -0.254278 0.008286 0.212469
v -0.254718 0.008286 0.211406
v -0.258136 0.024743 0.215439
v -0.258084 0.024319 0.214311
v -0.257197 0.024126 0.214478
v -0.257024 0.024313 0.215373
v -0.252305 0.008286 0.230594
v -0.253802 0.008286 0.229090
v -0.253362 0.008286 0.230153
v -0.249969 0.024743 0.226120
v -0.250020 0.024319 0.227249
v -0.250907 0.024126 0.227082
v -0.251080 0.024312 0.226187
v -0.253838 0.008286 0.212469
v -0.252348 0.008286 0.210966
v -0.253403 0.008286 0.211406
v -0.249993 0.024743 0.215439
v -0.250049 0.024319 0.214311
v -0.250934 0.024126 0.214478
v -0.251104 0.024312 0.215373
v -0.234032 0.008286 0.229090
v -0.235523 0.008286 0.230594
v -0.234467 0.008286 0.230153
v -0.237902 0.024743 0.226120
v -0.237846 0.024319 0.227249
v -0.236960 0.024126 0.227082
v -0.236791 0.024313 0.226187
v -0.235566 0.008286 0.210966
v -0.234069 0.008286 0.212469
v -0.234509 0.008286 0.211406
v -0.237926 0.024743 0.215439
v -0.237875 0.024319 0.214311
v -0.236988 0.024126 0.214478
v -0.236815 0.024313 0.215373
v -0.232095 0.008286 0.230594
v -0.233592 0.008286 0.229090
v -0.233152 0.008286 0.230153
v -0.229759 0.024743 0.226120
v -0.229810 0.024319 0.227249
v -0.230697 0.024126 0.227082
v -0.230870 0.024312 0.226187
v -0.233629 0.008286 0.212469
v -0.232138 0.008286 0.210966
v -0.233194 0.008286 0.211406
v -0.229783 0.024743 0.215439
v -0.229839 0.024319 0.214311
v -0.230725 0.024126 0.214478
v -0.230894 0.024312 0.215373
v -0.213821 0.008286 0.229090
v -0.215312 0.008286 0.230594
v -0.214256 0.008286 0.230153
v -0.217692 0.024743 0.226120
v -0.217635 0.024319 0.227249
v -0.216749 0.024126 0.227082
v -0.216580 0.024313 0.226187
v -0.215356 0.008286 0.210966
v -0.213858 0.008286 0.212469
v -0.214298 0.008286 0.211406
v -0.217716 0.024743 0.215439
v -0.217664 0.024319 0.214311
v -0.216778 0.024126 0.214478
v -0.216604 0.024313 0.215373
v -0.211884 0.008286 0.230594
v -0.213381 0.008286 0.229090
v -0.212941 0.008286 0.230153
v -0.209548 0.024743 0.226120
v -0.209599 0.024319 0.227249
v -0.210486 0.024126 0.227082
v -0.210659 0.024312 0.226187
v -0.213418 0.008286 0.212469
v -0.211928 0.008286 0.210966
v -0.212983 0.008286 0.211406
v -0.209573 0.024743 0.215439
v -0.209629 0.024319 0.214311
v -0.210514 0.024126 0.214478
v -0.210684 0.024312 0.215373
v -0.193609 0.008286 0.229090
v -0.195100 0.008286 0.230594
v -0.194044 0.008286 0.230153
v -0.197480 0.024743 0.226120
v -0.197424 0.024319 0.227249
v -0.196538 0.024126 0.227082
v -0.196369 0.024313 0.226187
v -0.195145 0.008286 0.210966
v -0.193647 0.008286 0.212469
v -0.194087 0.008286 0.211406
v -0.197505 0.024743 0.215439
v -0.197453 0.024319 0.214311
v -0.196566 0.024126 0.214478
v -0.196393 0.024313 0.215373
v -0.191672 0.008286 0.230594
v -0.193169 0.008286 0.229090
v -0.192729 0.008286 0.230153
v -0.189337 0.024743 0.226120
v -0.189388 0.024319 0.227249
v -0.190274 0.024126 0.227082
v -0.190447 0.024312 0.226187
v -0.193207 0.008286 0.212469
v -0.191716 0.008286 0.210966
v -0.192772 0.008286 0.211406
v -0.189361 0.024743 0.215439
v -0.189417 0.024319 0.214311
v -0.190303 0.024126 0.214478
v -0.190472 0.024312 0.215373
v -0.173396 0.008286 0.229090
v -0.174887 0.008286 0.230593
v -0.173831 0.008286 0.230153
v -0.177268 0.024743 0.226120
v -0.177211 0.024319 0.227249
v -0.176325 0.024126 0.227082
v -0.176156 0.024313 0.226187
v -0.174932 0.008286 0.210966
v -0.173435 0.008286 0.212469
v -0.173875 0.008286 0.211406
v -0.177293 0.024743 0.215439
v -0.177241 0.024319 0.214311
v -0.176354 0.024126 0.214478
v -0.176181 0.024313 0.215373
v -0.406088 0.007293 0.250101
v -0.407585 0.007293 0.248598
v -0.407145 0.007293 0.249661
v -0.403751 0.023749 0.245628
v -0.403802 0.023325 0.246756
v -0.404688 0.023132 0.246589
v -0.404861 0.023319 0.245695
v -0.407618 0.007293 0.231977
v -0.406127 0.007293 0.230474
v -0.407182 0.007293 0.230914
v -0.403772 0.023749 0.234947
v -0.403828 0.023325 0.233819
v -0.404713 0.023132 0.233986
v -0.404883 0.023319 0.234880
v -0.387819 0.007293 0.248598
v -0.389311 0.007293 0.250101
v -0.388255 0.007293 0.249661
v -0.391687 0.023749 0.245628
v -0.391631 0.023325 0.246756
v -0.390745 0.023132 0.246589
v -0.390576 0.023319 0.245694
v -0.389350 0.007293 0.230474
v -0.387853 0.007293 0.231977
v -0.388293 0.007293 0.230914
v -0.391709 0.023749 0.234947
v -0.391657 0.023325 0.233819
v -0.390771 0.023132 0.233986
v -0.390598 0.023319 0.234880
v -0.385883 0.007293 0.250101
v -0.387380 0.007293 0.248598
v -0.386940 0.007293 0.249661
v -0.383546 0.023749 0.245628
v -0.383597 0.023325 0.246756
v -0.384483 0.023132 0.246589
v -0.384656 0.023319 0.245695
v -0.387413 0.007293 0.231977
v -0.385922 0.007293 0.230474
v -0.386978 0.007293 0.230914
v -0.383567 0.023749 0.234947
v -0.383623 0.023325 0.233819
v -0.384509 0.023132 0.233986
v -0.384678 0.023319 0.234880
v -0.367614 0.007293 0.248598
v -0.369105 0.007293 0.250101
v -0.368049 0.007293 0.249661
v -0.371482 0.023749 0.245628
v -0.371426 0.023325 0.246756
v -0.370540 0.023132 0.246589
v -0.370370 0.023319 0.245694
v -0.369145 0.007293 0.230474
v -0.367648 0.007293 0.231977
v -0.368088 0.007293 0.230914
v -0.371504 0.023749 0.234947
v -0.371452 0.023325 0.233819
v -0.370566 0.023132 0.233986
v -0.370393 0.023319 0.234880
v -0.365677 0.007293 0.250101
v -0.367174 0.007293 0.248598
v -0.366734 0.007293 0.249661
v -0.363340 0.023749 0.245628
v -0.363391 0.023325 0.246756
v -0.364278 0.023132 0.246589
v -0.364451 0.023319 0.245694
v -0.367208 0.007293 0.231977
v -0.365717 0.007293 0.230474
v -0.366773 0.007293 0.230914
v -0.363362 0.023749 0.234947
v -0.363418 0.023325 0.233819
v -0.364303 0.023132 0.233986
v -0.364473 0.023319 0.234881
v -0.347407 0.007293 0.248598
v -0.348899 0.007293 0.250101
v -0.347843 0.007293 0.249661
v -0.351276 0.023749 0.245628
v -0.351220 0.023325 0.246756
v -0.350334 0.023132 0.246589
v -0.350164 0.023319 0.245694
v -0.348939 0.007293 0.230474
v -0.347442 0.007293 0.231977
v -0.347882 0.007293 0.230914
v -0.351298 0.023749 0.234947
v -0.351246 0.023325 0.233819
v -0.350360 0.023132 0.233986
v -0.350187 0.023319 0.234880
v -0.345470 0.007293 0.250101
v -0.346967 0.007293 0.248598
v -0.346528 0.007293 0.249661
v -0.343134 0.023749 0.245628
v -0.343185 0.023325 0.246756
v -0.344071 0.023132 0.246589
v -0.344245 0.023319 0.245694
v -0.347002 0.007293 0.231977
v -0.345511 0.007293 0.230474
v -0.346567 0.007293 0.230914
v -0.343156 0.023749 0.234947
v -0.343212 0.023325 0.233819
v -0.344098 0.023132 0.233986
v -0.344267 0.023319 0.234880
v -0.327200 0.007293 0.248598
v -0.328692 0.007293 0.250101
v -0.327636 0.007293 0.249661
v -0.331069 0.023749 0.245628
v -0.331013 0.023325 0.246756
v -0.330127 0.023132 0.246589
v -0.329957 0.023319 0.245694
v -0.328733 0.007293 0.230474
v -0.327235 0.007293 0.231977
v -0.327675 0.007293 0.230914
v -0.331092 0.023749 0.234947
v -0.331040 0.023325 0.233819
v -0.330153 0.023132 0.233985
v -0.329980 0.023319 0.234880
v -0.325263 0.007293 0.250101
v -0.326760 0.007293 0.248598
v -0.326321 0.007293 0.249661
v -0.322927 0.023749 0.245628
v -0.322978 0.023325 0.246756
v -0.323864 0.023132 0.246589
v -0.324038 0.023319 0.245694
v -0.326795 0.007293 0.231977
v -0.325304 0.007293 0.230474
v -0.326360 0.007293 0.230914
v -0.322949 0.023749 0.234947
v -0.323005 0.023325 0.233819
v -0.323891 0.023132 0.233986
v -0.324060 0.023319 0.234880
v -0.306992 0.007293 0.248598
v -0.308484 0.007293 0.250101
v -0.307428 0.007293 0.249661
v -0.310862 0.023749 0.245628
v -0.310805 0.023325 0.246756
v -0.309919 0.023132 0.246589
v -0.309750 0.023319 0.245694
v -0.308525 0.007293 0.230474
v -0.307028 0.007293 0.231977
v -0.307468 0.007293 0.230914
v -0.310885 0.023749 0.234947
v -0.310833 0.023325 0.233819
v -0.309946 0.023132 0.233986
v -0.309773 0.023319 0.234880
v -0.305055 0.007293 0.250101
v -0.306553 0.007293 0.248598
v -0.306113 0.007293 0.249661
v -0.302719 0.023749 0.245628
v -0.302770 0.023325 0.246756
v -0.303657 0.023132 0.246589
v -0.303830 0.023319 0.245694
v -0.306588 0.007293 0.231977
v -0.305097 0.007293 0.230474
v -0.306153 0.007293 0.230914
v -0.302742 0.023749 0.234947
v -0.302798 0.023325 0.233819
v -0.303684 0.023132 0.233986
v -0.303853 0.023319 0.234880
v -0.286784 0.007293 0.248598
v -0.288275 0.007293 0.250101
v -0.287219 0.007293 0.249661
v -0.290653 0.023749 0.245628
v -0.290597 0.023325 0.246756
v -0.289711 0.023132 0.246589
v -0.289542 0.023319 0.245694
v -0.288317 0.007293 0.230474
v -0.286820 0.007293 0.231977
v -0.287260 0.007293 0.230914
v -0.290677 0.023749 0.234947
v -0.290625 0.023325 0.233819
v -0.289738 0.023132 0.233985
v -0.289565 0.023319 0.234880
v -0.284847 0.007293 0.250101
v -0.286344 0.007293 0.248598
v -0.285904 0.007293 0.249661
v -0.282511 0.023749 0.245628
v -0.282562 0.023325 0.246756
v -0.283448 0.023132 0.246589
v -0.283621 0.023319 0.245694
v -0.286380 0.007293 0.231977
v -0.284889 0.007293 0.230474
v -0.285945 0.007293 0.230914
v -0.282534 0.023749 0.234947
v -0.282590 0.023325 0.233819
v -0.283475 0.023132 0.233986
v -0.283645 0.023319 0.234880
v -0.266574 0.007293 0.248598
v -0.268066 0.007293 0.250101
v -0.267010 0.007293 0.249661
v -0.270444 0.023749 0.245628
v -0.270388 0.023325 0.246756
v -0.269502 0.023132 0.246589
v -0.269333 0.023319 0.245694
v -0.268109 0.007293 0.230474
v -0.266611 0.007293 0.231977
v -0.267051 0.007293 0.230914
v -0.270468 0.023749 0.234947
v -0.270416 0.023325 0.233819
v -0.269530 0.023132 0.233985
v -0.269356 0.023319 0.234880
v -0.264637 0.007293 0.250101
v -0.266135 0.007293 0.248598
v -0.265695 0.007293 0.249661
v -0.262301 0.023749 0.245628
v -0.262352 0.023325 0.246756
v -0.263239 0.023132 0.246589
v -0.263412 0.023319 0.245694
v -0.266171 0.007293 0.231977
v -0.264680 0.007293 0.230474
v -0.265736 0.007293 0.230914
v -0.262325 0.023749 0.234947
v -0.262381 0.023325 0.233819
v -0.263267 0.023132 0.233985
v -0.263436 0.023319 0.234880
v -0.246364 0.007293 0.248598
v -0.247855 0.007293 0.250101
v -0.246800 0.007293 0.249661
v -0.250235 0.023749 0.245628
v -0.250178 0.023325 0.246756
v -0.249292 0.023132 0.246589
v -0.249123 0.023319 0.245694
v -0.247899 0.007293 0.230474
v -0.246401 0.007293 0.231977
v -0.246841 0.007293 0.230914
v -0.250258 0.023749 0.234947
v -0.250207 0.023325 0.233819
v -0.249320 0.023132 0.233985
v -0.249147 0.023319 0.234880
v -0.244427 0.007293 0.250101
v -0.245924 0.007293 0.248598
v -0.245484 0.007293 0.249661
v -0.242091 0.023749 0.245628
v -0.242142 0.023325 0.246756
v -0.243029 0.023132 0.246589
v -0.243202 0.023319 0.245694
v -0.245961 0.007293 0.231977
v -0.244471 0.007293 0.230474
v -0.245526 0.007293 0.230914
v -0.242115 0.023749 0.234947
v -0.242171 0.023325 0.233819
v -0.243057 0.023132 0.233985
v -0.243226 0.023319 0.234880
v -0.226153 0.007293 0.248598
v -0.227644 0.007293 0.250101
v -0.226589 0.007293 0.249661
v -0.230024 0.023749 0.245628
v -0.229967 0.023325 0.246756
v -0.229081 0.023132 0.246589
v -0.228912 0.023319 0.245694
v -0.227688 0.007293 0.230474
v -0.226191 0.007293 0.231977
v -0.226631 0.007293 0.230914
v -0.230048 0.023749 0.234947
v -0.229996 0.023325 0.233819
v -0.229110 0.023132 0.233985
v -0.228937 0.023319 0.234880
v -0.224216 0.007293 0.250101
v -0.225713 0.007293 0.248598
v -0.225273 0.007293 0.249661
v -0.221880 0.023749 0.245628
v -0.221931 0.023325 0.246756
v -0.222818 0.023132 0.246589
v -0.222991 0.023319 0.245694
v -0.225751 0.007293 0.231977
v -0.224260 0.007293 0.230474
v -0.225316 0.007293 0.230914
v -0.221905 0.023749 0.234947
v -0.221961 0.023325 0.233819
v -0.222846 0.023132 0.233985
v -0.223016 0.023319 0.234880
v -0.205941 0.007293 0.248598
v -0.207432 0.007293 0.250101
v -0.206377 0.007293 0.249661
v -0.209812 0.023749 0.245628
v -0.209756 0.023325 0.246756
v -0.208870 0.023132 0.246589
v -0.208701 0.023319 0.245694
v -0.207477 0.007293 0.230474
v -0.205979 0.007293 0.231977
v -0.206419 0.007293 0.230914
v -0.209837 0.023749 0.234947
v -0.209785 0.023325 0.233819
v -0.208899 0.023132 0.233985
v -0.208725 0.023319 0.234880
v -0.204004 0.007293 0.250101
v -0.205501 0.007293 0.248598
v -0.205061 0.007293 0.249661
v -0.201669 0.023749 0.245628
v -0.201720 0.023325 0.246756
v -0.202606 0.023132 0.246589
v -0.202779 0.023319 0.245694
v -0.205539 0.007293 0.231977
v -0.204049 0.007293 0.230474
v -0.205104 0.007293 0.230914
v -0.201693 0.023749 0.234947
v -0.201749 0.023325 0.233819
v -0.202635 0.023132 0.233985
v -0.202804 0.023319 0.234880
v -0.185728 0.007293 0.248598
v -0.187219 0.007293 0.250101
v -0.186164 0.007293 0.249661
v -0.189600 0.023749 0.245628
v -0.189543 0.023325 0.246756
v -0.188657 0.023132 0.246589
v -0.188488 0.023319 0.245694
v -0.187265 0.007293 0.230474
v -0.185767 0.007293 0.231977
v -0.186207 0.007293 0.230914
v -0.189625 0.023749 0.234947
v -0.189573 0.023325 0.233819
v -0.188686 0.023132 0.233985
v -0.188513 0.023319 0.234880
v -0.183791 0.007293 0.250101
v -0.185288 0.007293 0.248598
v -0.184848 0.007293 0.249661
v -0.181456 0.023749 0.245628
v -0.181507 0.023325 0.246756
v -0.182393 0.023132 0.246589
v -0.182567 0.023319 0.245694
v -0.185327 0.007293 0.231977
v -0.183836 0.007293 0.230474
v -0.184892 0.007293 0.230914
v -0.181481 0.023749 0.234947
v -0.181537 0.023325 0.233818
v -0.182423 0.023132 0.233985
v -0.182592 0.023319 0.234880
v -0.165514 0.007293 0.248598
v -0.167005 0.007293 0.250101
v -0.165950 0.007293 0.249661
v -0.169386 0.023749 0.245628
v -0.169330 0.023325 0.246756
v -0.168444 0.023132 0.246589
v -0.168275 0.023319 0.245694
v -0.167051 0.007293 0.230474
v -0.165554 0.007293 0.231977
v -0.165994 0.007293 0.230914
v -0.169411 0.023749 0.234947
v -0.169360 0.023325 0.233819
v -0.168473 0.023132 0.233985
v -0.168300 0.023319 0.234880
v -0.387359 0.022875 0.254259
v -0.387307 0.022450 0.253131
v -0.386420 0.022258 0.253298
v -0.386247 0.022444 0.254192
v -0.385000 0.006418 0.249786
v -0.383503 0.006418 0.251289
v -0.383942 0.006418 0.250226
v -0.387337 0.022875 0.264940
v -0.386394 0.022258 0.265901
v -0.386225 0.022444 0.265006
v -0.387280 0.022450 0.266068
v -0.383468 0.006418 0.267910
v -0.384960 0.006418 0.269413
v -0.383904 0.006418 0.268973
v -0.399422 0.022875 0.254259
v -0.400533 0.022444 0.254193
v -0.400363 0.022258 0.253298
v -0.399478 0.022450 0.253131
v -0.403268 0.006418 0.251289
v -0.401777 0.006418 0.249786
v -0.402833 0.006418 0.250226
v -0.399400 0.022875 0.264940
v -0.400511 0.022444 0.265006
v -0.400338 0.022258 0.265901
v -0.399451 0.022450 0.266068
v -0.401737 0.006418 0.269413
v -0.403234 0.006418 0.267910
v -0.402795 0.006418 0.268973
v -0.381532 0.006418 0.269413
v -0.383029 0.006418 0.267910
v -0.382589 0.006418 0.268973
v -0.379194 0.022875 0.264940
v -0.379246 0.022450 0.266068
v -0.380132 0.022258 0.265901
v -0.380305 0.022444 0.265006
v -0.383063 0.006418 0.251289
v -0.381572 0.006418 0.249786
v -0.382627 0.006418 0.250226
v -0.379216 0.022875 0.254259
v -0.379272 0.022450 0.253131
v -0.380158 0.022258 0.253298
v -0.380328 0.022444 0.254192
v -0.363262 0.006418 0.267910
v -0.364753 0.006418 0.269413
v -0.363697 0.006418 0.268973
v -0.367130 0.022875 0.264940
v -0.367074 0.022450 0.266068
v -0.366188 0.022258 0.265901
v -0.366019 0.022444 0.265006
v -0.364794 0.006418 0.249786
v -0.363297 0.006418 0.251289
v -0.363736 0.006418 0.250226
v -0.367153 0.022875 0.254259
v -0.367101 0.022450 0.253131
v -0.366214 0.022258 0.253298
v -0.366041 0.022444 0.254192
v -0.361325 0.006418 0.269413
v -0.362822 0.006418 0.267910
v -0.362382 0.006418 0.268973
v -0.358988 0.022875 0.264940
v -0.359039 0.022450 0.266068
v -0.359926 0.022258 0.265901
v -0.360099 0.022444 0.265006
v -0.362857 0.006418 0.251289
v -0.361366 0.006418 0.249786
v -0.362421 0.006418 0.250226
v -0.359011 0.022875 0.254259
v -0.359066 0.022450 0.253131
v -0.359952 0.022258 0.253298
v -0.360122 0.022444 0.254192
v -0.343055 0.006418 0.267910
v -0.344546 0.006418 0.269413
v -0.343490 0.006418 0.268973
v -0.346924 0.022875 0.264940
v -0.346867 0.022450 0.266068
v -0.345981 0.022258 0.265901
v -0.345812 0.022444 0.265006
v -0.344587 0.006418 0.249786
v -0.343090 0.006418 0.251289
v -0.343530 0.006418 0.250226
v -0.346946 0.022875 0.254259
v -0.346895 0.022450 0.253131
v -0.346008 0.022258 0.253298
v -0.345835 0.022444 0.254192
v -0.341118 0.006418 0.269413
v -0.342615 0.006418 0.267910
v -0.342175 0.006418 0.268973
v -0.338781 0.022875 0.264940
v -0.338832 0.022450 0.266068
v -0.339719 0.022258 0.265901
v -0.339892 0.022444 0.265006
v -0.342650 0.006418 0.251289
v -0.341159 0.006418 0.249786
v -0.342215 0.006418 0.250226
v -0.338804 0.022875 0.254259
v -0.338860 0.022450 0.253131
v -0.339745 0.022258 0.253298
v -0.339915 0.022444 0.254192
v -0.322847 0.006418 0.267910
v -0.324338 0.006418 0.269413
v -0.323283 0.006418 0.268973
v -0.326716 0.022875 0.264940
v -0.326660 0.022450 0.266068
v -0.325774 0.022258 0.265901
v -0.325604 0.022444 0.265006
v -0.324380 0.006418 0.249786
v -0.322883 0.006418 0.251289
v -0.323323 0.006418 0.250226
v -0.326739 0.022875 0.254259
v -0.326687 0.022450 0.253131
v -0.325801 0.022258 0.253297
v -0.325628 0.022444 0.254192
v -0.320910 0.006418 0.269413
v -0.322407 0.006418 0.267910
v -0.321967 0.006418 0.268973
v -0.318574 0.022875 0.264940
v -0.318625 0.022450 0.266068
v -0.319511 0.022258 0.265901
v -0.319684 0.022444 0.265006
v -0.322443 0.006418 0.251289
v -0.320952 0.006418 0.249786
v -0.322007 0.006418 0.250226
v -0.318597 0.022875 0.254259
v -0.318652 0.022450 0.253131
v -0.319538 0.022258 0.253297
v -0.319708 0.022444 0.254192
v -0.302639 0.006418 0.267910
v -0.304130 0.006418 0.269413
v -0.303074 0.006418 0.268973
v -0.306508 0.022875 0.264940
v -0.306451 0.022450 0.266068
v -0.305565 0.022258 0.265901
v -0.305396 0.022444 0.265006
v -0.304172 0.006418 0.249786
v -0.302675 0.006418 0.251289
v -0.303115 0.006418 0.250226
v -0.306531 0.022875 0.254259
v -0.306479 0.022450 0.253131
v -0.305593 0.022258 0.253297
v -0.305420 0.022444 0.254192
v -0.300701 0.006418 0.269413
v -0.302199 0.006418 0.267910
v -0.301759 0.006418 0.268973
v -0.298365 0.022875 0.264940
v -0.298416 0.022450 0.266068
v -0.299303 0.022258 0.265901
v -0.299476 0.022444 0.265006
v -0.302235 0.006418 0.251289
v -0.300744 0.006418 0.249786
v -0.301799 0.006418 0.250226
v -0.298388 0.022875 0.254259
v -0.298444 0.022450 0.253131
v -0.299330 0.022258 0.253297
v -0.299499 0.022444 0.254192
v -0.282429 0.006418 0.267910
v -0.283920 0.006418 0.269413
v -0.282865 0.006418 0.268973
v -0.286299 0.022875 0.264940
v -0.286242 0.022450 0.266068
v -0.285356 0.022258 0.265901
v -0.285187 0.022444 0.265006
v -0.283963 0.006418 0.249786
v -0.282466 0.006418 0.251289
v -0.282906 0.006418 0.250226
v -0.286322 0.022875 0.254259
v -0.286271 0.022450 0.253131
v -0.285384 0.022258 0.253297
v -0.285211 0.022444 0.254192
v -0.280492 0.006418 0.269413
v -0.281989 0.006418 0.267910
v -0.281549 0.006418 0.268973
v -0.278156 0.022875 0.264940
v -0.278207 0.022450 0.266068
v -0.279093 0.022258 0.265901
v -0.279267 0.022444 0.265006
v -0.282026 0.006418 0.251289
v -0.280535 0.006418 0.249786
v -0.281591 0.006418 0.250226
v -0.278179 0.022875 0.254259
v -0.278236 0.022450 0.253131
v -0.279121 0.022258 0.253297
v -0.279291 0.022444 0.254192
v -0.262219 0.006418 0.267910
v -0.263710 0.006418 0.269413
v -0.262654 0.006418 0.268973
v -0.266089 0.022875 0.264940
v -0.266033 0.022450 0.266068
v -0.265147 0.022258 0.265901
v -0.264977 0.022444 0.265006
v -0.263754 0.006418 0.249786
v -0.262256 0.006418 0.251289
v -0.262696 0.006418 0.250226
v -0.266113 0.022875 0.254259
v -0.266061 0.022450 0.253131
v -0.265175 0.022258 0.253297
v -0.265002 0.022444 0.254192
v -0.260282 0.006418 0.269413
v -0.261779 0.006418 0.267910
v -0.261339 0.006418 0.268973
v -0.257946 0.022875 0.264940
v -0.257997 0.022450 0.266068
v -0.258883 0.022258 0.265901
v -0.259057 0.022444 0.265006
v -0.261816 0.006418 0.251289
v -0.260325 0.006418 0.249786
v -0.261381 0.006418 0.250226
v -0.257970 0.022875 0.254259
v -0.258026 0.022450 0.253131
v -0.258912 0.022258 0.253297
v -0.259081 0.022444 0.254192
v -0.242008 0.006418 0.267910
v -0.243499 0.006418 0.269413
v -0.242443 0.006418 0.268973
v -0.245878 0.022875 0.264940
v -0.245822 0.022450 0.266068
v -0.244936 0.022258 0.265901
v -0.244767 0.022444 0.265006
v -0.243543 0.006418 0.249786
v -0.242046 0.006418 0.251289
v -0.242486 0.006418 0.250226
v -0.245903 0.022875 0.254259
v -0.245851 0.022450 0.253131
v -0.244964 0.022258 0.253297
v -0.244791 0.022444 0.254192
v -0.240071 0.006418 0.269413
v -0.241568 0.006418 0.267910
v -0.241128 0.006418 0.268973
v -0.237735 0.022875 0.264940
v -0.237786 0.022450 0.266068
v -0.238672 0.022258 0.265901
v -0.238846 0.022444 0.265006
v -0.241606 0.006418 0.251289
v -0.240115 0.006418 0.249786
v -0.241170 0.006418 0.250226
v -0.237759 0.022875 0.254259
v -0.237815 0.022450 0.253130
v -0.238701 0.022258 0.253297
v -0.238870 0.022444 0.254192
v -0.221796 0.006418 0.267910
v -0.223287 0.006418 0.269413
v -0.222232 0.006418 0.268973
v -0.225667 0.022875 0.264940
v -0.225610 0.022450 0.266068
v -0.224724 0.022258 0.265901
v -0.224555 0.022444 0.265006
v -0.223332 0.006418 0.249786
v -0.221834 0.006418 0.251289
v -0.222274 0.006418 0.250226
v -0.225691 0.022875 0.254259
v -0.225640 0.022450 0.253131
v -0.224753 0.022258 0.253297
v -0.224580 0.022444 0.254192
v -0.219859 0.006418 0.269413
v -0.221356 0.006418 0.267910
v -0.220916 0.006418 0.268973
v -0.217523 0.022875 0.264940
v -0.217574 0.022450 0.266068
v -0.218461 0.022258 0.265901
v -0.218634 0.022444 0.265006
v -0.221394 0.006418 0.251289
v -0.219904 0.006418 0.249786
v -0.220959 0.006418 0.250226
v -0.217548 0.022875 0.254259
v -0.217604 0.022450 0.253130
v -0.218490 0.022258 0.253297
v -0.218659 0.022444 0.254192
v -0.201583 0.006418 0.267910
v -0.203074 0.006418 0.269413
v -0.202019 0.006418 0.268973
v -0.205455 0.022875 0.264940
v -0.205398 0.022450 0.266068
v -0.204512 0.022258 0.265901
v -0.204343 0.022444 0.265006
v -0.203120 0.006418 0.249786
v -0.201622 0.006418 0.251289
v -0.202062 0.006418 0.250226
v -0.205479 0.022875 0.254259
v -0.205428 0.022450 0.253131
v -0.204541 0.022258 0.253297
v -0.204368 0.022444 0.254192
v -0.199646 0.006418 0.269413
v -0.201144 0.006418 0.267910
v -0.200703 0.006418 0.268973
v -0.197311 0.022875 0.264940
v -0.197362 0.022450 0.266068
v -0.198248 0.022258 0.265901
v -0.198421 0.022444 0.265006
v -0.201182 0.006418 0.251289
v -0.199691 0.006418 0.249786
v -0.200747 0.006418 0.250226
v -0.197336 0.022875 0.254259
v -0.197392 0.022450 0.253130
v -0.198277 0.022258 0.253297
v -0.198447 0.022444 0.254192
v -0.181370 0.006418 0.267910
v -0.182861 0.006418 0.269413
v -0.181805 0.006418 0.268973
v -0.185241 0.022875 0.264940
v -0.185185 0.022450 0.266068
v -0.184299 0.022258 0.265901
v -0.184129 0.022444 0.265006
v -0.182907 0.006418 0.249786
v -0.181409 0.006418 0.251289
v -0.181849 0.006418 0.250226
v -0.185266 0.022875 0.254259
v -0.185215 0.022450 0.253131
v -0.184328 0.022258 0.253297
v -0.184155 0.022444 0.254192
v -0.375979 0.022159 0.273179
v -0.375927 0.021735 0.272051
v -0.375040 0.021542 0.272218
v -0.374867 0.021729 0.273113
v -0.373620 0.005702 0.268706
v -0.372123 0.005702 0.270209
v -0.372563 0.005702 0.269146
v -0.375956 0.022159 0.283860
v -0.375900 0.021735 0.284989
v -0.375014 0.021542 0.284822
v -0.374844 0.021729 0.283927
v -0.372088 0.005702 0.286830
v -0.373579 0.005702 0.288334
v -0.372523 0.005702 0.287893
v -0.388043 0.022159 0.273179
v -0.388984 0.021542 0.272218
v -0.389154 0.021728 0.273113
v -0.388098 0.021735 0.272051
v -0.391889 0.005702 0.270209
v -0.390398 0.005702 0.268706
v -0.391454 0.005702 0.269146
v -0.388020 0.022159 0.283860
v -0.389131 0.021728 0.283927
v -0.388958 0.021542 0.284822
v -0.388072 0.021735 0.284989
v -0.390357 0.005702 0.288334
v -0.391855 0.005702 0.286830
v -0.391415 0.005702 0.287893
v -0.370151 0.005702 0.288334
v -0.371648 0.005702 0.286830
v -0.371208 0.005702 0.287893
v -0.367814 0.022159 0.283860
v -0.367865 0.021735 0.284989
v -0.368751 0.021542 0.284822
v -0.368925 0.021728 0.283927
v -0.371683 0.005702 0.270209
v -0.370192 0.005702 0.268706
v -0.371247 0.005702 0.269146
v -0.367836 0.022159 0.273179
v -0.367892 0.021735 0.272051
v -0.368778 0.021542 0.272218
v -0.368947 0.021728 0.273113
v -0.351880 0.005702 0.286830
v -0.353372 0.005702 0.288334
v -0.352316 0.005702 0.287893
v -0.355749 0.022159 0.283860
v -0.355693 0.021735 0.284989
v -0.354807 0.021542 0.284822
v -0.354637 0.021729 0.283927
v -0.353413 0.005702 0.268706
v -0.351916 0.005702 0.270209
v -0.352356 0.005702 0.269146
v -0.355772 0.022159 0.273179
v -0.355720 0.021735 0.272051
v -0.354833 0.021542 0.272218
v -0.354660 0.021729 0.273113
v -0.349943 0.005702 0.288334
v -0.351441 0.005702 0.286830
v -0.351001 0.005702 0.287893
v -0.347606 0.022159 0.283860
v -0.347658 0.021735 0.284989
v -0.348544 0.021542 0.284822
v -0.348717 0.021728 0.283927
v -0.351476 0.005702 0.270209
v -0.349985 0.005702 0.268706
v -0.351041 0.005702 0.269146
v -0.347629 0.022159 0.273179
v -0.347685 0.021735 0.272051
v -0.348571 0.021542 0.272218
v -0.348741 0.021728 0.273113
v -0.331672 0.005702 0.286830
v -0.333163 0.005702 0.288334
v -0.332108 0.005702 0.287893
v -0.335541 0.022159 0.283860
v -0.335485 0.021735 0.284989
v -0.334599 0.021542 0.284822
v -0.334430 0.021729 0.283927
v -0.333206 0.005702 0.268706
v -0.331708 0.005702 0.270209
v -0.332148 0.005702 0.269146
v -0.335564 0.022159 0.273179
v -0.335513 0.021735 0.272051
v -0.334626 0.021542 0.272218
v -0.334453 0.021729 0.273113
v -0.329735 0.005702 0.288334
v -0.331232 0.005702 0.286830
v -0.330793 0.005702 0.287893
v -0.327399 0.022159 0.283860
v -0.327450 0.021735 0.284989
v -0.328336 0.021542 0.284822
v -0.328509 0.021728 0.283927
v -0.331268 0.005702 0.270209
v -0.329777 0.005702 0.268706
v -0.330833 0.005702 0.269146
v -0.327422 0.022159 0.273179
v -0.327478 0.021735 0.272051
v -0.328363 0.021542 0.272218
v -0.328533 0.021728 0.273113
v -0.311463 0.005702 0.286830
v -0.312955 0.005702 0.288334
v -0.311899 0.005702 0.287893
v -0.315333 0.022159 0.283860
v -0.315276 0.021735 0.284989
v -0.314390 0.021542 0.284822
v -0.314221 0.021729 0.283927
v -0.312997 0.005702 0.268706
v -0.311500 0.005702 0.270209
v -0.311940 0.005702 0.269146
v -0.315356 0.022159 0.273179
v -0.315305 0.021735 0.272051
v -0.314418 0.021542 0.272218
v -0.314245 0.021729 0.273113
v -0.309526 0.005702 0.288334
v -0.311024 0.005702 0.286830
v -0.310584 0.005702 0.287893
v -0.307190 0.022159 0.283860
v -0.307241 0.021735 0.284989
v -0.308127 0.021542 0.284822
v -0.308301 0.021728 0.283927
v -0.311060 0.005702 0.270209
v -0.309569 0.005702 0.268706
v -0.310625 0.005702 0.269146
v -0.307213 0.022159 0.273179
v -0.307269 0.021735 0.272051
v -0.308155 0.021542 0.272218
v -0.308324 0.021728 0.273113
v -0.291254 0.005702 0.286830
v -0.292745 0.005702 0.288334
v -0.291689 0.005702 0.287893
v -0.295124 0.022159 0.283860
v -0.295067 0.021735 0.284989
v -0.294181 0.021542 0.284822
v -0.294012 0.021729 0.283927
v -0.292788 0.005702 0.268706
v -0.291291 0.005702 0.270209
v -0.291731 0.005702 0.269146
v -0.295147 0.022159 0.273179
v -0.295096 0.021735 0.272051
v -0.294209 0.021542 0.272218
v -0.294036 0.021729 0.273113
v -0.289317 0.005702 0.288334
v -0.290814 0.005702 0.286830
v -0.290374 0.005702 0.287893
v -0.286980 0.022159 0.283860
v -0.287032 0.021735 0.284989
v -0.287918 0.021542 0.284822
v -0.288091 0.021728 0.283927
v -0.290851 0.005702 0.270209
v -0.289360 0.005702 0.268706
v -0.290416 0.005702 0.269146
v -0.287004 0.022159 0.273179
v -0.287060 0.021735 0.272051
v -0.287946 0.021542 0.272218
v -0.288115 0.021728 0.273113
v -0.271044 0.005702 0.286830
v -0.272535 0.005702 0.288334
v -0.271479 0.005702 0.287893
v -0.274914 0.022159 0.283860
v -0.274857 0.021735 0.284989
v -0.273971 0.021542 0.284822
v -0.273802 0.021729 0.283927
v -0.272579 0.005702 0.268706
v -0.271081 0.005702 0.270209
v -0.271521 0.005702 0.269146
v -0.274938 0.022159 0.273179
v -0.274886 0.021735 0.272051
v -0.273999 0.021542 0.272218
v -0.273826 0.021729 0.273113
v -0.269106 0.005702 0.288334
v -0.270604 0.005702 0.286830
v -0.270164 0.005702 0.287893
v -0.266770 0.022159 0.283860
v -0.266821 0.021735 0.284989
v -0.267708 0.021542 0.284822
v -0.267881 0.021728 0.283927
v -0.270641 0.005702 0.270209
v -0.269150 0.005702 0.268706
v -0.270206 0.005702 0.269146
v -0.266794 0.022159 0.273179
v -0.266850 0.021735 0.272051
v -0.267736 0.021542 0.272218
v -0.267905 0.021728 0.273113
v -0.250832 0.005702 0.286830
v -0.252323 0.005702 0.288334
v -0.251268 0.005702 0.287893
v -0.254703 0.022159 0.283860
v -0.254646 0.021735 0.284989
v -0.253760 0.021542 0.284822
v -0.253591 0.021729 0.283927
v -0.252368 0.005702 0.268706
v -0.250870 0.005702 0.270209
v -0.251310 0.005702 0.269146
v -0.254727 0.022159 0.273179
v -0.254676 0.021735 0.272051
v -0.253789 0.021542 0.272218
v -0.253616 0.021729 0.273113
v -0.248895 0.005702 0.288334
v -0.250392 0.005702 0.286830
v -0.249953 0.005702 0.287893
v -0.246559 0.022159 0.283860
v -0.246610 0.021735 0.284989
v -0.247497 0.021542 0.284822
v -0.247670 0.021728 0.283927
v -0.250430 0.005702 0.270209
v -0.248940 0.005702 0.268706
v -0.249995 0.005702 0.269146
v -0.246584 0.022159 0.273179
v -0.246640 0.021735 0.272051
v -0.247525 0.021542 0.272218
v -0.247695 0.021728 0.273113
v -0.230620 0.005702 0.286830
v -0.232111 0.005702 0.288334
v -0.231056 0.005702 0.287893
v -0.234491 0.022159 0.283860
v -0.234434 0.021735 0.284989
v -0.233548 0.021542 0.284822
v -0.233379 0.021729 0.283927
v -0.232156 0.005702 0.268706
v -0.230659 0.005702 0.270209
v -0.231099 0.005702 0.269146
v -0.234516 0.022159 0.273179
v -0.234464 0.021735 0.272051
v -0.233577 0.021542 0.272218
v -0.233404 0.021729 0.273113
v -0.228683 0.005702 0.288334
v -0.230180 0.005702 0.286830
v -0.229740 0.005702 0.287893
v -0.226347 0.022159 0.283860
v -0.226398 0.021735 0.284989
v -0.227285 0.021542 0.284822
v -0.227458 0.021728 0.283927
v -0.230219 0.005702 0.270209
v -0.228728 0.005702 0.268706
v -0.229784 0.005702 0.269146
v -0.226372 0.022159 0.273179
v -0.226428 0.021735 0.272051
v -0.227314 0.021542 0.272218
v -0.227483 0.021728 0.273113
v -0.210407 0.005702 0.286830
v -0.211899 0.005702 0.288334
v -0.210843 0.005702 0.287893
v -0.214278 0.022159 0.283860
v -0.214222 0.021735 0.284989
v -0.213336 0.021542 0.284822
v -0.213167 0.021729 0.283927
v -0.211944 0.005702 0.268706
v -0.210446 0.005702 0.270209
v -0.210886 0.005702 0.269146
v -0.214303 0.022159 0.273179
v -0.214252 0.021735 0.272051
v -0.213365 0.021542 0.272218
v -0.213192 0.021729 0.273113
v -0.208470 0.005702 0.288334
v -0.209968 0.005702 0.286830
v -0.209527 0.005702 0.287893
v -0.206134 0.022159 0.283860
v -0.206185 0.021735 0.284989
v -0.207072 0.021542 0.284822
v -0.207245 0.021728 0.283927
v -0.210006 0.005702 0.270209
v -0.208516 0.005702 0.268706
v -0.209571 0.005702 0.269146
v -0.206160 0.022159 0.273179
v -0.206216 0.021735 0.272051
v -0.207101 0.021542 0.272218
v -0.207271 0.021728 0.273113
v -0.190194 0.005702 0.286830
v -0.191685 0.005702 0.288333
v -0.190629 0.005702 0.287893
v -0.194065 0.022159 0.283860
v -0.194008 0.021735 0.284989
v -0.193122 0.021542 0.284822
v -0.192953 0.021729 0.283927
v -0.191731 0.005702 0.268706
v -0.190233 0.005702 0.270209
v -0.190673 0.005702 0.269146
v -0.194090 0.022159 0.273179
v -0.194039 0.021735 0.272051
v -0.193152 0.021542 0.272218
v -0.192979 0.021729 0.273113
v -0.397623 0.009280 0.191119
v -0.399110 0.009280 0.189634
v -0.398674 0.009280 0.190684
v -0.396330 0.025737 0.188320
v -0.396360 0.025305 0.189401
v -0.397231 0.025114 0.189223
v -0.397411 0.025305 0.188352
v -0.399135 0.009280 0.176324
v -0.397654 0.009280 0.174840
v -0.398703 0.009280 0.175275
v -0.396351 0.025737 0.177639
v -0.396385 0.025305 0.176557
v -0.397255 0.025114 0.176736
v -0.397432 0.025305 0.177606
v -0.382868 0.009280 0.189634
v -0.384349 0.009280 0.191119
v -0.383300 0.009280 0.190684
v -0.385675 0.025737 0.188320
v -0.385640 0.025305 0.189401
v -0.384770 0.025114 0.189223
v -0.384593 0.025305 0.188352
v -0.384380 0.009280 0.174840
v -0.382893 0.009280 0.176324
v -0.383330 0.009280 0.175275
v -0.385695 0.025737 0.177639
v -0.385665 0.025305 0.176557
v -0.384794 0.025114 0.176736
v -0.384614 0.025305 0.177606
v -0.379066 0.009280 0.191119
v -0.380553 0.009280 0.189634
v -0.380116 0.009280 0.190684
v -0.377773 0.025737 0.188320
v -0.377803 0.025305 0.189401
v -0.378674 0.025114 0.189223
v -0.378854 0.025305 0.188352
v -0.380578 0.009280 0.176324
v -0.379097 0.009280 0.174840
v -0.380146 0.009280 0.175275
v -0.377794 0.025737 0.177639
v -0.377828 0.025305 0.176557
v -0.378698 0.025114 0.176736
v -0.378875 0.025305 0.177606
v -0.364310 0.009280 0.189634
v -0.365791 0.009280 0.191119
v -0.364742 0.009280 0.190684
v -0.367117 0.025737 0.188320
v -0.367083 0.025305 0.189401
v -0.366212 0.025114 0.189223
v -0.366035 0.025305 0.188352
v -0.365823 0.009280 0.174840
v -0.364336 0.009280 0.176324
v -0.364772 0.009280 0.175275
v -0.367138 0.025737 0.177639
v -0.367108 0.025305 0.176557
v -0.366237 0.025114 0.176736
v -0.366056 0.025305 0.177606
v -0.360508 0.009280 0.191119
v -0.361995 0.009280 0.189634
v -0.361558 0.009280 0.190684
v -0.359215 0.025737 0.188320
v -0.359245 0.025305 0.189401
v -0.360116 0.025114 0.189223
v -0.360297 0.025305 0.188352
v -0.362021 0.009280 0.176324
v -0.360540 0.009280 0.174840
v -0.361588 0.009280 0.175275
v -0.359236 0.025737 0.177639
v -0.359270 0.025305 0.176557
v -0.360141 0.025114 0.176736
v -0.360318 0.025305 0.177606
v -0.345751 0.009280 0.189634
v -0.347233 0.009280 0.191119
v -0.346184 0.009280 0.190684
v -0.348559 0.025737 0.188320
v -0.348525 0.025305 0.189401
v -0.347654 0.025114 0.189223
v -0.347477 0.025305 0.188352
v -0.347265 0.009280 0.174840
v -0.345778 0.009280 0.176324
v -0.346214 0.009280 0.175274
v -0.348580 0.025737 0.177639
v -0.348550 0.025305 0.176557
v -0.347679 0.025114 0.176735
v -0.347499 0.025305 0.177606
v -0.341950 0.009280 0.191119
v -0.343437 0.009280 0.189634
v -0.343000 0.009280 0.190684
v -0.340657 0.025737 0.188320
v -0.340687 0.025305 0.189401
v -0.341558 0.025114 0.189223
v -0.341738 0.025305 0.188352
v -0.343463 0.009280 0.176324
v -0.341982 0.009280 0.174840
v -0.343030 0.009280 0.175275
v -0.340678 0.025737 0.177639
v -0.340712 0.025305 0.176557
v -0.341583 0.025114 0.176736
v -0.341760 0.025305 0.177606
v -0.327193 0.009280 0.189634
v -0.328674 0.009280 0.191119
v -0.327625 0.009280 0.190684
v -0.330001 0.025737 0.188320
v -0.329966 0.025305 0.189401
v -0.329095 0.025114 0.189223
v -0.328919 0.025305 0.188352
v -0.328706 0.009280 0.174840
v -0.327219 0.009280 0.176324
v -0.327656 0.009280 0.175274
v -0.330022 0.025737 0.177639
v -0.329992 0.025305 0.176557
v -0.329120 0.025114 0.176736
v -0.328940 0.025305 0.177606
v -0.303304 0.009280 0.191119
v -0.304790 0.009280 0.189634
v -0.304354 0.009280 0.190684
v -0.302011 0.025737 0.188320
v -0.302041 0.025305 0.189401
v -0.302912 0.025114 0.189223
v -0.303093 0.025305 0.188352
v -0.304818 0.009280 0.176324
v -0.303337 0.009280 0.174840
v -0.304385 0.009280 0.175275
v -0.302033 0.025737 0.177639
v -0.302067 0.025305 0.176557
v -0.302938 0.025114 0.176735
v -0.303115 0.025305 0.177606
v -0.288545 0.009280 0.189634
v -0.290026 0.009280 0.191119
v -0.288978 0.009280 0.190684
v -0.291354 0.025737 0.188320
v -0.291319 0.025305 0.189401
v -0.290449 0.025114 0.189223
v -0.290272 0.025305 0.188352
v -0.290060 0.009280 0.174840
v -0.288573 0.009280 0.176324
v -0.289010 0.009280 0.175274
v -0.291376 0.025737 0.177639
v -0.291346 0.025305 0.176557
v -0.290474 0.025114 0.176735
v -0.290294 0.025305 0.177606
v -0.284743 0.009280 0.191119
v -0.286230 0.009280 0.189634
v -0.285793 0.009280 0.190684
v -0.283451 0.025737 0.188320
v -0.283481 0.025305 0.189401
v -0.284352 0.025114 0.189223
v -0.284533 0.025305 0.188352
v -0.286258 0.009280 0.176324
v -0.284777 0.009280 0.174840
v -0.285825 0.009280 0.175275
v -0.283473 0.025737 0.177639
v -0.283508 0.025305 0.176557
v -0.284378 0.025114 0.176735
v -0.284555 0.025305 0.177606
v -0.269985 0.009280 0.189634
v -0.271466 0.009280 0.191119
v -0.270417 0.009280 0.190684
v -0.272793 0.025737 0.188320
v -0.272759 0.025305 0.189401
v -0.271888 0.025114 0.189223
v -0.271711 0.025305 0.188352
v -0.271500 0.009280 0.174840
v -0.270012 0.009280 0.176324
v -0.270449 0.009280 0.175274
v -0.272816 0.025737 0.177639
v -0.272786 0.025305 0.176557
v -0.271914 0.025114 0.176735
v -0.271734 0.025305 0.177606
v -0.266182 0.009280 0.191119
v -0.267669 0.009280 0.189634
v -0.267232 0.009280 0.190684
v -0.264891 0.025737 0.188320
v -0.264920 0.025305 0.189401
v -0.265791 0.025114 0.189223
v -0.265972 0.025305 0.188352
v -0.267697 0.009280 0.176324
v -0.266216 0.009280 0.174840
v -0.267265 0.009280 0.175274
v -0.264913 0.025737 0.177639
v -0.264947 0.025305 0.176557
v -0.265817 0.025114 0.176735
v -0.265994 0.025305 0.177606
v -0.251423 0.009280 0.189634
v -0.252904 0.009280 0.191119
v -0.251856 0.009280 0.190684
v -0.254232 0.025737 0.188320
v -0.254197 0.025305 0.189401
v -0.253327 0.025114 0.189223
v -0.253150 0.025305 0.188352
v -0.252939 0.009280 0.174840
v -0.251451 0.009280 0.176324
v -0.251888 0.009280 0.175274
v -0.254255 0.025737 0.177639
v -0.254225 0.025305 0.176557
v -0.253353 0.025114 0.176735
v -0.253173 0.025305 0.177606
v -0.247621 0.009280 0.191119
v -0.249108 0.009280 0.189634
v -0.248671 0.009280 0.190684
v -0.246329 0.025737 0.188320
v -0.246359 0.025305 0.189401
v -0.247230 0.025114 0.189223
v -0.247410 0.025305 0.188352
v -0.249136 0.009280 0.176324
v -0.247655 0.009280 0.174840
v -0.248704 0.009280 0.175274
v -0.246352 0.025737 0.177639
v -0.246386 0.025305 0.176557
v -0.247256 0.025114 0.176735
v -0.247433 0.025305 0.177606
v -0.232861 0.009280 0.189634
v -0.234342 0.009280 0.191119
v -0.233293 0.009280 0.190684
v -0.235670 0.025737 0.188320
v -0.235635 0.025305 0.189401
v -0.234765 0.025114 0.189223
v -0.234588 0.025305 0.188352
v -0.234377 0.009280 0.174840
v -0.232889 0.009280 0.176324
v -0.233326 0.009280 0.175274
v -0.235693 0.025737 0.177639
v -0.235663 0.025305 0.176557
v -0.234792 0.025114 0.176735
v -0.234611 0.025305 0.177606
v -0.208831 0.009280 0.191118
v -0.210318 0.009280 0.189634
v -0.209882 0.009280 0.190684
v -0.207540 0.025737 0.188320
v -0.207570 0.025305 0.189401
v -0.208441 0.025114 0.189223
v -0.208621 0.025305 0.188352
v -0.210348 0.009280 0.176324
v -0.208867 0.009280 0.174840
v -0.209915 0.009280 0.175274
v -0.207564 0.025737 0.177639
v -0.207598 0.025305 0.176557
v -0.208468 0.025114 0.176735
v -0.208645 0.025305 0.177606
v -0.194070 0.009280 0.189634
v -0.195551 0.009280 0.191119
v -0.194503 0.009280 0.190684
v -0.196880 0.025737 0.188320
v -0.196845 0.025305 0.189401
v -0.195975 0.025114 0.189223
v -0.195798 0.025305 0.188352
v -0.195587 0.009280 0.174840
v -0.194100 0.009280 0.176324
v -0.194537 0.009280 0.175274
v -0.196904 0.025737 0.177639
v -0.196874 0.025305 0.176557
v -0.196002 0.025114 0.176735
v -0.195822 0.025305 0.177606
v -0.190267 0.009280 0.191118
v -0.191755 0.009280 0.189634
v -0.191318 0.009280 0.190684
v -0.188977 0.025737 0.188320
v -0.189006 0.025305 0.189401
v -0.189877 0.025114 0.189223
v -0.190058 0.025305 0.188352
v -0.191784 0.009280 0.176324
v -0.190303 0.009280 0.174840
v -0.191352 0.009280 0.175274
v -0.189000 0.025737 0.177639
v -0.189035 0.025305 0.176557
v -0.189905 0.025114 0.176735
v -0.190082 0.025305 0.177606
v -0.175506 0.009280 0.189634
v -0.176987 0.009280 0.191118
v -0.175938 0.009280 0.190684
v -0.178316 0.025737 0.188320
v -0.178281 0.025305 0.189401
v -0.177410 0.025114 0.189223
v -0.177234 0.025305 0.188352
v -0.177023 0.009280 0.174840
v -0.175535 0.009280 0.176324
v -0.175973 0.009280 0.175274
v -0.178340 0.025737 0.177639
v -0.178310 0.025305 0.176557
v -0.177439 0.025114 0.176735
v -0.177258 0.025305 0.177606
v -0.171703 0.009280 0.191118
v -0.173190 0.009280 0.189634
v -0.172753 0.009280 0.190684
v -0.170412 0.025737 0.188320
v -0.170442 0.025305 0.189401
v -0.171313 0.025114 0.189223
v -0.171493 0.025305 0.188352
v -0.173220 0.009280 0.176324
v -0.171739 0.009280 0.174840
v -0.172788 0.009280 0.175274
v -0.170436 0.025737 0.177639
v -0.170471 0.025305 0.176557
v -0.171341 0.025114 0.176735
v -0.171518 0.025305 0.177606
v -0.156940 0.009280 0.189634
v -0.158421 0.009280 0.191118
v -0.157373 0.009280 0.190684
v -0.159751 0.025737 0.188320
v -0.159716 0.025305 0.189401
v -0.158845 0.025114 0.189223
v -0.158669 0.025305 0.188352
v -0.158458 0.009280 0.174840
v -0.156971 0.009280 0.176324
v -0.157408 0.009280 0.175274
v -0.159775 0.025737 0.177639
v -0.159745 0.025305 0.176557
v -0.158874 0.025114 0.176735
v -0.158693 0.025305 0.177606
v -0.153137 0.009280 0.191118
v -0.154625 0.009280 0.189634
v -0.154187 0.009280 0.190684
v -0.151847 0.025737 0.188320
v -0.151876 0.025305 0.189401
v -0.152747 0.025114 0.189223
v -0.152928 0.025305 0.188352
v -0.154655 0.009280 0.176324
v -0.153174 0.009280 0.174840
v -0.154223 0.009280 0.175274
v -0.151871 0.025737 0.177639
v -0.151906 0.025305 0.176557
v -0.152776 0.025114 0.176735
v -0.152953 0.025305 0.177606
v -0.138374 0.009280 0.189634
v -0.139855 0.009280 0.191118
v -0.138806 0.009280 0.190684
v -0.141185 0.025737 0.188320
v -0.141150 0.025305 0.189401
v -0.140279 0.025114 0.189223
v -0.140103 0.025305 0.188352
v -0.139892 0.009280 0.174840
v -0.138405 0.009280 0.176324
v -0.138842 0.009280 0.175274
v -0.141209 0.025737 0.177639
v -0.141180 0.025305 0.176557
v -0.140308 0.025114 0.176735
v -0.140128 0.025305 0.177606
v -0.433994 0.009280 0.191119
v -0.435481 0.009280 0.189635
v -0.435044 0.009280 0.190684
v -0.432700 0.025737 0.188320
v -0.432730 0.025305 0.189401
v -0.433601 0.025114 0.189223
v -0.433782 0.025305 0.188352
v -0.435505 0.009280 0.176324
v -0.434024 0.009280 0.174840
v -0.435072 0.009280 0.175275
v -0.432720 0.025737 0.177639
v -0.432754 0.025305 0.176557
v -0.433625 0.025114 0.176736
v -0.433802 0.025305 0.177606
v -0.419239 0.009280 0.189634
v -0.420720 0.009280 0.191119
v -0.419672 0.009280 0.190684
v -0.422046 0.025737 0.188320
v -0.422011 0.025305 0.189402
v -0.421141 0.025114 0.189223
v -0.420964 0.025305 0.188352
v -0.420751 0.009280 0.174840
v -0.419264 0.009280 0.176324
v -0.419700 0.009280 0.175275
v -0.422066 0.025737 0.177639
v -0.422035 0.025305 0.176557
v -0.421164 0.025114 0.176736
v -0.420984 0.025305 0.177606
v -0.125522 0.009280 0.191118
v -0.127009 0.009280 0.189634
v -0.126572 0.009280 0.190684
v -0.124231 0.025737 0.188320
v -0.124261 0.025305 0.189401
v -0.125132 0.025114 0.189223
v -0.125313 0.025305 0.188352
v -0.127040 0.009280 0.176324
v -0.125559 0.009280 0.174840
v -0.126608 0.009280 0.175274
v -0.124256 0.025737 0.177639
v -0.124291 0.025305 0.176557
v -0.125161 0.025114 0.176735
v -0.125338 0.025305 0.177606
v -0.110757 0.009280 0.189634
v -0.112238 0.009280 0.191118
v -0.111190 0.009280 0.190684
v -0.113568 0.025737 0.188320
v -0.113533 0.025305 0.189401
v -0.112663 0.025114 0.189223
v -0.112486 0.025305 0.188352
v -0.112276 0.009280 0.174840
v -0.110789 0.009280 0.176324
v -0.111226 0.009280 0.175274
v -0.113594 0.025737 0.177639
v -0.113564 0.025305 0.176557
v -0.112692 0.025114 0.176735
v -0.112512 0.025305 0.177606
v -0.106954 0.009280 0.191118
v -0.108441 0.009280 0.189634
v -0.108004 0.009280 0.190684
v -0.105664 0.025737 0.188320
v -0.105693 0.025305 0.189401
v -0.106564 0.025114 0.189223
v -0.106745 0.025305 0.188352
v -0.108473 0.009280 0.176324
v -0.106992 0.009280 0.174840
v -0.108040 0.009280 0.175274
v -0.105689 0.025737 0.177638
v -0.105724 0.025305 0.176557
v -0.106594 0.025114 0.176735
v -0.106770 0.025305 0.177606
v -0.092189 0.009280 0.189634
v -0.093669 0.009280 0.191118
v -0.092621 0.009280 0.190684
v -0.095000 0.025737 0.188320
v -0.094965 0.025305 0.189401
v -0.094095 0.025114 0.189223
v -0.093918 0.025305 0.188352
v -0.093708 0.009280 0.174840
v -0.092220 0.009280 0.176324
v -0.092658 0.009280 0.175274
v -0.095026 0.025737 0.177638
v -0.094996 0.025305 0.176557
v -0.094124 0.025114 0.176735
v -0.093944 0.025305 0.177606
v -0.088385 0.009280 0.191118
v -0.089873 0.009280 0.189634
v -0.089435 0.009280 0.190684
v -0.087095 0.025737 0.188320
v -0.087125 0.025305 0.189401
v -0.087996 0.025114 0.189223
v -0.088176 0.025305 0.188352
v -0.089904 0.009280 0.176324
v -0.088424 0.009280 0.174840
v -0.089472 0.009280 0.175274
v -0.087121 0.025737 0.177638
v -0.087155 0.025305 0.176557
v -0.088026 0.025114 0.176735
v -0.088202 0.025305 0.177606
v -0.073619 0.009280 0.189634
v -0.075100 0.009280 0.191118
v -0.074051 0.009280 0.190684
v -0.076431 0.025737 0.188320
v -0.076396 0.025305 0.189401
v -0.075525 0.025114 0.189223
v -0.075349 0.025305 0.188352
v -0.075139 0.009280 0.174840
v -0.073651 0.009280 0.176324
v -0.074089 0.009280 0.175274
v -0.076457 0.025737 0.177638
v -0.076427 0.025305 0.176557
v -0.075556 0.025114 0.176735
v -0.075375 0.025305 0.177606
v -0.008173 0.009280 0.191118
v -0.009661 0.009280 0.189634
v -0.009223 0.009280 0.190684
v -0.006884 0.025737 0.188319
v -0.006913 0.025305 0.189401
v -0.007784 0.025114 0.189223
v -0.007965 0.025305 0.188352
v -0.009694 0.009280 0.176324
v -0.008214 0.009280 0.174840
v -0.009262 0.009280 0.175274
v -0.006911 0.025737 0.177638
v -0.006946 0.025305 0.176557
v -0.007816 0.025114 0.176735
v -0.007992 0.025305 0.177606
v 0.006597 0.009280 0.189634
v 0.005116 0.009280 0.191118
v 0.006165 0.009280 0.190684
v 0.003784 0.025737 0.188320
v 0.003819 0.025305 0.189401
v 0.004690 0.025114 0.189223
v 0.004866 0.025305 0.188352
v 0.005075 0.009280 0.174840
v 0.006563 0.009280 0.176324
v 0.006126 0.009280 0.175274
v 0.003756 0.025737 0.177638
v 0.003786 0.025305 0.176557
v 0.004658 0.025114 0.176735
v 0.004838 0.025305 0.177606
v -0.126123 0.008286 0.229694
v -0.127616 0.008286 0.228199
v -0.127177 0.008286 0.229256
v -0.124141 0.024743 0.225821
v -0.124186 0.024315 0.226932
v -0.125067 0.024123 0.226762
v -0.125242 0.024312 0.225876
v -0.127653 0.008286 0.212761
v -0.126166 0.008286 0.211266
v -0.127219 0.008286 0.211704
v -0.124167 0.024743 0.215140
v -0.124216 0.024315 0.214028
v -0.125097 0.024123 0.214198
v -0.125268 0.024312 0.215084
v -0.109965 0.008286 0.228199
v -0.111452 0.008286 0.229694
v -0.110399 0.008286 0.229256
v -0.113478 0.024743 0.225821
v -0.113428 0.024315 0.226932
v -0.112547 0.024123 0.226762
v -0.112376 0.024312 0.225876
v -0.111496 0.008286 0.211266
v -0.110002 0.008286 0.212761
v -0.110441 0.008286 0.211704
v -0.113503 0.024743 0.215139
v -0.113459 0.024315 0.214028
v -0.112578 0.024123 0.214198
v -0.112402 0.024312 0.215084
v -0.107554 0.008286 0.229694
v -0.109047 0.008286 0.228199
v -0.108608 0.008286 0.229256
v -0.105573 0.024743 0.225821
v -0.105617 0.024315 0.226932
v -0.106498 0.024123 0.226762
v -0.106673 0.024312 0.225876
v -0.109085 0.008286 0.212761
v -0.107598 0.008286 0.211266
v -0.108651 0.008286 0.211704
v -0.105599 0.024743 0.215140
v -0.105648 0.024315 0.214028
v -0.106528 0.024123 0.214198
v -0.106700 0.024312 0.215084
v -0.091395 0.008286 0.228199
v -0.092882 0.008286 0.229694
v -0.091829 0.008286 0.229256
v -0.094908 0.024743 0.225821
v -0.094858 0.024315 0.226932
v -0.093978 0.024123 0.226762
v -0.093807 0.024312 0.225876
v -0.092927 0.008286 0.211266
v -0.091433 0.008286 0.212761
v -0.091872 0.008286 0.211704
v -0.094934 0.024743 0.215139
v -0.094890 0.024315 0.214028
v -0.094009 0.024123 0.214198
v -0.093833 0.024312 0.215084
v -0.088984 0.008286 0.229694
v -0.090478 0.008286 0.228199
v -0.090039 0.008286 0.229256
v -0.087003 0.024743 0.225821
v -0.087047 0.024315 0.226932
v -0.087928 0.024123 0.226762
v -0.088104 0.024312 0.225876
v -0.090515 0.008286 0.212761
v -0.089029 0.008286 0.211266
v -0.090081 0.008286 0.211704
v -0.087029 0.024743 0.215139
v -0.087079 0.024315 0.214028
v -0.087959 0.024123 0.214198
v -0.088130 0.024312 0.215084
v -0.072824 0.008286 0.228199
v -0.074311 0.008286 0.229694
v -0.073258 0.008286 0.229256
v -0.076338 0.024743 0.225821
v -0.076288 0.024315 0.226932
v -0.075407 0.024123 0.226762
v -0.075236 0.024312 0.225876
v -0.074357 0.008286 0.211266
v -0.072863 0.008286 0.212761
v -0.073302 0.008286 0.211704
v -0.076364 0.024743 0.215139
v -0.076320 0.024315 0.214028
v -0.075438 0.024123 0.214198
v -0.075263 0.024312 0.215084
v -0.126078 0.007293 0.247888
v -0.127572 0.007293 0.246393
v -0.127133 0.007293 0.247450
v -0.124097 0.023749 0.244014
v -0.124141 0.023321 0.245126
v -0.125022 0.023130 0.244956
v -0.125197 0.023318 0.244069
v -0.127609 0.007293 0.230955
v -0.126122 0.007293 0.229460
v -0.127175 0.007293 0.229898
v -0.124123 0.023749 0.233333
v -0.124172 0.023321 0.232222
v -0.125052 0.023130 0.232392
v -0.125224 0.023318 0.233278
v -0.109920 0.007293 0.246393
v -0.111407 0.007293 0.247888
v -0.110354 0.007293 0.247450
v -0.113433 0.023749 0.244014
v -0.113383 0.023321 0.245126
v -0.112502 0.023130 0.244955
v -0.112331 0.023318 0.244069
v -0.111451 0.007293 0.229460
v -0.109957 0.007293 0.230955
v -0.110396 0.007293 0.229898
v -0.113459 0.023749 0.233333
v -0.113414 0.023321 0.232222
v -0.112533 0.023130 0.232392
v -0.112357 0.023318 0.233278
v -0.107509 0.007293 0.247888
v -0.109002 0.007293 0.246393
v -0.108563 0.007293 0.247450
v -0.105528 0.023749 0.244014
v -0.105572 0.023321 0.245126
v -0.106453 0.023130 0.244955
v -0.106628 0.023318 0.244069
v -0.109040 0.007293 0.230955
v -0.107553 0.007293 0.229460
v -0.108606 0.007293 0.229898
v -0.105554 0.023749 0.233333
v -0.105603 0.023321 0.232222
v -0.106483 0.023130 0.232392
v -0.106655 0.023318 0.233278
v -0.091350 0.007293 0.246393
v -0.092836 0.007293 0.247888
v -0.091784 0.007293 0.247450
v -0.094863 0.023749 0.244014
v -0.094813 0.023321 0.245126
v -0.093932 0.023130 0.244955
v -0.093761 0.023318 0.244069
v -0.092882 0.007293 0.229460
v -0.091388 0.007293 0.230955
v -0.091827 0.007293 0.229898
v -0.094889 0.023749 0.233333
v -0.094844 0.023321 0.232222
v -0.093963 0.023130 0.232392
v -0.093788 0.023318 0.233278
v -0.088938 0.007293 0.247888
v -0.090432 0.007293 0.246393
v -0.089993 0.007293 0.247450
v -0.086957 0.023749 0.244014
v -0.087001 0.023321 0.245126
v -0.087882 0.023130 0.244955
v -0.088058 0.023318 0.244069
v -0.090470 0.007293 0.230955
v -0.088984 0.007293 0.229460
v -0.090036 0.007293 0.229898
v -0.086984 0.023749 0.233333
v -0.087033 0.023321 0.232222
v -0.087913 0.023130 0.232392
v -0.088085 0.023318 0.233278
v -0.072778 0.007293 0.246393
v -0.074265 0.007293 0.247888
v -0.073212 0.007293 0.247450
v -0.076292 0.023749 0.244014
v -0.076242 0.023321 0.245126
v -0.075361 0.023130 0.244955
v -0.075190 0.023318 0.244069
v -0.074311 0.007293 0.229460
v -0.072817 0.007293 0.230955
v -0.073256 0.007293 0.229898
v -0.076318 0.023749 0.233333
v -0.076274 0.023321 0.232222
v -0.075393 0.023130 0.232392
v -0.075217 0.023318 0.233278
v -0.107026 0.005702 0.287713
v -0.108520 0.005702 0.286218
v -0.108081 0.005702 0.287275
v -0.105045 0.022159 0.283839
v -0.105089 0.021731 0.284951
v -0.105970 0.021540 0.284780
v -0.106145 0.021728 0.283894
v -0.108558 0.005702 0.270780
v -0.107072 0.005702 0.269285
v -0.108124 0.005702 0.269723
v -0.105071 0.022159 0.273158
v -0.105121 0.021731 0.272047
v -0.106001 0.021540 0.272217
v -0.106172 0.021728 0.273103
v -0.090866 0.005702 0.286218
v -0.092353 0.005702 0.287713
v -0.091300 0.005702 0.287275
v -0.094379 0.022159 0.283839
v -0.094329 0.021731 0.284951
v -0.093448 0.021540 0.284780
v -0.093277 0.021728 0.283894
v -0.092399 0.005702 0.269285
v -0.090905 0.005702 0.270779
v -0.091344 0.005702 0.269723
v -0.094406 0.022159 0.273158
v -0.094361 0.021731 0.272047
v -0.093480 0.021540 0.272217
v -0.093305 0.021728 0.273103
v -0.125551 0.004709 0.305680
v -0.127045 0.004709 0.304185
v -0.126606 0.004709 0.305242
v -0.123570 0.021165 0.301806
v -0.123614 0.020738 0.302918
v -0.124495 0.020546 0.302747
v -0.124670 0.020734 0.301861
v -0.127083 0.004709 0.288746
v -0.125597 0.004709 0.287252
v -0.126650 0.004709 0.287689
v -0.123596 0.021165 0.291125
v -0.123646 0.020738 0.290014
v -0.124526 0.020546 0.290184
v -0.124697 0.020734 0.291070
v -0.107984 0.004709 0.304185
v -0.109471 0.004709 0.305680
v -0.108418 0.004709 0.305242
v -0.111497 0.021165 0.301806
v -0.111447 0.020738 0.302918
v -0.110566 0.020546 0.302747
v -0.110395 0.020734 0.301861
v -0.109517 0.004709 0.287252
v -0.108023 0.004709 0.288746
v -0.108462 0.004709 0.287689
v -0.111524 0.021165 0.291125
v -0.111479 0.020738 0.290014
v -0.110598 0.020546 0.290184
v -0.110422 0.020734 0.291070
v -0.106980 0.004709 0.305680
v -0.108474 0.004709 0.304185
v -0.108035 0.004709 0.305242
v -0.104999 0.021165 0.301806
v -0.105043 0.020738 0.302918
v -0.105924 0.020546 0.302747
v -0.106099 0.020734 0.301861
v -0.108513 0.004709 0.288746
v -0.107026 0.004709 0.287252
v -0.108079 0.004709 0.287689
v -0.105026 0.021165 0.291125
v -0.105075 0.020738 0.290013
v -0.105955 0.020546 0.290184
v -0.106127 0.020734 0.291070
v -0.090820 0.004709 0.304185
v -0.092307 0.004709 0.305680
v -0.091254 0.004709 0.305242
v -0.094333 0.021165 0.301806
v -0.094283 0.020738 0.302918
v -0.093402 0.020546 0.302747
v -0.093231 0.020734 0.301861
v -0.092353 0.004709 0.287252
v -0.090859 0.004709 0.288746
v -0.091298 0.004709 0.287689
v -0.094360 0.021165 0.291125
v -0.094315 0.020738 0.290013
v -0.093434 0.020546 0.290184
v -0.093259 0.020734 0.291070
v -0.089816 0.004709 0.305680
v -0.091310 0.004709 0.304185
v -0.090871 0.004709 0.305242
v -0.087835 0.021165 0.301806
v -0.087879 0.020738 0.302918
v -0.088760 0.020546 0.302747
v -0.088935 0.020734 0.301861
v -0.091349 0.004709 0.288746
v -0.089863 0.004709 0.287252
v -0.090915 0.004709 0.287689
v -0.087862 0.021165 0.291125
v -0.087911 0.020738 0.290013
v -0.088792 0.020546 0.290184
v -0.088963 0.020734 0.291070
v -0.072247 0.004709 0.304185
v -0.073734 0.004709 0.305680
v -0.072681 0.004709 0.305242
v -0.075760 0.021165 0.301806
v -0.075710 0.020738 0.302918
v -0.074830 0.020546 0.302747
v -0.074659 0.020734 0.301861
v -0.073781 0.004709 0.287252
v -0.072287 0.004709 0.288746
v -0.072726 0.004709 0.287689
v -0.075788 0.021165 0.291125
v -0.075743 0.020738 0.290013
v -0.074862 0.020546 0.290184
v -0.074686 0.020735 0.291070
v -0.434082 0.007293 0.250101
v -0.435579 0.007293 0.248598
v -0.435139 0.007293 0.249661
v -0.431744 0.023749 0.245628
v -0.431796 0.023325 0.246756
v -0.432682 0.023132 0.246589
v -0.432855 0.023319 0.245695
v -0.435611 0.007293 0.231977
v -0.434120 0.007293 0.230474
v -0.435175 0.007293 0.230914
v -0.431765 0.023749 0.234947
v -0.431821 0.023325 0.233819
v -0.432707 0.023132 0.233986
v -0.432876 0.023319 0.234881
v -0.407771 0.007293 0.248598
v -0.409263 0.007293 0.250101
v -0.408207 0.007293 0.249661
v -0.411639 0.023749 0.245628
v -0.411583 0.023325 0.246756
v -0.410697 0.023132 0.246589
v -0.410527 0.023319 0.245694
v -0.409302 0.007293 0.230474
v -0.407805 0.007293 0.231977
v -0.408244 0.007293 0.230914
v -0.411660 0.023749 0.234947
v -0.411609 0.023325 0.233819
v -0.410722 0.023132 0.233986
v -0.410549 0.023319 0.234880
v -0.171809 0.008286 0.230594
v -0.173307 0.008286 0.229090
v -0.172867 0.008286 0.230153
v -0.169475 0.024743 0.226120
v -0.169526 0.024319 0.227249
v -0.170412 0.024126 0.227082
v -0.170585 0.024312 0.226187
v -0.173345 0.008286 0.212469
v -0.171855 0.008286 0.210966
v -0.172910 0.008286 0.211406
v -0.169499 0.024743 0.215439
v -0.169556 0.024319 0.214311
v -0.170441 0.024126 0.214478
v -0.170611 0.024312 0.215373
v -0.136014 0.008286 0.229090
v -0.137505 0.008286 0.230593
v -0.136449 0.008286 0.230153
v -0.139886 0.024743 0.226120
v -0.139830 0.024319 0.227249
v -0.138944 0.024126 0.227082
v -0.138775 0.024313 0.226187
v -0.137551 0.008286 0.210966
v -0.136053 0.008286 0.212469
v -0.136494 0.008286 0.211406
v -0.139912 0.024743 0.215439
v -0.139860 0.024319 0.214311
v -0.138974 0.024126 0.214478
v -0.138800 0.024313 0.215373
v -0.163928 0.007293 0.250101
v -0.165425 0.007293 0.248598
v -0.164985 0.007293 0.249661
v -0.161593 0.023749 0.245628
v -0.161644 0.023325 0.246756
v -0.162530 0.023132 0.246589
v -0.162704 0.023319 0.245694
v -0.165464 0.007293 0.231977
v -0.163974 0.007293 0.230474
v -0.165029 0.007293 0.230914
v -0.161618 0.023749 0.234947
v -0.161674 0.023325 0.233818
v -0.162560 0.023132 0.233985
v -0.162729 0.023319 0.234880
v -0.135994 0.007293 0.248598
v -0.137485 0.007293 0.250101
v -0.136429 0.007293 0.249661
v -0.139866 0.023749 0.245628
v -0.139809 0.023325 0.246756
v -0.138923 0.023132 0.246589
v -0.138754 0.023319 0.245694
v -0.137532 0.007293 0.230474
v -0.136034 0.007293 0.231977
v -0.136474 0.007293 0.230914
v -0.139892 0.023749 0.234947
v -0.139840 0.023325 0.233818
v -0.138954 0.023132 0.233985
v -0.138780 0.023319 0.234880
v -0.179369 0.006418 0.269413
v -0.180867 0.006418 0.267910
v -0.180427 0.006418 0.268973
v -0.177034 0.022875 0.264940
v -0.177085 0.022450 0.266068
v -0.177971 0.022258 0.265901
v -0.178145 0.022444 0.265006
v -0.180906 0.006418 0.251289
v -0.179415 0.006418 0.249786
v -0.180471 0.006418 0.250226
v -0.177059 0.022875 0.254259
v -0.177115 0.022450 0.253130
v -0.178001 0.022258 0.253297
v -0.178170 0.022444 0.254192
v -0.135985 0.006418 0.267910
v -0.137476 0.006418 0.269413
v -0.136420 0.006418 0.268973
v -0.139857 0.022875 0.264940
v -0.139800 0.022450 0.266068
v -0.138914 0.022258 0.265901
v -0.138745 0.022444 0.265006
v -0.137523 0.006418 0.249786
v -0.136025 0.006418 0.251289
v -0.136465 0.006418 0.250226
v -0.139883 0.022875 0.254259
v -0.139832 0.022450 0.253130
v -0.138945 0.022258 0.253297
v -0.138772 0.022444 0.254192
v -0.188274 0.005702 0.288334
v -0.189772 0.005702 0.286830
v -0.189332 0.005702 0.287893
v -0.185939 0.022159 0.283860
v -0.185990 0.021735 0.284989
v -0.186876 0.021542 0.284822
v -0.187050 0.021728 0.283927
v -0.189811 0.005702 0.270209
v -0.188320 0.005702 0.268706
v -0.189376 0.005702 0.269146
v -0.185964 0.022159 0.273179
v -0.186020 0.021735 0.272051
v -0.186906 0.021542 0.272218
v -0.187075 0.021728 0.273113
v -0.135867 0.005702 0.286830
v -0.137358 0.005702 0.288333
v -0.136302 0.005702 0.287893
v -0.139739 0.022159 0.283860
v -0.139683 0.021735 0.284989
v -0.138797 0.021542 0.284822
v -0.138628 0.021729 0.283927
v -0.137406 0.005702 0.268706
v -0.135908 0.005702 0.270209
v -0.136348 0.005702 0.269146
v -0.139766 0.022159 0.273179
v -0.139714 0.021735 0.272051
v -0.138827 0.021542 0.272218
v -0.138654 0.021729 0.273113
v -0.407709 0.022875 0.254259
v -0.407658 0.022450 0.253131
v -0.406771 0.022258 0.253298
v -0.406598 0.022444 0.254192
v -0.405351 0.006418 0.249786
v -0.403854 0.006418 0.251289
v -0.404293 0.006418 0.250226
v -0.407688 0.022875 0.264940
v -0.406746 0.022258 0.265901
v -0.406576 0.022444 0.265006
v -0.407632 0.022450 0.266068
v -0.403820 0.006418 0.267910
v -0.405311 0.006418 0.269413
v -0.404256 0.006418 0.268973
v -0.431685 0.022875 0.254259
v -0.432796 0.022444 0.254192
v -0.432626 0.022258 0.253298
v -0.431740 0.022450 0.253131
v -0.435531 0.006418 0.251289
v -0.434040 0.006418 0.249786
v -0.435095 0.006418 0.250226
v -0.431663 0.022875 0.264940
v -0.432774 0.022444 0.265007
v -0.432601 0.022258 0.265901
v -0.431715 0.022450 0.266068
v -0.434001 0.006418 0.269413
v -0.435498 0.006418 0.267910
v -0.435058 0.006418 0.268973
v -0.396221 0.022159 0.273179
v -0.396169 0.021735 0.272051
v -0.395282 0.021542 0.272218
v -0.395109 0.021729 0.273113
v -0.393862 0.005702 0.268706
v -0.392365 0.005702 0.270209
v -0.392805 0.005702 0.269146
v -0.396198 0.022159 0.283860
v -0.396142 0.021735 0.284989
v -0.395256 0.021542 0.284822
v -0.395087 0.021729 0.283927
v -0.392330 0.005702 0.286830
v -0.393822 0.005702 0.288334
v -0.392766 0.005702 0.287893
v -0.431859 0.022159 0.273179
v -0.432801 0.021542 0.272218
v -0.432970 0.021728 0.273113
v -0.431915 0.021735 0.272051
v -0.435706 0.005702 0.270209
v -0.434214 0.005702 0.268706
v -0.435270 0.005702 0.269146
v -0.431838 0.022159 0.283860
v -0.432948 0.021728 0.283927
v -0.432775 0.021542 0.284822
v -0.431889 0.021735 0.284989
v -0.434175 0.005702 0.288334
v -0.435672 0.005702 0.286830
v -0.435232 0.005702 0.287893
v -0.433965 0.004709 0.307124
v -0.435462 0.004709 0.305621
v -0.435023 0.004709 0.306683
v -0.431628 0.021165 0.302650
v -0.431679 0.020741 0.303779
v -0.432565 0.020548 0.303612
v -0.432739 0.020735 0.302717
v -0.435496 0.004709 0.288999
v -0.434005 0.004709 0.287496
v -0.435061 0.004709 0.287936
v -0.431650 0.021165 0.291969
v -0.431705 0.020741 0.290841
v -0.432591 0.020548 0.291008
v -0.432761 0.020735 0.291903
v -0.407242 0.004709 0.305620
v -0.408733 0.004709 0.307124
v -0.407677 0.004709 0.306683
v -0.411110 0.021165 0.302650
v -0.411053 0.020741 0.303779
v -0.410167 0.020548 0.303612
v -0.409998 0.020735 0.302717
v -0.408774 0.004709 0.287496
v -0.407276 0.004709 0.288999
v -0.407716 0.004709 0.287936
v -0.411132 0.021165 0.291969
v -0.411080 0.020741 0.290841
v -0.410193 0.020548 0.291008
v -0.410020 0.020735 0.291903
v -0.405533 0.004709 0.307124
v -0.407031 0.004709 0.305620
v -0.406591 0.004709 0.306683
v -0.403196 0.021165 0.302650
v -0.403247 0.020741 0.303779
v -0.404134 0.020548 0.303612
v -0.404307 0.020735 0.302717
v -0.407065 0.004709 0.288999
v -0.405574 0.004709 0.287496
v -0.406630 0.004709 0.287936
v -0.403218 0.021165 0.291969
v -0.403274 0.020741 0.290841
v -0.404160 0.020548 0.291008
v -0.404329 0.020735 0.291903
v -0.381648 0.004709 0.305620
v -0.383139 0.004709 0.307124
v -0.382083 0.004709 0.306683
v -0.385516 0.021165 0.302650
v -0.385460 0.020741 0.303779
v -0.384574 0.020548 0.303612
v -0.384404 0.020735 0.302717
v -0.383181 0.004709 0.287496
v -0.381683 0.004709 0.288999
v -0.382123 0.004709 0.287936
v -0.385539 0.021165 0.291969
v -0.385487 0.020741 0.290841
v -0.384600 0.020548 0.291008
v -0.384427 0.020735 0.291903
v -0.379817 0.004709 0.307124
v -0.381314 0.004709 0.305621
v -0.380874 0.004709 0.306683
v -0.377479 0.021165 0.302650
v -0.377531 0.020741 0.303779
v -0.378417 0.020548 0.303612
v -0.378590 0.020735 0.302717
v -0.381349 0.004709 0.288999
v -0.379858 0.004709 0.287496
v -0.380914 0.004709 0.287936
v -0.377502 0.021165 0.291969
v -0.377558 0.020741 0.290841
v -0.378444 0.020548 0.291008
v -0.378613 0.020735 0.291903
v -0.351849 0.004709 0.305620
v -0.353340 0.004709 0.307124
v -0.352284 0.004709 0.306683
v -0.355718 0.021165 0.302650
v -0.355661 0.020741 0.303779
v -0.354775 0.020548 0.303612
v -0.354606 0.020735 0.302717
v -0.353382 0.004709 0.287496
v -0.351885 0.004709 0.288999
v -0.352325 0.004709 0.287936
v -0.355741 0.021165 0.291969
v -0.355689 0.020741 0.290841
v -0.354802 0.020548 0.291008
v -0.354629 0.020735 0.291903
v -0.349798 0.004709 0.307124
v -0.351295 0.004709 0.305620
v -0.350855 0.004709 0.306683
v -0.347461 0.021165 0.302650
v -0.347512 0.020741 0.303779
v -0.348399 0.020548 0.303612
v -0.348572 0.020735 0.302717
v -0.351331 0.004709 0.288999
v -0.349840 0.004709 0.287496
v -0.350896 0.004709 0.287936
v -0.347484 0.021165 0.291969
v -0.347540 0.020741 0.290841
v -0.348426 0.020548 0.291008
v -0.348595 0.020735 0.291903
v -0.220051 0.004709 0.305620
v -0.221542 0.004709 0.307124
v -0.220486 0.004709 0.306683
v -0.223921 0.021165 0.302650
v -0.223865 0.020741 0.303779
v -0.222979 0.020548 0.303612
v -0.222809 0.020735 0.302717
v -0.221587 0.004709 0.287496
v -0.220090 0.004709 0.288999
v -0.220530 0.004709 0.287936
v -0.223946 0.021165 0.291969
v -0.223895 0.020741 0.290841
v -0.223008 0.020548 0.291008
v -0.222835 0.020735 0.291903
v -0.218192 0.004709 0.307124
v -0.219689 0.004709 0.305620
v -0.219249 0.004709 0.306683
v -0.215856 0.021165 0.302650
v -0.215907 0.020741 0.303779
v -0.216793 0.020548 0.303612
v -0.216967 0.020735 0.302717
v -0.219728 0.004709 0.288999
v -0.218237 0.004709 0.287496
v -0.219293 0.004709 0.287936
v -0.215881 0.021165 0.291969
v -0.215937 0.020741 0.290841
v -0.216823 0.020548 0.291008
v -0.216992 0.020735 0.291903
v -0.190050 0.004709 0.305620
v -0.191540 0.004709 0.307124
v -0.190485 0.004709 0.306683
v -0.193921 0.021165 0.302650
v -0.193864 0.020741 0.303779
v -0.192978 0.020548 0.303612
v -0.192809 0.020735 0.302717
v -0.191587 0.004709 0.287496
v -0.190089 0.004709 0.288999
v -0.190529 0.004709 0.287936
v -0.193946 0.021165 0.291969
v -0.193895 0.020741 0.290841
v -0.193008 0.020548 0.291008
v -0.192835 0.020735 0.291903
v -0.188341 0.004709 0.307124
v -0.189838 0.004709 0.305620
v -0.189398 0.004709 0.306683
v -0.186005 0.021165 0.302650
v -0.186056 0.020741 0.303779
v -0.186943 0.020548 0.303612
v -0.187116 0.020735 0.302717
v -0.189878 0.004709 0.288999
v -0.188387 0.004709 0.287496
v -0.189443 0.004709 0.287936
v -0.186031 0.021165 0.291969
v -0.186087 0.020741 0.290841
v -0.186973 0.020548 0.291008
v -0.187142 0.020735 0.291903
v -0.165852 0.004709 0.305620
v -0.167343 0.004709 0.307124
v -0.166287 0.004709 0.306683
v -0.169724 0.021165 0.302650
v -0.169667 0.020741 0.303779
v -0.168781 0.020548 0.303612
v -0.168612 0.020735 0.302717
v -0.167390 0.004709 0.287496
v -0.165892 0.004709 0.288999
v -0.166333 0.004709 0.287936
v -0.169750 0.021165 0.291969
v -0.169699 0.020741 0.290841
v -0.168812 0.020548 0.291008
v -0.168638 0.020735 0.291903
v -0.164020 0.004709 0.307124
v -0.165518 0.004709 0.305620
v -0.165078 0.004709 0.306683
v -0.161685 0.021165 0.302650
v -0.161736 0.020741 0.303779
v -0.162622 0.020548 0.303612
v -0.162796 0.020735 0.302717
v -0.165558 0.004709 0.288999
v -0.164068 0.004709 0.287496
v -0.165123 0.004709 0.287936
v -0.161711 0.021165 0.291969
v -0.161767 0.020741 0.290841
v -0.162653 0.020548 0.291008
v -0.162822 0.020735 0.291903
v -0.135875 0.004709 0.305620
v -0.137365 0.004709 0.307123
v -0.136310 0.004709 0.306683
v -0.139747 0.021165 0.302650
v -0.139690 0.020741 0.303779
v -0.138804 0.020548 0.303612
v -0.138635 0.020735 0.302717
v -0.137414 0.004709 0.287496
v -0.135915 0.004709 0.288999
v -0.136356 0.004709 0.287936
v -0.139773 0.021165 0.291969
v -0.139722 0.020741 0.290841
v -0.138835 0.020548 0.291008
v -0.138662 0.020735 0.291903
v -0.008736 0.004709 0.306006
v -0.010234 0.004747 0.304496
v -0.009794 0.004720 0.305564
v -0.006402 0.021210 0.301534
v -0.006452 0.020756 0.302663
v -0.007339 0.020566 0.302493
v -0.007514 0.020776 0.301596
v -0.010329 0.005664 0.268625
v -0.008839 0.005702 0.267129
v -0.009894 0.005691 0.267567
v -0.006482 0.022115 0.271601
v -0.006539 0.021720 0.270475
v -0.007424 0.021525 0.270639
v -0.007593 0.021687 0.271532
v 0.008143 0.004747 0.304496
v 0.006652 0.004709 0.306006
v 0.007708 0.004720 0.305564
v 0.004268 0.021210 0.301534
v 0.004325 0.020756 0.302663
v 0.005211 0.020566 0.302493
v 0.005380 0.020776 0.301596
v 0.006549 0.005702 0.267129
v 0.008047 0.005664 0.268625
v 0.007606 0.005691 0.267567
v 0.004188 0.022115 0.271601
v 0.004239 0.021720 0.270475
v 0.005125 0.021525 0.270639
v 0.005299 0.021687 0.271532
v -0.061811 0.004709 0.305793
v -0.063309 0.004709 0.304290
v -0.062869 0.004709 0.305353
v -0.059477 0.021165 0.301320
v -0.059527 0.020741 0.302448
v -0.060414 0.020548 0.302281
v -0.060587 0.020735 0.301387
v -0.063352 0.004709 0.287669
v -0.061861 0.004709 0.286166
v -0.062917 0.004709 0.286606
v -0.059504 0.021165 0.290639
v -0.059561 0.020741 0.289511
v -0.060446 0.020548 0.289678
v -0.060615 0.020735 0.290573
v -0.027703 0.004709 0.304290
v -0.029194 0.004709 0.305793
v -0.028138 0.004709 0.305353
v -0.031577 0.021165 0.301320
v -0.031520 0.020741 0.302448
v -0.030634 0.020548 0.302281
v -0.030465 0.020735 0.301386
v -0.029245 0.004709 0.286166
v -0.027747 0.004709 0.287669
v -0.028187 0.004709 0.286606
v -0.031605 0.021165 0.290639
v -0.031554 0.020741 0.289511
v -0.030667 0.020548 0.289678
v -0.030494 0.020735 0.290573
vn -0.0000 -1.0000 -0.0000
vn -0.9783 0.1951 -0.0703
vn -0.9974 -0.0000 -0.0716
vn -0.0716 -0.0000 0.9974
vn 0.0716 -0.0000 -0.9974
vn 0.0717 -0.0000 -0.9974
vn 0.0078 -0.0000 1.0000
vn -0.0259 -0.0000 0.9997
vn -0.0523 -0.0000 0.9986
vn -0.0704 -0.0000 0.9975
vn -0.0890 -0.0000 0.9960
vn -0.0891 -0.0000 0.9960
vn -0.1235 -0.0000 0.9923
vn -0.1236 -0.0000 0.9923
vn -0.0000 1.0000 -0.0000
vn -0.1740 0.9847 -0.0134
vn 0.9783 0.1951 0.0702
vn 0.9974 -0.0000 0.0716
vn -0.9974 -0.0000 -0.0715
vn 0.0312 -0.0000 0.9995
vn 0.9974 -0.0000 0.0717
vn -0.9974 -0.0000 -0.0717
vn -0.4003 -0.1935 0.8957
vn -0.2768 -0.2498 0.9279
vn -0.3494 -0.1630 0.9227
vn -0.0717 -0.0000 0.9974
vn -0.0716 -0.0001 0.9974
vn 0.0660 -0.3637 0.9292
vn -0.0677 -0.3260 0.9429
vn -0.0660 -0.3870 0.9197
vn -0.4462 -0.0672 0.8924
vn -0.3880 -0.0566 0.9199
vn 0.1821 0.2965 0.9375
vn 0.0435 0.3064 0.9509
vn 0.1413 0.2498 0.9579
vn 0.3411 -0.9397 0.0245
vn 0.6411 -0.7660 0.0460
vn -0.3412 0.9397 -0.0245
vn -0.3411 0.9397 -0.0245
vn 0.8638 -0.5000 0.0620
vn -0.6411 0.7660 -0.0460
vn -0.9823 -0.1737 -0.0705
vn -0.9823 0.1737 -0.0705
vn -0.9823 0.1736 -0.0705
vn 0.8638 0.5000 0.0620
vn 0.6411 0.7661 0.0460
vn 0.9823 0.1737 0.0706
vn 0.8638 0.5000 0.0621
vn 0.9823 0.1736 0.0705
vn -0.6411 -0.7660 -0.0460
vn -0.3412 -0.9397 -0.0245
vn -0.3411 -0.9397 -0.0245
vn 0.9823 -0.1737 0.0705
vn 0.8638 -0.5000 0.0619
vn -0.8638 -0.5000 -0.0621
vn -0.9823 -0.1736 -0.0705
vn 0.3411 -0.9397 0.0244
vn 0.6411 -0.7660 0.0461
vn 0.6411 0.7660 0.0460
vn 0.8638 0.5000 0.0619
vn 0.9823 -0.1737 0.0706
vn -0.6411 -0.7661 -0.0460
vn 0.3411 0.9397 0.0244
vn 0.3411 0.9397 0.0245
vn -0.8638 0.5000 -0.0620
vn -0.8638 -0.5000 -0.0620
vn -0.9823 -0.1737 -0.0706
vn 0.9823 -0.1736 0.0705
vn 0.6411 0.7660 0.0461
vn -0.9823 0.1737 -0.0706
vn -0.9823 0.1736 -0.0706
vn 0.6411 -0.7661 0.0461
vn 0.9823 0.1737 0.0705
vn 0.9823 -0.1736 0.0706
vn -0.8638 0.5000 -0.0621
vn 0.0660 0.3637 0.9292
vn -0.0661 -0.3870 0.9197
vn 0.0435 -0.3064 0.9509
vn -0.3142 -0.2965 0.9019
vn -0.3493 -0.1630 0.9227
vn -0.0677 0.3260 0.9429
vn -0.1789 -0.3064 0.9349
vn -0.1981 -0.3637 0.9102
vn -0.1981 0.3636 0.9102
vn -0.0660 0.3870 0.9197
vn -0.4003 0.1935 0.8957
vn -0.3880 0.0566 0.9199
vn -0.3493 0.1630 0.9227
vn 0.1413 -0.2498 0.9579
vn -0.3142 0.2965 0.9019
vn -0.1789 0.3064 0.9349
vn -0.4462 0.0672 0.8924
vn 0.2682 -0.1935 0.9437
vn 0.1821 -0.2965 0.9375
vn -0.2768 0.2498 0.9279
vn 0.2682 0.1935 0.9437
vn 0.2139 0.1630 0.9632
vn 0.2525 -0.0566 0.9659
vn 0.2139 -0.1630 0.9632
vn 0.2525 0.0566 0.9659
vn 0.3141 0.0672 0.9470
vn 0.3141 -0.0672 0.9470
vn -0.0717 -0.0001 0.9974
vn -0.0716 0.0001 0.9974
vn -0.0717 0.0001 0.9974
vn -0.6411 0.7661 -0.0460
vn -0.2211 -0.0000 0.9752
vn -0.2346 -0.0000 0.9721
vn -0.1237 -0.0000 0.9923
vn 0.0376 -0.0000 0.9993
vn -0.1946 0.9808 -0.0140
vn -0.1777 -0.0000 0.9841
vn -0.2211 -0.0000 0.9753
vn -0.1778 -0.0000 0.9841
vn -0.9921 0.1129 0.0547
vn -0.9824 -0.1846 -0.0281
vn -0.9932 -0.1137 -0.0234
vn -0.9921 0.1130 0.0551
vn -0.9824 -0.1847 -0.0282
vn -0.9933 -0.1135 -0.0234
vn 0.1005 0.8210 0.5620
vn -0.1861 0.9767 0.1070
vn -0.1798 0.8210 0.5418
vn -0.1776 -0.0000 0.9841
vn 0.9783 0.1951 0.0703
vn 0.0715 0.0676 -0.9952
vn 0.0715 -0.0676 -0.9952
vn 0.0045 0.9980 -0.0632
vn 0.0180 0.9679 -0.2506
vn 0.0350 0.8727 -0.4869
vn 0.0498 0.7182 -0.6941
vn 0.0615 0.5119 -0.8569
vn 0.0690 0.2665 -0.9613
vn 0.0690 -0.2665 -0.9613
vn 0.0615 -0.5119 -0.8569
vn 0.0498 -0.7182 -0.6941
vn 0.0499 -0.7182 -0.6941
vn 0.0350 -0.8727 -0.4869
vn 0.0180 -0.9679 -0.2506
vn 0.0045 -0.9980 -0.0632
vn 0.9974 -0.0000 0.0715
vn -0.1981 0.3637 0.9102
vn -0.0661 0.3870 0.9197
vn 0.2526 0.0566 0.9659
vn 0.3412 0.9397 0.0245
vn -0.9867 -0.1441 0.0748
vn -0.9776 -0.0000 0.2103
vn -0.9871 -0.0733 0.1424
vn -0.9883 0.1383 0.0645
vn -0.9873 0.0611 0.1469
vn 0.1946 0.9808 0.0139
vn 0.1946 0.9808 0.0140
vn -0.9554 -0.2873 -0.0686
vn -0.9636 0.2583 -0.0692
vn 0.9916 0.1075 0.0713
vn 0.9928 -0.0961 0.0714
vn 0.0662 -0.0013 -0.9978
vn 0.0736 -0.0000 -0.9973
vn -0.0688 -0.0000 0.9976
vn -0.9974 0.0032 -0.0716
vn -0.9974 0.0065 -0.0716
vn 0.9790 -0.1912 0.0703
vn -0.9974 -0.0037 -0.0716
vn -0.9974 -0.0074 -0.0716
vn 0.9744 0.2137 0.0699
vn -0.0792 -0.0014 0.9969
vn 0.0001 -1.0000 -0.0000
vn 0.1804 0.9835 0.0125
vn 0.1056 -0.9930 0.0534
vn -0.1915 -0.9812 0.0244
vn 0.1860 -0.9812 0.0515
vn 0.9741 0.1129 0.1958
vn 0.9764 -0.1845 0.1126
vn 0.9658 0.1795 0.1873
vn -0.9920 0.1130 0.0554
vn -0.9824 -0.1847 -0.0283
vn -0.9933 -0.1134 -0.0234
vn -0.9928 0.1115 0.0442
vn -0.9823 -0.1852 -0.0279
vn -0.9934 -0.1123 -0.0226
vn 0.6644 0.7243 0.1843
vn 0.1689 0.9767 0.1325
vn 0.6781 -0.7281 0.1006
vn 0.9763 -0.1847 0.1124
vn 0.9864 -0.1134 0.1187
vn 0.1123 0.3260 0.9387
vn 0.2552 0.4514 0.8551
vn 0.1146 -0.0210 0.9932
vn 0.2845 -0.1737 0.9428
vn 0.3253 0.0280 0.9452
vn 0.7017 0.6866 0.1903
vn 0.1689 0.9767 0.1324
vn 0.1006 0.8217 0.5610
vn 0.9657 0.1794 0.1875
vn 0.9740 0.1130 0.1963
vn 0.1124 0.3285 0.9378
vn 0.2553 0.4533 0.8540
vn 0.6777 -0.7285 0.1005
vn 0.1057 -0.9930 0.0534
vn 0.9763 -0.1847 0.1125
vn 0.9864 -0.1136 0.1188
vn -0.7214 0.6868 0.0883
vn 0.1147 -0.0182 0.9932
vn 0.2851 -0.1709 0.9431
vn 0.3255 0.0309 0.9450
vn -0.9826 0.1794 0.0477
vn -0.6851 -0.7284 0.0026
vn -0.2453 0.3261 0.9130
vn -0.3748 0.4514 0.8098
vn -0.4380 0.2869 0.8520
vn -0.1123 -0.9930 0.0377
vn 0.7020 0.6864 0.1900
vn 0.1690 0.9767 0.1321
vn 0.1007 0.8228 0.5594
vn -0.2554 -0.0182 0.9667
vn -0.4169 -0.1709 0.8927
vn -0.2163 -0.2280 0.9493
vn 0.1126 0.3321 0.9365
vn 0.2553 0.4563 0.8524
vn 0.6770 -0.7291 0.1004
vn 0.1861 -0.9812 0.0515
vn 0.7029 -0.7067 0.0806
vn 0.7023 0.6892 0.1782
vn 0.9678 0.1806 0.1753
vn 0.6970 0.7045 0.1339
vn 0.1149 -0.0140 0.9933
vn 0.2859 -0.1666 0.9437
vn 0.3260 0.0353 0.9447
vn 0.1714 0.9779 0.1196
vn -0.6855 -0.7281 0.0026
vn 0.1114 0.3045 0.9460
vn 0.2549 0.4337 0.8642
vn 0.1003 0.8192 0.5647
vn -0.1122 -0.9930 0.0378
vn -0.1861 0.9767 0.1069
vn -0.7217 0.6866 0.0880
vn -0.1797 0.8217 0.5409
vn -0.2553 -0.0210 0.9666
vn -0.4163 -0.1737 0.8925
vn -0.2160 -0.2308 0.9487
vn -0.9826 0.1794 0.0476
vn -0.7220 0.6863 0.0877
vn -0.9826 0.1795 0.0474
vn -0.2453 0.3285 0.9121
vn -0.3747 0.4533 0.8088
vn -0.4379 0.2894 0.8512
vn -0.1862 0.9767 0.1066
vn -0.1795 0.8228 0.5393
vn -0.2452 0.3321 0.9108
vn -0.3745 0.4563 0.8072
vn -0.4379 0.2930 0.8499
vn -0.6845 -0.7291 0.0027
vn -0.7072 -0.7067 -0.0207
vn -0.1868 0.9779 0.0939
vn -0.7206 0.6892 0.0760
vn -0.1799 0.8192 0.5446
vn -0.2557 -0.0140 0.9667
vn -0.4178 -0.1666 0.8931
vn -0.2167 -0.2237 0.9503
vn -0.9829 0.1806 0.0352
vn 0.1858 -0.9812 0.0526
vn 0.6817 -0.7244 0.1021
vn 0.1050 -0.9930 0.0547
vn -0.2455 0.3045 0.9203
vn -0.3758 0.4337 0.8189
vn -0.4383 0.2652 0.8588
vn 0.9762 -0.1852 0.1128
vn 0.9865 -0.1123 0.1196
vn -0.6893 -0.7244 0.0036
vn -0.7072 -0.7067 -0.0200
vn 0.1133 -0.0458 0.9925
vn 0.2796 -0.1984 0.9394
vn 0.3226 0.0021 0.9465
vn -0.1914 -0.9812 0.0255
vn 0.9740 0.1130 0.1966
vn -0.2539 -0.0458 0.9661
vn -0.4110 -0.1984 0.8898
vn -0.2135 -0.2551 0.9431
vn 0.3116 0.2869 0.9059
vn 0.3118 0.2894 0.9050
vn 0.3119 0.2930 0.9038
vn 0.3111 0.2652 0.9126
vn 0.9763 0.1115 0.1856
vn -0.4572 0.0309 0.8888
vn -0.4569 0.0280 0.8891
vn -0.4577 0.0353 0.8884
vn 0.0782 -0.2308 0.9699
vn -0.4545 0.0021 0.8908
vn 0.7053 0.7071 0.0506
vn 0.6934 0.7188 0.0494
vn -0.1946 0.9808 -0.0141
vn -0.7053 0.7071 -0.0507
vn -0.6884 0.7236 -0.0504
vn -0.7053 0.7071 -0.0506
vn 0.7052 0.7072 0.0505
vn 0.7053 0.7071 0.0507
vn 0.0386 0.0011 0.9993
vn 0.0485 0.0110 0.9988
vn 0.0634 0.0259 0.9977
vn 0.1136 0.0763 0.9906
vn -0.2507 0.0166 0.9679
vn -0.2506 0.0165 0.9680
vn -0.3420 0.1136 0.9328
vn -0.1124 -0.9929 0.0377
vn 0.1059 -0.9929 0.0533
vn 0.0787 -0.2237 0.9715
vn 0.0784 -0.2279 0.9705
vn -0.1118 -0.9930 0.0391
vn 0.0765 -0.2550 0.9639
vn -0.0000 1.0000 0.0001
vn 0.5334 0.3868 -0.7523
vn 0.5527 0.2617 -0.7912
vn 0.5335 0.4076 -0.7411
vn -0.5855 -0.4275 0.6888
vn -0.6385 -0.6184 0.4581
vn -0.5804 -0.4377 0.6867
vn 0.8066 0.1550 0.5705
vn 0.8238 0.0773 0.5616
vn 0.8242 0.0768 0.5611
vn 0.4174 0.4437 0.7930
vn 0.6901 0.4557 0.5622
vn 0.4026 0.4427 0.8012
vn -0.6580 -0.6899 0.3019
vn -0.3523 -0.9203 0.1701
vn -0.6796 -0.6722 0.2938
vn -0.7705 0.6375 -0.0045
vn -0.9329 0.3595 0.0223
vn -0.7545 0.6561 -0.0156
vn 0.6521 0.6886 -0.3173
vn 0.3838 0.8846 -0.2649
vn 0.6691 0.6658 -0.3303
vn 0.7650 -0.6435 -0.0264
vn 0.9182 -0.3742 -0.1297
vn 0.7481 -0.6633 -0.0188
vn -0.5580 -0.2454 0.7927
vn -0.8368 0.0434 -0.5458
vn -0.8415 0.3181 -0.4367
vn -0.8409 0.3014 -0.4495
vn 0.5577 0.2453 -0.7930
vn 0.5831 0.4209 -0.6948
vn 0.5576 0.2415 -0.7942
vn 0.8355 -0.0398 0.5480
vn 0.8411 -0.3223 0.4345
vn 0.8367 -0.0380 0.5463
vn -0.7979 0.5694 -0.1977
vn 0.6375 0.6132 -0.4665
vn 0.6421 0.6110 -0.4629
vn 0.7962 -0.5742 0.1909
vn -0.5463 -0.5708 0.6130
vn -0.5335 -0.4126 0.7384
vn -0.5326 -0.3892 0.7516
vn -0.8239 -0.2546 -0.5063
vn -0.8123 -0.1525 -0.5630
vn -0.8182 -0.2717 -0.5066
vn 0.5055 0.5784 -0.6402
vn 0.5103 0.5826 -0.6326
vn 0.8097 0.2627 0.5248
vn 0.8094 0.1617 0.5646
vn -0.5536 -0.2548 0.7929
vn -0.5578 -0.2415 0.7941
vn -0.8247 -0.0747 -0.5606
vn -0.8378 0.0419 -0.5443
vn 0.5535 0.2549 -0.7929
vn -0.8002 0.5594 -0.2162
vn 0.7983 -0.5639 0.2115
vn -0.8093 -0.1458 -0.5690
vn -0.3147 -0.7559 0.5741
vn -0.5317 -0.6029 0.5948
vn -0.7204 -0.3300 -0.6101
vn 0.3327 0.7497 -0.5720
vn 0.7337 0.3288 0.5946
vn 0.8145 0.2673 0.5150
vn -0.1090 -0.8259 0.5532
vn -0.3191 -0.7475 0.5826
vn -0.5685 -0.4391 -0.6957
vn -0.7207 -0.3212 -0.6143
vn 0.0961 0.8325 -0.5456
vn 0.3148 0.7560 -0.5739
vn 0.5703 0.4395 0.6940
vn 0.7319 0.3264 0.5982
vn 0.3988 0.7862 -0.4720
vn 0.3500 0.8107 -0.4693
vn 0.3411 0.8091 -0.4785
vn 0.3177 -0.9143 0.2512
vn 0.3241 -0.9165 0.2344
vn 0.3187 -0.9162 0.2429
vn -0.3077 0.9127 -0.2690
vn -0.2066 0.8987 -0.3868
vn -0.3175 0.9143 -0.2515
vn -0.4175 -0.4437 -0.7930
vn -0.6901 -0.4557 -0.5622
vn -0.6913 -0.4556 -0.5609
vn 0.0606 -0.8861 0.4595
vn -0.1096 -0.8220 0.5588
vn 0.2067 -0.8987 0.3867
vn 0.3079 -0.9127 0.2686
vn -0.0607 0.8857 -0.4602
vn 0.0953 0.8285 -0.5518
vn 0.4243 0.4793 0.7683
vn 0.4231 0.4795 0.7688
vn 0.2461 -0.9135 0.3240
vn 0.2398 -0.9132 0.3295
vn -0.7071 -0.4613 -0.5359
vn -0.5476 -0.4640 -0.6963
vn -0.5446 -0.4645 -0.6983
vn -0.2457 0.9133 -0.3249
vn -0.3184 0.9162 -0.2435
vn -0.2393 0.9130 -0.3304
vn 0.7072 0.4613 0.5357
vn 0.5473 0.4646 0.6962
vn 0.7066 0.4613 0.5367
vn 0.1799 -0.9078 0.3788
vn 0.0737 -0.8892 0.4515
vn -0.4257 -0.4781 -0.7682
vn -0.4337 -0.4684 -0.7698
vn -0.4245 -0.4783 -0.7688
vn -0.0742 0.8889 -0.4520
vn -0.1798 0.9076 -0.3793
vn 0.4328 0.4691 0.7699
vn 0.0502 -0.8744 0.4827
vn 0.1840 -0.8955 0.4052
vn -0.0787 -0.4160 -0.9060
vn -0.4026 -0.4427 -0.8012
vn -0.1838 0.8955 -0.4053
vn -0.0500 0.8744 -0.4827
vn 0.0790 0.4159 0.9060
vn 0.0604 0.4144 0.9081
vn -0.5650 -0.4416 -0.6970
vn -0.7065 -0.4612 -0.5367
vn -0.3238 0.9165 -0.2349
vn -0.1078 -0.8502 0.5153
vn 0.0262 -0.8713 0.4900
vn 0.1984 -0.3909 -0.8988
vn -0.0600 -0.4144 -0.9081
vn -0.0260 0.8713 -0.4900
vn 0.1080 0.8502 -0.5153
vn -0.1971 0.3910 0.8990
vn -0.2107 0.3899 0.8964
vn -0.5740 0.3598 0.7356
vn -0.6148 0.3501 0.7067
vn -0.5748 0.3601 0.7348
vn 0.6183 -0.3478 -0.7049
vn 0.5778 -0.3585 -0.7332
vn 0.5786 -0.3588 -0.7325
vn -0.4327 -0.4681 -0.7705
vn -0.3909 -0.7866 0.4780
vn -0.3491 -0.8113 0.4690
vn -0.3968 -0.7795 0.4847
vn 0.1826 -0.9082 0.3767
vn -0.1825 0.9080 -0.3772
vn 0.5443 0.4651 0.6982
vn -0.2480 -0.8295 0.5004
vn -0.1203 -0.8489 0.5147
vn 0.4160 -0.3719 -0.8298
vn 0.2122 -0.3897 -0.8961
vn 0.2484 0.8294 -0.5004
vn 0.1205 0.8489 -0.5147
vn 0.2458 0.8294 -0.5016
vn -0.4137 0.3724 0.8308
vn -0.3402 -0.8097 0.4781
vn 0.4240 -0.3712 -0.8261
vn -0.4214 0.3718 0.8272
vn -0.1114 -0.3614 -0.9257
vn -0.0382 -0.3618 -0.9315
vn -0.0357 -0.3618 -0.9316
vn -0.4961 -0.5902 0.6369
vn 0.5955 -0.4644 -0.6555
vn 0.6170 -0.3528 -0.7035
vn 0.3655 0.7936 -0.4864
vn 0.4000 0.7857 -0.4720
vn -0.1993 -0.9125 0.3572
vn -0.3763 -0.7706 0.5144
vn -0.3895 -0.7473 0.5384
vn 0.2357 -0.3755 -0.8963
vn 0.4888 -0.4219 -0.7636
vn 0.5132 -0.4288 -0.7435
vn 0.2934 0.8684 -0.3998
vn 0.1855 0.9177 -0.3513
vn 0.2827 0.8652 -0.4142
vn -0.4719 0.5122 0.7176
vn -0.2440 0.3789 0.8927
vn -0.4927 0.5320 0.6886
vn -0.6128 0.3609 0.7030
vn -0.5190 0.6855 0.5106
vn 0.0049 -0.9327 0.3607
vn -0.1704 -0.9210 0.3503
vn 0.2187 -0.3712 -0.9024
vn 0.1583 0.9225 -0.3521
vn -0.0042 0.9326 -0.3608
vn 0.0361 0.3618 0.9315
vn -0.2240 0.3712 0.9012
vn 0.0388 0.3618 0.9314
vn -0.2169 0.9181 -0.3318
vn -0.0070 0.9327 -0.3606
vn 0.2179 -0.9179 0.3317
vn 0.2249 -0.9166 0.3305
vn 0.1115 0.3614 0.9257
vn 0.1064 0.3602 0.9268
vn 0.9717 -0.0646 0.2273
vn 0.9744 -0.0587 0.2172
vn 0.9715 -0.0649 0.2278
vn 0.4845 -0.8278 0.2830
vn -0.0312 -0.3314 -0.9430
vn -0.1063 -0.3602 -0.9268
vn -0.4838 0.8281 -0.2832
vn -0.2241 0.9168 -0.3306
vn 0.0314 0.3316 0.9429
vn 0.4864 -0.8268 0.2825
vn 0.7025 -0.6694 0.2417
vn 0.0651 -0.2617 -0.9630
vn -0.0306 -0.3314 -0.9430
vn -0.7019 0.6699 -0.2419
vn -0.4858 0.8271 -0.2827
vn 0.0307 0.3316 0.9429
vn -0.0649 0.2619 0.9629
vn 0.7038 -0.6681 0.2413
vn 0.8927 -0.3976 0.2120
vn 0.1604 -0.1294 -0.9785
vn 0.0647 -0.2621 -0.9629
vn -0.8931 0.3968 -0.2121
vn -0.7034 0.6685 -0.2415
vn -0.1604 0.1292 0.9785
vn -0.0646 0.2623 0.9628
vn 0.9667 -0.1481 0.2088
vn 0.8929 -0.3974 0.2116
vn 0.1613 -0.1272 -0.9787
vn 0.2009 -0.0088 -0.9796
vn -0.9668 0.1470 -0.2088
vn -0.8932 0.3967 -0.2116
vn -0.2010 0.0085 0.9796
vn -0.1613 0.1270 0.9787
vn -0.9744 0.0586 -0.2172
vn -0.9667 0.1469 -0.2094
vn -0.9744 0.0582 -0.2171
vn 0.2051 0.0231 -0.9785
vn 0.2007 -0.0074 -0.9796
vn 0.2051 0.0230 -0.9785
vn -0.9717 0.0648 -0.2270
vn 0.2098 0.1025 -0.9724
vn 0.2098 0.1041 -0.9722
vn 0.6779 -0.5767 0.4559
vn 0.7432 -0.3438 0.5740
vn 0.6557 -0.6723 0.3437
vn -0.2098 -0.1016 0.9725
vn -0.2051 -0.0229 0.9785
vn -0.2051 -0.0230 0.9785
vn 0.9666 -0.1481 0.2094
vn -0.2008 0.0070 0.9796
vn 0.9700 -0.0954 0.2235
vn 0.2184 0.2852 -0.9332
vn -0.9701 0.0957 -0.2232
vn -0.9716 0.0651 -0.2275
vn -0.2183 -0.2823 0.9341
vn -0.2098 -0.1033 0.9723
vn 0.9698 -0.0958 0.2245
vn 0.9683 -0.1430 0.2046
vn 0.2182 0.2871 -0.9327
vn 0.2276 0.5230 -0.8214
vn -0.9684 0.1432 -0.2042
vn -0.9698 0.0960 -0.2241
vn -0.2275 -0.5202 0.8231
vn -0.2181 -0.2844 0.9336
vn 0.9680 -0.1439 0.2055
vn 0.9674 -0.1965 0.1595
vn 0.2274 0.5262 -0.8194
vn 0.2356 0.7669 -0.5969
vn -0.9675 0.1965 -0.1592
vn -0.9681 0.1440 -0.2050
vn -0.2356 -0.7675 0.5961
vn -0.2273 -0.5239 0.8209
vn 0.9665 -0.2224 0.1282
vn 0.9673 -0.1971 0.1595
vn 0.2358 0.7703 -0.5925
vn 0.2374 0.8721 -0.4278
vn -0.9666 0.2225 -0.1275
vn -0.9674 0.1971 -0.1592
vn -0.2371 -0.8695 0.4333
vn -0.2359 -0.7711 0.5915
vn 0.9688 -0.2478 -0.0061
vn 0.9668 -0.2209 0.1286
vn 0.2366 0.8732 -0.4260
vn 0.2395 0.9302 -0.2783
vn -0.9726 0.1988 -0.1203
vn -0.9668 0.2211 -0.1279
vn -0.2047 -0.9674 0.1492
vn -0.2361 -0.8704 0.4321
vn 0.9786 -0.2056 -0.0095
vn 0.9941 -0.0802 -0.0735
vn 0.2015 0.9469 -0.2506
vn 0.0738 0.9947 -0.0709
vn -0.0740 -0.9942 -0.0779
vn -0.2430 -0.9616 0.1277
vn -0.9940 0.0791 -0.0752
vn -0.9637 0.2305 -0.1346
vn -0.5255 0.6816 0.5092
vn 0.3474 0.8006 -0.4881
vn 0.6002 -0.4613 -0.6534
vn -0.5087 -0.5679 0.6471
vn 0.1119 0.9891 0.0962
vn 0.0995 0.9628 0.2514
vn 0.1478 0.9607 0.2352
vn -0.0992 0.9943 -0.0397
vn -0.2600 0.9633 0.0667
vn -0.0822 0.9964 0.0197
vn 0.0072 -1.0000 -0.0021
vn -0.9419 0.1304 -0.3097
vn -0.5142 0.5426 -0.6642
vn -0.5503 0.3911 -0.7378
vn -0.0021 0.9516 -0.3074
vn 0.1966 0.9406 -0.2766
vn 0.1671 0.9280 -0.3331
vn -0.1079 -0.9157 -0.3870
vn -0.2008 -0.4317 -0.8794
vn -0.0897 -0.9140 -0.3957
vn 0.0797 0.9965 -0.0269
vn 0.2418 0.9605 -0.1379
vn 0.0643 0.9942 -0.0858
vn -0.1619 0.9372 0.3088
vn -0.0460 0.9886 0.1433
vn -0.2184 0.9580 0.1860
vn 0.2828 0.9585 0.0374
vn 0.0216 -0.9980 0.0594
vn -0.1078 -0.9935 0.0366
vn -0.0932 -0.9953 0.0247
vn -0.1195 0.9540 -0.2748
vn -0.1380 0.9714 -0.1931
vn -0.1006 0.9738 -0.2038
vn -0.2221 -0.4553 -0.8622
vn -0.2211 -0.0620 -0.9733
vn 0.8681 0.4465 -0.2170
vn 0.9461 0.1539 -0.2849
vn 0.8559 0.4468 -0.2603
vn 0.0949 -0.9951 -0.0283
vn -0.1459 0.9580 -0.2470
vn -0.1077 0.9595 -0.2603
vn -0.1472 0.9764 -0.1577
vn -0.9629 -0.0013 0.2699
vn -0.9631 -0.0010 0.2692
vn 0.1988 -0.4501 0.8706
vn -0.0997 -0.0757 0.9921
vn -0.1122 -0.4113 0.9046
vn -0.0078 -1.0000 0.0047
vn -0.0091 -0.9999 0.0048
vn 0.0191 0.9713 -0.2369
vn -0.0390 0.9539 -0.2975
vn -0.0188 0.9738 -0.2266
vn -0.0143 -0.9988 -0.0467
vn -0.0971 -0.9950 0.0230
vn -0.1347 -0.9906 0.0243
vn -0.6303 -0.0690 -0.7733
vn -0.2800 -0.4343 -0.8562
vn -0.5723 -0.4121 -0.7090
vn -0.0308 0.9995 0.0053
vn 0.0616 0.9918 0.1116
vn 0.0283 0.9995 -0.0119
vn 0.9580 -0.0350 -0.2845
vn 0.9336 -0.2226 -0.2808
vn 0.9341 -0.2280 -0.2746
vn -0.2544 0.4130 -0.8745
vn -0.2656 0.6093 -0.7471
vn -0.2365 0.6087 -0.7573
vn 0.9567 -0.0353 -0.2889
vn 0.9323 -0.2347 -0.2751
vn 0.2695 0.5790 0.7695
vn 0.5855 0.2873 0.7581
vn 0.5615 0.4928 0.6648
vn -0.0012 -1.0000 -0.0043
vn -0.0133 -0.9988 -0.0476
vn 0.0139 -0.9989 0.0459
vn 0.0010 -1.0000 0.0035
vn 0.0092 -1.0000 0.0019
vn 0.0093 -0.9989 0.0463
vn -0.0074 -0.9999 0.0081
vn -0.0136 -0.9987 -0.0484
vn -0.0131 -0.9988 -0.0476
vn -0.9911 -0.0441 0.1253
vn -0.9436 -0.2315 0.2365
vn -0.9699 -0.0372 0.2405
vn 0.9364 0.2015 -0.2873
vn 0.9054 0.3414 0.2523
vn 0.8144 0.4468 -0.3703
vn 0.5556 -0.4448 0.7025
vn 0.3124 -0.1111 0.9434
vn 0.2755 -0.4549 0.8468
vn 0.2551 0.9635 -0.0812
vn 0.2647 -0.1081 0.9583
vn 0.2371 -0.4530 0.8594
vn 0.2490 0.3483 0.9037
vn 0.1975 0.5879 0.7844
vn 0.2426 0.3517 0.9041
vn -0.0992 0.8608 -0.4992
vn -0.0695 0.8593 -0.5067
vn -0.1311 0.1225 0.9838
vn -0.6477 0.3383 0.6826
vn 0.2686 0.1840 0.9455
vn -0.0072 -1.0000 0.0019
vn -0.0704 0.5289 0.8457
vn -0.6296 0.1581 0.7606
vn -0.0868 0.3422 0.9356
vn -0.0958 -0.9951 0.0251
vn 0.2042 0.3628 0.9092
vn 0.1606 0.5889 0.7921
vn 0.1404 -0.0665 -0.9879
vn 0.1255 -0.4113 -0.9028
vn 0.0111 0.9999 0.0043
vn 0.0063 1.0000 0.0062
vn 0.0115 0.9999 0.0041
vn 0.9040 0.4116 -0.1154
vn 0.9473 0.1594 -0.2780
vn -0.3110 -0.0673 -0.9480
vn -0.2514 -0.4561 -0.8537
vn -0.0956 -0.9951 0.0250
vn 0.5511 0.8148 -0.1801
vn 0.2390 -0.4526 0.8591
vn 0.2231 -0.1039 0.9693
vn -0.9461 0.1782 0.2705
vn -0.7957 0.4571 0.3974
vn -0.8379 0.4652 0.2855
vn 0.9584 -0.0388 -0.2829
vn 0.9479 -0.2823 -0.1479
vn -0.9663 -0.0369 0.2546
vn -0.9436 -0.2227 0.2450
vn -0.9674 -0.0354 0.2507
vn 0.6344 -0.1228 0.7632
vn 0.8893 -0.3844 0.2479
vn 0.9650 -0.1002 0.2425
vn 0.0124 0.9974 -0.0709
vn -0.9180 -0.0287 0.3955
vn -0.6306 -0.3265 0.7041
vn -0.6531 -0.0358 0.7565
vn -0.1559 0.6092 -0.7775
vn 0.0926 0.3917 -0.9154
vn -0.1969 0.4239 -0.8841
vn 0.9538 -0.0350 -0.2983
vn 0.9295 -0.2305 -0.2879
vn 0.5037 0.7815 -0.3681
vn 0.5102 0.7955 -0.3271
vn -0.3472 0.7785 0.5228
vn -0.5295 0.4009 0.7476
vn -0.0671 0.8386 0.5407
vn 0.6587 0.7252 0.2002
vn 0.3170 0.9335 0.1678
vn 0.4021 0.8243 0.3986
vn -0.3136 0.9285 -0.1990
vn -0.5950 0.7616 -0.2569
vn -0.6199 0.7828 -0.0545
vn -0.9771 0.1678 0.1307
vn -0.8623 0.3813 -0.3334
vn -0.9055 0.4180 0.0733
vn -0.3480 0.8323 -0.4315
vn 0.6225 0.7826 0.0068
vn 0.5658 0.3817 -0.7308
vn 0.0773 0.8318 -0.5496
vn 0.3779 0.7602 -0.5285
vn 0.9550 0.1402 0.2616
vn 0.9725 0.1613 -0.1682
vn 0.8953 0.3629 0.2582
vn 0.9024 0.1719 -0.3951
vn 0.6462 0.1332 -0.7515
vn 0.0991 0.5432 -0.8337
vn 0.8119 0.4189 -0.4066
vn 0.9846 -0.0584 -0.1649
vn -0.5588 0.8176 0.1391
vn -0.2782 0.9605 0.0097
vn -0.5661 0.8189 0.0945
vn -0.9565 0.1590 0.2445
vn -0.8622 0.4516 0.2296
vn -0.8671 0.4567 0.1989
vn -0.9619 -0.0642 -0.2657
vn -0.9024 -0.3431 -0.2605
vn -0.9570 -0.2655 0.1173
vn 0.9123 -0.0419 -0.4074
vn 0.6377 -0.3418 -0.6902
vn 0.6855 -0.0622 -0.7254
vn -0.8874 0.4416 0.1320
vn -0.2845 -0.1840 -0.9408
vn -0.2966 -0.1840 -0.9371
vn -0.2923 -0.1840 -0.9385
vn -0.0012 0.9596 0.2813
vn 0.2511 0.3480 0.9033
vn 0.2124 0.5888 0.7799
vn 0.1492 0.8720 0.4662
vn -0.1863 0.6084 -0.7715
vn -0.2006 0.8595 -0.4702
vn -0.1714 0.8611 -0.4787
vn 0.5733 0.8141 -0.0926
vn -0.5203 0.8216 0.2331
vn -0.8879 -0.2639 0.3768
vn -0.9647 -0.0324 0.2614
vn -0.9398 -0.2316 0.2511
vn -0.4809 0.8085 0.3392
vn -0.2310 0.4130 -0.8810
vn 0.1912 0.8703 0.4538
vn -0.1562 0.9517 -0.2644
vn 0.0672 0.8669 0.4940
vn -0.9548 0.1565 0.2527
vn 0.9320 0.1694 -0.3205
vn 0.0007 -0.9979 0.0642
vn -0.4364 -0.7977 0.4162
vn -0.1313 -0.9849 0.1126
vn 0.8271 0.4418 -0.3475
vn 0.8430 0.4567 -0.2842
vn -0.9631 -0.0011 0.2692
vn -0.6004 -0.7842 0.1566
vn -0.5902 -0.7762 0.2218
vn -0.1780 -0.9836 -0.0298
vn -0.6266 -0.7733 0.0970
vn -0.5797 -0.8045 -0.1289
vn 0.0446 0.9621 0.2690
vn 0.1047 0.8708 0.4803
vn 0.2237 0.5881 0.7772
vn 0.0039 0.9916 0.1293
vn -0.5978 -0.7869 0.1532
vn 0.0926 -0.9953 -0.0283
vn 0.5942 -0.7844 -0.1778
vn 0.5892 -0.7879 -0.1793
vn -0.1263 -0.9140 -0.3855
vn -0.1063 -0.9157 -0.3875
vn 0.1079 -0.9157 0.3870
vn 0.0917 -0.9138 0.3958
vn 0.1240 -0.9141 0.3860
vn 0.0130 -0.9988 0.0466
vn 0.1072 -0.9154 0.3880
vn -0.0827 -0.8772 0.4730
vn -0.0693 -0.9951 -0.0703
vn -0.3126 -0.8813 -0.3543
vn 0.1669 -0.9856 0.0281
vn 0.6104 -0.7835 -0.1164
vn 0.5521 -0.8249 0.1209
vn 0.0238 -0.9949 -0.0982
vn 0.4295 -0.8042 -0.4108
vn 0.1371 -0.9835 -0.1179
vn 0.5859 -0.7733 -0.2423
vn 0.1274 -0.9906 -0.0491
vn 0.8791 -0.2646 -0.3965
vn 0.0858 -0.8811 -0.4651
vn 0.0648 -0.9955 0.0691
vn 0.2915 -0.8887 0.3540
vn -0.9407 -0.2290 0.2504
vn -0.5953 -0.7881 0.1569
vn 0.0955 -0.9950 -0.0304
vn 0.1197 -0.9924 -0.0270
vn 0.0328 0.9922 0.1205
vn 0.0722 0.9629 0.2600
vn 0.5902 -0.7881 -0.1750
vn 0.0947 -0.9951 -0.0283
vn 0.9631 0.0008 -0.2691
vn 0.9631 0.0008 -0.2690
vn 0.9631 0.0009 -0.2691
vn 0.2379 -0.4525 0.8595
vn 0.2645 -0.1079 0.9583
vn -0.9631 -0.0009 0.2691
vn 0.0129 -0.9988 0.0467
vn -0.0132 -0.9988 -0.0477
vn 0.1073 -0.9154 0.3879
vn -0.1072 -0.9155 -0.3879
vn -0.2341 -0.4780 -0.8466
vn 0.2955 0.3448 0.8910
vn 0.9631 0.0010 -0.2691
vn 0.9631 0.0011 -0.2692
vn -0.8974 0.2039 0.3912
vn -0.0174 0.9979 -0.0625
vn -0.0013 1.0000 -0.0033
vn -0.0996 0.9752 -0.1977
vn -0.0786 0.9555 -0.2842
vn -0.1203 0.9543 -0.2737
vn 0.2647 -0.1080 0.9583
vn 0.1283 0.8717 0.4730
vn -0.2699 -0.0540 -0.9614
vn -0.9635 0.1657 0.2104
vn -0.0150 0.9983 -0.0562
vn 0.0421 0.9987 -0.0271
vn -0.0040 0.9999 -0.0156
vn -0.1357 0.8611 -0.4899
vn -0.1736 0.8582 -0.4831
vn -0.0494 0.9988 -0.0015
vn -0.3095 0.9412 -0.1353
vn 0.0058 -1.0000 -0.0055
vn 0.1196 -0.1220 -0.9853
vn 0.2111 -0.1626 -0.9639
vn 0.1171 -0.1217 -0.9856
vn -0.2097 0.6183 -0.7574
vn -0.0374 0.9543 -0.2966
vn -0.0155 0.9751 -0.2212
vn -0.2399 0.4345 -0.8681
vn -0.2361 0.6106 -0.7559
vn -0.0997 0.8583 -0.5034
vn -0.1861 0.6108 -0.7696
vn 0.0419 -0.9990 0.0146
vn 0.0296 -0.9995 0.0092
vn 0.0247 -0.9997 0.0079
vn -0.2674 -0.1840 -0.9459
vn -0.2619 -0.1840 -0.9474
vn 0.5909 -0.7856 -0.1835
vn -0.6003 -0.7856 0.1500
vn 0.2784 0.1840 0.9427
vn 0.2950 0.1839 0.9376
vn 0.2402 0.1840 0.9531
vn -0.2544 -0.1840 -0.9494
vn -0.2736 -0.1840 -0.9441
vn -0.6721 -0.1641 -0.7221
vn -0.6137 -0.1253 -0.7795
vn -0.6118 -0.1249 -0.7811
vn -0.6111 0.7894 -0.0581
vn -0.3278 0.9296 -0.1686
vn -0.6177 0.7845 -0.0551
vn 0.2331 0.1840 0.9549
vn 0.2477 0.1839 0.9512
vn 0.2484 0.1839 0.9510
vn 0.2755 0.1840 0.9435
vn 0.2696 0.1840 0.9452
vn 0.2761 0.1840 0.9434
vn -0.2496 0.4351 -0.8651
vn -0.9631 -0.0009 0.2690
vn 0.9606 0.0058 -0.2777
vn -0.0473 0.9974 -0.0540
vn 0.2542 0.1841 0.9495
vn -0.0099 -0.9999 -0.0029
vn -0.2708 -0.1840 -0.9449
vn -0.2517 -0.1840 -0.9501
vn 0.9433 0.1611 -0.2901
vn -0.0649 0.9698 -0.2349
vn 0.0475 0.9760 -0.2123
vn -0.9501 0.1974 0.2416
vn -0.8476 0.2052 0.4894
vn 0.5010 0.7834 -0.3679
vn -0.2406 -0.1840 -0.9530
vn -0.2276 -0.1838 -0.9562
vn 0.6228 0.1258 0.7722
vn 0.2567 0.1840 0.9488
vn -0.8883 0.4467 0.1064
vn 0.1944 0.9292 -0.3144
vn 0.4946 0.7878 -0.3671
vn -0.2758 -0.1840 -0.9435
vn -0.2675 -0.1840 -0.9458
vn -0.0023 0.9579 -0.2873
vn -0.0417 0.9594 -0.2789
vn 0.0100 0.9559 -0.2935
vn -0.1590 0.9561 -0.2460
vn -0.2764 -0.1840 -0.9433
vn -0.2564 -0.1840 -0.9489
vn -0.2481 -0.1839 -0.9511
vn 0.2469 0.1840 0.9514
vn 0.2293 0.1839 0.9558
vn -0.0049 -1.0000 0.0023
vn -0.0103 -0.9999 0.0045
vn -0.0108 -0.9999 0.0047
vn -0.2318 -0.1839 -0.9552
vn -0.2474 -0.1839 -0.9513
vn 0.2851 0.1840 0.9407
vn -0.0176 -0.9996 0.0202
vn -0.0019 -1.0000 0.0081
vn -0.0211 -0.9995 0.0238
vn 0.2910 0.1839 0.9389
vn 0.5945 -0.7408 0.3126
vn 0.5836 -0.8069 0.0910
vn 0.5768 -0.8112 0.0964
vn -0.6588 -0.7452 0.1031
vn -0.6181 -0.7750 -0.1314
vn -0.6452 -0.7539 0.1240
vn -0.5926 0.7321 -0.3359
vn -0.5809 0.8063 -0.1114
vn -0.6085 0.7049 -0.3645
vn 0.6592 0.7411 -0.1273
vn 0.6278 0.7714 0.1035
vn 0.6492 0.7496 0.1292
vn -0.6837 -0.5510 0.4785
vn -0.7593 0.3969 -0.5157
vn 0.6823 0.5392 -0.4937
vn 0.6506 0.7438 -0.1531
vn 0.7603 -0.4037 0.5090
vn 0.6104 -0.7109 0.3495
vn -0.6557 -0.2473 0.7134
vn -0.6811 -0.5105 0.5250
vn -0.7916 0.2352 -0.5640
vn -0.7691 0.3865 -0.5090
vn 0.6801 0.5067 -0.5299
vn 0.6554 0.2500 -0.7127
vn 0.7919 -0.2323 0.5647
vn 0.7700 -0.3935 0.5023
vn 0.6204 0.0246 -0.7839
vn 0.6447 0.2042 -0.7367
vn 0.6145 0.0016 -0.7889
vn -0.6201 -0.0223 0.7842
vn -0.6447 -0.2008 0.7376
vn 0.7907 -0.2107 0.5749
vn 0.7908 -0.1143 0.6013
vn 0.5875 -0.1504 -0.7951
vn 0.6072 -0.1076 -0.7873
vn 0.5874 -0.1489 -0.7955
vn -0.7924 0.0129 -0.6098
vn -0.7923 0.0384 -0.6090
vn -0.7928 0.0478 -0.6077
vn 0.7924 -0.0116 0.6099
vn 0.7871 -0.0501 0.6148
vn 0.7924 -0.0129 0.6099
vn 0.7067 0.5584 -0.4344
vn 0.7317 0.6079 -0.3083
vn 0.7058 0.5541 -0.4415
vn 0.7895 -0.0991 0.6057
vn 0.7927 -0.0470 0.6077
vn -0.7871 0.0498 -0.6148
vn -0.7924 0.0117 -0.6098
vn -0.7896 0.1005 -0.6054
vn -0.7908 0.1157 -0.6011
vn -0.6004 0.0924 0.7943
vn -0.6142 0.0006 0.7892
vn 0.6004 -0.0916 -0.7944
vn 0.7923 -0.0377 0.6090
vn 0.5971 -0.1046 -0.7953
vn -0.6071 0.1082 0.7872
vn -0.5879 0.1516 0.7946
vn -0.5878 0.1499 0.7950
vn -0.5971 0.1054 0.7952
vn -0.6237 -0.0395 0.7806
vn -0.6074 0.1077 0.7871
vn -0.7739 0.1728 -0.6093
vn -0.7869 0.0504 -0.6150
vn 0.6074 -0.1071 -0.7871
vn 0.6236 0.0391 -0.7807
vn 0.7869 -0.0507 0.6150
vn 0.7738 -0.1731 0.6093
vn -0.6471 -0.2309 0.7266
vn -0.6236 -0.0398 0.7807
vn -0.7532 0.3414 -0.5622
vn -0.7737 0.1727 -0.6095
vn 0.6235 0.0395 -0.7808
vn 0.6471 0.2309 -0.7266
vn 0.7737 -0.1730 0.6095
vn 0.7532 -0.3416 0.5621
vn -0.6727 -0.4017 0.6213
vn -0.6472 -0.2311 0.7265
vn -0.7286 0.5063 -0.4613
vn -0.7532 0.3412 -0.5624
vn 0.6472 0.2311 -0.7265
vn 0.6727 0.4020 -0.6212
vn 0.7286 -0.5062 0.4614
vn 0.7532 -0.3414 0.5623
vn -0.6865 -0.4855 0.5413
vn -0.6727 -0.4020 0.6212
vn -0.7286 0.5064 -0.4612
vn -0.7104 0.5902 -0.3834
vn 0.6862 0.4849 -0.5422
vn 0.6727 0.4022 -0.6211
vn 0.7102 -0.5915 0.3817
vn 0.7286 -0.5064 0.4612
vn -0.7060 -0.5547 0.4402
vn -0.6870 -0.4838 0.5423
vn -0.6868 0.6853 -0.2422
vn -0.7113 0.5888 -0.3838
vn 0.6868 0.4832 -0.5431
vn 0.6864 -0.6865 0.2399
vn 0.7111 -0.5900 0.3823
vn 0.7297 0.6114 -0.3061
vn 0.7319 0.6081 -0.3074
vn 0.5766 -0.7912 -0.2038
vn 0.6325 -0.7742 -0.0220
vn 0.6315 -0.7750 -0.0262
vn -0.6326 0.7742 0.0218
vn -0.6845 0.6910 -0.2324
vn -0.7318 -0.6078 0.3083
vn -0.7297 -0.6114 0.3060
vn -0.7319 -0.6081 0.3074
vn -0.5338 0.8029 -0.2653
vn -0.5719 0.6676 -0.4767
vn -0.5338 0.7991 -0.2766
vn 0.6842 -0.6919 0.2305
vn -0.5766 0.7912 0.2038
vn -0.5765 0.7912 0.2042
vn -0.7070 -0.5588 0.4335
vn -0.6969 -0.6117 0.3745
vn -0.7301 -0.6114 0.3052
vn -0.5274 0.7915 0.3090
vn 0.6968 0.6116 -0.3747
vn 0.7300 0.6114 -0.3053
vn 0.5274 -0.7915 -0.3090
vn 0.5765 -0.7912 -0.2042
vn -0.6313 -0.6140 0.4738
vn -0.6970 -0.6115 0.3745
vn -0.5273 0.7915 0.3091
vn -0.4727 0.7896 0.3914
vn 0.6969 0.6115 -0.3747
vn 0.6311 0.6141 -0.4740
vn 0.4726 -0.7896 -0.3914
vn 0.5273 -0.7914 -0.3091
vn -0.5210 -0.6168 0.5901
vn -0.6314 -0.6139 0.4738
vn -0.4726 0.7895 0.3915
vn -0.3956 0.7877 0.4723
vn 0.6312 0.6139 -0.4740
vn 0.5209 0.6168 -0.5902
vn 0.3956 -0.7877 -0.4723
vn 0.4726 -0.7895 -0.3916
vn -0.3519 -0.6177 0.7033
vn -0.5211 -0.6167 0.5900
vn -0.2718 0.7863 0.5549
vn -0.3956 0.7876 0.4724
vn 0.3521 0.6177 -0.7032
vn 0.5210 0.6167 -0.5901
vn 0.2718 -0.7863 -0.5548
vn 0.3955 -0.7876 -0.4724
vn -0.1008 0.7860 0.6099
vn -0.2681 0.7862 0.5567
vn 0.2682 -0.7863 -0.5567
vn 0.1010 -0.7860 -0.6099
vn -0.1310 -0.6181 0.7751
vn -0.3479 -0.6177 0.7053
vn -0.1321 -0.6183 0.7748
vn 0.4433 0.7859 0.4310
vn 0.3693 0.7869 0.4944
vn 0.3614 0.7872 0.4998
vn 0.2353 0.7855 0.5724
vn 0.2250 0.7856 0.5763
vn 0.0338 -0.6179 0.7855
vn 0.0334 -0.6179 0.7855
vn 0.1245 -0.6159 0.7779
vn 0.2879 -0.6170 0.7324
vn 0.1232 -0.6158 0.7782
vn -0.3606 -0.7872 -0.5003
vn -0.2344 -0.7854 -0.5729
vn -0.3684 -0.7869 -0.4950
vn 0.0535 0.7861 0.6158
vn 0.0440 0.7860 0.6166
vn 0.1336 0.7848 0.6052
vn 0.1043 0.7860 0.6094
vn 0.1333 0.7847 0.6054
vn 0.4589 -0.6184 0.6379
vn 0.2984 -0.6169 0.7283
vn 0.4667 -0.6183 0.6324
vn 0.5674 -0.6165 0.5458
vn 0.0917 -0.6178 0.7810
vn 0.0918 -0.6178 0.7810
vn -0.0258 -0.7861 -0.6176
vn 0.1027 -0.7861 -0.6095
vn -0.0252 -0.7861 -0.6176
vn -0.4576 0.6184 -0.6388
vn -0.2969 0.6168 -0.7289
vn -0.2866 0.6169 -0.7330
vn 0.0582 -0.6176 0.7843
vn 0.0462 -0.6178 0.7850
vn 0.0612 -0.6176 0.7841
vn 0.0428 0.7861 0.6166
vn -0.0461 0.6178 -0.7850
vn -0.0581 0.6176 -0.7843
vn -0.0611 0.6176 -0.7841
vn -0.0429 -0.7862 -0.6165
vn -0.1334 -0.7847 -0.6053
vn -0.1337 -0.7848 -0.6052
vn 0.1313 0.6182 -0.7750
vn 0.3481 0.6177 -0.7052
vn -0.1043 -0.7860 -0.6094
vn -0.1036 -0.7860 -0.6095
vn -0.0917 0.6177 -0.7810
vn -0.0333 0.6180 -0.7855
vn -0.0337 0.6180 -0.7855
vn -0.5668 0.6165 -0.5465
vn -0.4654 0.6183 -0.6333
vn -0.0918 0.6178 -0.7810
vn -0.4429 -0.7860 -0.4314
vn 0.0259 0.7860 0.6177
vn -0.1025 0.7861 0.6096
vn 0.0460 -0.6178 0.7849
vn 0.0406 0.7861 0.6168
vn -0.1240 0.6160 -0.7779
vn -0.1228 0.6159 -0.7782
vn -0.0437 -0.7860 -0.6166
vn -0.0532 -0.7861 -0.6158
vn 0.0253 0.7860 0.6177
vn -0.2243 -0.7856 -0.5767
vn 0.1325 0.6183 -0.7747
vn 0.5720 -0.6165 0.5411
vn 0.6382 -0.6170 0.4605
vn 0.5313 0.7844 0.3199
vn 0.4472 0.7859 0.4271
vn -0.6380 0.6170 -0.4607
vn -0.5713 0.6165 -0.5418
vn -0.4468 -0.7859 -0.4275
vn -0.5308 -0.7845 -0.3207
vn 0.6410 -0.6169 0.4566
vn 0.7155 -0.6145 0.3323
vn 0.5929 0.7856 0.1769
vn 0.5340 0.7845 0.3151
vn -0.7152 0.6146 -0.3329
vn -0.6409 0.6170 -0.4568
vn -0.5335 -0.7846 -0.3159
vn -0.5927 -0.7855 -0.1779
vn -0.7862 0.6164 -0.0440
vn -0.7218 0.6145 -0.3184
vn -0.5931 -0.7858 -0.1753
vn -0.6141 -0.7829 -0.0996
vn 0.6144 0.7827 0.0992
vn 0.5934 0.7858 0.1743
vn 0.7870 -0.6165 0.0251
vn 0.7568 -0.6206 -0.2054
vn 0.7863 -0.6166 0.0403
vn 0.6186 0.7835 -0.0589
vn 0.6155 0.7826 0.0931
vn -0.7575 0.6206 0.2026
vn -0.7870 0.6163 -0.0290
vn -0.6151 -0.7828 -0.0935
vn -0.6185 -0.7836 0.0579
vn 0.7548 -0.6207 -0.2123
vn 0.7659 -0.6185 -0.1756
vn 0.5992 0.7865 -0.1494
vn 0.6165 0.7805 -0.1038
vn -0.7659 0.6185 0.1754
vn -0.7555 0.6207 0.2097
vn -0.6166 -0.7806 0.1022
vn -0.5994 -0.7866 0.1483
vn -0.6005 -0.7860 -0.1473
vn -0.6024 -0.7865 -0.1363
vn -0.6030 -0.7881 -0.1235
vn -0.7648 0.6168 -0.1862
vn -0.7675 0.6175 -0.1719
vn -0.7659 0.6179 -0.1779
vn 0.7223 -0.6145 0.3175
vn 0.6004 0.7860 0.1476
vn 0.6025 0.7865 0.1357
vn 0.6010 0.7871 0.1393
vn 0.6175 0.7866 0.0041
vn 0.5995 0.7871 -0.1448
vn -0.6174 -0.7866 -0.0047
vn -0.5997 -0.7872 0.1438
vn -0.7868 0.6172 -0.0080
vn -0.7669 0.6187 0.1705
vn 0.7647 -0.6168 0.1867
vn 0.7677 -0.6175 0.1709
vn 0.7692 -0.6191 0.1580
vn -0.7827 0.6157 -0.0908
vn -0.7833 0.6161 -0.0827
vn 0.7826 -0.6157 0.0918
vn 0.7658 -0.6178 0.1785
vn -0.6150 -0.7852 -0.0724
vn -0.6010 -0.7871 -0.1389
vn 0.6150 0.7852 0.0730
vn 0.6154 0.7856 0.0647
vn 0.7871 -0.6165 -0.0196
vn 0.7833 -0.6161 0.0835
vn 0.6182 0.7859 -0.0154
vn 0.6183 0.7858 -0.0157
vn -0.6182 -0.7859 0.0155
vn -0.6154 -0.7856 -0.0643
vn -0.7871 0.6165 0.0198
vn -0.7871 0.6165 0.0201
vn 0.7835 -0.6164 -0.0786
vn 0.7871 -0.6165 -0.0199
vn -0.6155 -0.7857 0.0617
vn -0.6183 -0.7858 0.0158
vn 0.6155 0.7857 -0.0617
vn -0.7835 0.6164 0.0785
vn -0.7843 0.6166 0.0680
vn -0.7835 0.6164 0.0783
vn -0.6155 -0.7857 0.0615
vn -0.6161 -0.7858 0.0534
vn 0.6161 0.7858 -0.0534
vn 0.6155 0.7857 -0.0615
vn 0.7843 -0.6166 -0.0680
vn 0.7835 -0.6164 -0.0783
vn -0.7869 0.6167 0.0191
vn -0.6182 -0.7859 0.0150
vn 0.6182 0.7859 -0.0150
vn 0.7869 -0.6167 -0.0191
vn -0.7870 0.6168 -0.0107
vn 0.7870 -0.6168 0.0107
vn -0.6183 -0.7859 -0.0084
vn 0.6183 0.7859 0.0084
vn -0.7865 0.6163 -0.0410
vn -0.7870 0.6170 0.0032
vn 0.7870 -0.6169 0.0083
vn 0.7870 -0.6170 -0.0032
vn 0.6183 0.7859 0.0065
vn -0.6183 -0.7859 0.0025
vn -0.6183 -0.7859 -0.0065
vn -0.7870 0.6169 -0.0083
vn 0.6183 0.7859 -0.0025
vn 0.6162 0.7841 -0.0743
vn 0.6164 0.7843 -0.0700
vn 0.7865 -0.6163 0.0410
vn 0.7863 -0.6161 0.0452
vn 0.6115 0.7791 -0.1381
vn 0.7840 -0.6139 0.0923
vn -0.7840 0.6139 -0.0923
vn -0.7863 0.6161 -0.0452
vn 0.7840 -0.6139 0.0921
vn 0.7865 -0.6163 0.0388
vn 0.6115 0.7791 -0.1380
vn 0.6159 0.7839 -0.0778
vn -0.7865 0.6163 -0.0388
vn -0.7840 0.6139 -0.0921
vn -0.6159 -0.7839 0.0778
vn -0.6115 -0.7791 0.1380
vn -0.6115 -0.7791 0.1381
vn 0.7866 -0.6165 0.0339
vn 0.7867 -0.6170 -0.0184
vn 0.6182 0.7859 -0.0145
vn 0.6161 0.7841 -0.0743
vn -0.7867 0.6170 0.0184
vn -0.7866 0.6165 -0.0339
vn -0.6182 -0.7859 0.0145
vn -0.6161 -0.7841 0.0743
vn -0.0076 0.1751 -0.9845
vn 0.1807 0.0237 -0.9833
vn 0.1812 0.0195 -0.9833
vn 0.7704 -0.6025 0.2085
vn 0.0353 -0.1736 -0.9842
vn 0.0052 -0.1742 -0.9847
vn -0.1671 -0.0213 -0.9857
vn -0.0358 0.1689 -0.9850
vn 0.7853 -0.6162 -0.0595
vn 0.7853 -0.6163 -0.0595
vn 0.6170 0.7849 -0.0576
vn 0.6169 0.7849 -0.0576
vn -0.7864 0.6163 -0.0413
vn -0.7864 0.6163 -0.0414
vn -0.6181 -0.7849 -0.0433
vn -0.6180 -0.7850 -0.0433
vn -0.1674 -0.0183 -0.9857
vn 0.6059 0.7674 0.2099
vn -0.7663 0.6027 0.2226
vn -0.6017 -0.7676 0.2210
vn 0.7309 0.5444 -0.4116
vn 0.6955 0.2593 -0.6701
vn 0.7582 0.5405 -0.3646
vn -0.6955 -0.2564 0.6712
vn -0.7344 -0.5792 0.3538
vn -0.7530 -0.5975 0.2757
vn -0.7904 0.2136 -0.5742
vn -0.7431 0.3443 -0.5738
vn -0.6387 0.5760 -0.5101
vn -0.6820 0.5946 -0.4259
vn -0.6847 -0.0751 0.7250
vn -0.6948 -0.2682 0.6674
vn -0.7408 0.1642 -0.6514
vn -0.7452 0.3363 -0.5758
vn 0.6847 0.0750 -0.7249
vn 0.6947 0.2721 -0.6658
vn 0.7454 -0.3359 0.5758
vn 0.7409 -0.1646 0.6512
vn 0.6623 0.0258 0.7488
vn 0.7245 -0.0453 0.6878
vn 0.6625 0.0268 0.7486
vn 0.6211 -0.1703 -0.7650
vn 0.6615 -0.2158 -0.7182
vn 0.6220 -0.1640 -0.7656
vn -0.7094 -0.0184 -0.7046
vn -0.7356 0.0091 -0.6773
vn -0.7364 0.0161 -0.6764
vn -0.7475 0.1694 0.6423
vn -0.6715 0.0667 0.7380
vn -0.6716 0.0536 0.7390
vn 0.7403 -0.1483 0.6557
vn 0.7405 -0.0165 0.6718
vn 0.7385 -0.0097 0.6742
vn -0.7252 0.0491 -0.6868
vn -0.7093 -0.0167 -0.7047
vn -0.7402 0.1482 -0.6559
vn -0.6662 0.2035 0.7174
vn -0.7471 0.1732 0.6418
vn -0.6850 -0.0765 0.7245
vn 0.6783 -0.0463 -0.7333
vn 0.6849 0.0765 -0.7246
vn -0.6756 0.1542 0.7210
vn -0.6646 0.2036 0.7189
vn -0.6955 0.1901 -0.6929
vn -0.7257 0.0498 -0.6862
vn 0.6623 -0.2159 -0.7175
vn 0.6753 -0.1555 -0.7210
vn 0.7263 -0.0462 0.6858
vn 0.6952 -0.1911 0.6929
vn -0.7355 -0.0743 0.6734
vn -0.6750 0.1537 0.7216
vn -0.6346 0.4258 -0.6450
vn -0.6952 0.1900 -0.6932
vn 0.6747 -0.1549 -0.7217
vn 0.7354 0.0737 -0.6736
vn 0.6950 -0.1908 0.6932
vn 0.6344 -0.4262 0.6449
vn -0.8049 -0.3492 0.4798
vn -0.7350 -0.0750 0.6739
vn -0.5728 0.6642 -0.4803
vn -0.6343 0.4256 -0.6454
vn 0.8050 0.3497 -0.4793
vn 0.7349 0.0744 -0.6741
vn 0.5728 -0.6645 0.4800
vn 0.6342 -0.4258 0.6453
vn 0.8332 0.4795 -0.2754
vn 0.8352 0.4832 -0.2624
vn -0.8332 -0.4795 0.2754
vn -0.8054 -0.3505 0.4780
vn 0.5337 -0.8033 0.2642
vn 0.5718 -0.6678 0.4765
vn 0.6760 -0.0584 -0.7345
vn -0.8487 -0.5108 0.1372
vn -0.8352 -0.4832 0.2624
vn -0.5212 0.8512 -0.0625
vn 0.8487 0.5108 -0.1373
vn 0.5211 -0.8512 0.0621
vn 0.5338 -0.7995 0.2755
vn -0.8520 -0.5133 0.1027
vn -0.8487 -0.5112 0.1355
vn -0.5088 0.8589 0.0574
vn -0.5208 0.8515 -0.0606
vn 0.8520 0.5133 -0.1026
vn 0.8487 0.5112 -0.1356
vn 0.5089 -0.8589 -0.0572
vn 0.5208 -0.8515 0.0603
vn -0.8447 -0.5133 0.1520
vn -0.8520 -0.5132 0.1031
vn -0.5089 0.8589 0.0575
vn -0.5043 0.8590 0.0886
vn 0.8447 0.5133 -0.1520
vn 0.8520 0.5132 -0.1030
vn 0.5043 -0.8590 -0.0887
vn 0.5089 -0.8589 -0.0573
vn -0.8166 -0.5164 0.2580
vn -0.8445 -0.5133 0.1528
vn -0.4906 0.8573 0.1560
vn -0.5043 0.8590 0.0883
vn 0.8445 0.5133 -0.1527
vn 0.8165 0.5164 -0.2582
vn 0.4905 -0.8573 -0.1562
vn 0.5043 -0.8590 -0.0884
vn -0.5360 0.4345 -0.7239
vn -0.3316 0.4272 -0.8411
vn -0.3285 0.4271 -0.8424
vn -0.3905 -0.8985 -0.2007
vn -0.4155 -0.8984 -0.1425
vn -0.3902 -0.8985 -0.2012
vn -0.8516 0.4365 -0.2902
vn -0.8898 0.4368 -0.1324
vn -0.8903 0.4368 -0.1284
vn 0.4108 0.8995 -0.1488
vn 0.4304 0.8979 -0.0923
vn 0.4314 0.8983 -0.0833
vn -0.4167 -0.8984 0.1387
vn -0.4100 -0.8994 0.1515
vn -0.4167 -0.8984 0.1385
vn 0.8898 -0.4368 0.1319
vn 0.8517 -0.4364 0.2900
vn 0.8904 -0.4368 0.1279
vn -0.4341 -0.8984 0.0667
vn -0.4339 -0.8984 0.0677
vn 0.6425 -0.4370 0.6295
vn 0.5857 -0.4371 0.6826
vn 0.5857 -0.4372 0.6825
vn -0.4391 -0.8984 0.0104
vn -0.4314 -0.8983 0.0831
vn -0.4390 -0.8985 0.0069
vn -0.8995 0.4366 0.0156
vn -0.8995 0.4366 0.0192
vn 0.4159 0.8984 0.1413
vn 0.4339 0.8986 0.0653
vn 0.4346 0.8985 0.0614
vn -0.8445 0.4389 0.3068
vn -0.8813 0.4359 0.1827
vn -0.8829 0.4362 0.1740
vn -0.7345 0.4367 -0.5194
vn -0.6425 0.4371 -0.6294
vn -0.6420 0.4371 -0.6299
vn -0.4305 -0.8979 0.0920
vn -0.4108 -0.8995 0.1487
vn -0.8536 0.4367 0.2841
vn -0.8435 0.4389 0.3096
vn 0.8536 -0.4367 -0.2840
vn 0.8433 -0.4389 -0.3101
vn 0.8537 -0.4367 -0.2838
vn 0.2868 0.8984 0.3325
vn 0.2640 0.8990 0.3493
vn 0.2648 0.8991 0.3487
vn -0.4374 -0.8985 -0.0365
vn 0.2235 -0.8751 -0.4293
vn 0.4185 -0.8545 -0.3077
vn 0.4165 -0.8541 -0.3114
vn 0.3127 0.8985 0.3080
vn 0.3581 0.8984 0.2541
vn 0.3132 0.8985 0.3076
vn -0.3643 -0.4892 0.7925
vn -0.0124 -0.4433 0.8963
vn -0.3886 -0.4922 0.7789
vn 0.4391 0.8984 -0.0106
vn 0.4390 0.8985 -0.0070
vn -0.2089 0.8767 0.4333
vn -0.0164 0.8972 0.4412
vn -0.2223 0.8751 0.4298
vn 0.4341 0.8984 -0.0666
vn 0.4168 0.8984 -0.1385
vn 0.4167 0.8984 -0.1387
vn 0.4200 0.8986 0.1272
vn 0.4081 0.8986 0.1612
vn 0.4198 0.8986 0.1279
vn -0.0125 0.8979 0.4400
vn 0.1572 0.9035 0.3988
vn 0.8364 -0.4374 0.3303
vn 0.8606 -0.4372 0.2611
vn 0.8604 -0.4372 0.2619
vn 0.8513 -0.4364 0.2912
vn 0.8000 -0.4367 0.4115
vn 0.3870 0.4921 -0.7797
vn 0.6843 0.5206 -0.5106
vn 0.6879 0.5209 -0.5055
vn -0.4346 -0.8985 -0.0615
vn 0.7345 -0.4368 0.5194
vn 0.6420 -0.4370 0.6300
vn -0.5857 0.4372 -0.6825
vn 0.3287 -0.4271 0.8423
vn 0.0019 -0.4420 0.8970
vn 0.3319 -0.4272 0.8410
vn -0.4173 -0.8986 -0.1355
vn -0.4081 -0.8986 -0.1612
vn -0.6848 -0.5206 0.5099
vn 0.8552 -0.4374 0.2782
vn -0.4339 -0.8986 -0.0654
vn -0.4159 -0.8984 -0.1413
vn -0.8552 0.4374 -0.2780
vn -0.8364 0.4374 -0.3303
vn -0.8550 0.4373 -0.2787
vn 0.8810 -0.4359 -0.1837
vn 0.8443 -0.4389 -0.3074
vn 0.8827 -0.4362 -0.1749
vn 0.4374 0.8985 0.0365
vn 0.4339 0.8984 -0.0677
vn -0.4197 -0.8986 -0.1280
vn -0.4373 -0.8985 -0.0374
vn 0.5363 -0.4344 0.7237
vn 0.5319 -0.4343 0.7270
vn -0.8963 0.4370 -0.0754
vn -0.8889 0.4367 0.1383
vn -0.8891 0.4367 0.1372
vn -0.4164 0.8541 0.3116
vn -0.4897 0.8573 0.1589
vn 0.8995 -0.4365 -0.0162
vn 0.8995 -0.4366 -0.0198
vn -0.8000 0.4367 -0.4116
vn -0.8512 0.4364 -0.2914
vn -0.4183 0.8545 0.3079
vn -0.8536 0.4367 0.2839
vn -0.2868 -0.8985 -0.3324
vn -0.2640 -0.8990 -0.3493
vn -0.2868 -0.8985 -0.3325
vn -0.8606 0.4372 -0.2612
vn -0.8364 0.4374 -0.3304
vn -0.8604 0.4372 -0.2620
vn -0.1568 -0.9035 -0.3989
vn 0.0139 -0.8979 -0.4400
vn 0.0178 -0.8972 -0.4412
vn -0.0023 0.4420 -0.8970
vn 0.0115 0.4433 -0.8963
vn -0.3132 -0.8985 -0.3075
vn -0.2648 -0.8991 -0.3487
vn -0.1537 -0.9036 -0.3998
vn -0.8962 0.4370 -0.0763
vn 0.3634 0.4892 -0.7929
vn 0.8963 -0.4370 0.0754
vn 0.8889 -0.4367 -0.1382
vn 0.8962 -0.4370 0.0763
vn 0.8162 0.5164 -0.2593
vn 0.1541 0.9036 0.3997
vn 0.3902 0.8985 0.2012
vn 0.3586 0.8985 0.2533
vn 0.8891 -0.4367 -0.1371
vn 0.4155 0.8984 0.1425
vn 0.3905 0.8985 0.2007
vn -0.4199 -0.8986 -0.1273
vn -0.5316 0.4343 -0.7272
vn -0.3581 -0.8984 -0.2541
vn -0.3127 -0.8985 -0.3080
vn -0.3586 -0.8984 -0.2533
vn -0.8162 -0.5164 0.2591
vn 0.4896 -0.8573 -0.1591
vn 0.7340 -0.4368 0.5201
vn 0.7997 -0.4367 0.4121
vn 0.2103 -0.8766 -0.4328
vn 0.4173 0.8986 0.1355
vn 0.4081 0.8986 0.1611
vn 0.4171 0.8986 0.1362
vn -0.7997 0.4367 -0.4121
vn -0.7340 0.4367 -0.5201
vn -0.8925 0.4372 -0.1107
vn -0.4356 -0.8985 -0.0538
vn -0.4172 -0.8986 -0.1361
vn 0.8925 -0.4372 0.1108
vn 0.8550 -0.4373 0.2788
vn -0.8924 0.4372 -0.1117
vn -0.8942 0.4369 0.0980
vn 0.4356 0.8985 0.0538
vn 0.4367 0.8983 -0.0473
vn 0.4355 0.8985 0.0547
vn 0.4365 0.8984 -0.0491
vn 0.8942 -0.4369 -0.0980
vn 0.8924 -0.4372 0.1118
vn 0.8553 -0.4370 -0.2784
vn 0.8940 -0.4369 -0.0998
vn 0.4178 0.8984 -0.1356
vn -0.8554 0.4370 0.2782
vn -0.8939 0.4369 0.0998
vn -0.4367 -0.8983 0.0473
vn -0.4178 -0.8984 0.1356
vn -0.4365 -0.8984 0.0491
vn -0.4355 -0.8985 -0.0547
vn 0.8075 -0.4357 -0.3977
vn 0.8549 -0.4371 -0.2794
vn 0.8064 -0.4358 -0.3996
vn -0.2521 -0.8892 0.3818
vn -0.2123 -0.8784 0.4282
vn -0.2646 -0.8920 0.3665
vn 0.3956 0.8977 -0.1940
vn 0.4174 0.8984 -0.1367
vn -0.8079 0.4357 0.3969
vn -0.8550 0.4371 0.2792
vn 0.6625 -0.4352 -0.6097
vn 0.7559 -0.4372 -0.4874
vn 0.6531 -0.4345 -0.6202
vn 0.3266 0.8976 -0.2960
vn 0.3688 0.8983 -0.2389
vn 0.3710 0.8983 -0.2353
vn -0.6639 0.4352 0.6081
vn -0.7567 0.4372 0.4861
vn -0.7590 0.4370 0.4827
vn -0.3269 -0.8976 0.2956
vn -0.3690 -0.8983 0.2385
vn -0.3189 -0.8966 0.3073
vn 0.2125 0.8784 -0.4280
vn 0.2520 0.8892 -0.3820
vn 0.2643 0.8920 -0.3668
vn 0.5083 -0.4212 -0.7511
vn 0.4045 -0.4001 -0.8223
vn 0.5227 -0.4236 -0.7399
vn -0.4001 0.3992 0.8250
vn -0.5093 0.4214 0.7504
vn -0.5237 0.4238 0.7390
vn 0.3928 -0.3972 -0.8294
vn 0.3904 -0.3753 -0.8407
vn 0.2587 0.7968 -0.5460
vn 0.2009 0.8738 -0.4428
vn -0.3868 0.3751 0.8424
vn -0.3868 0.3959 0.8328
vn -0.2005 -0.8737 0.4431
vn -0.2583 -0.7972 0.5458
vn 0.4006 -0.3773 -0.8350
vn 0.4584 -0.4064 -0.7904
vn 0.2497 0.8576 -0.4496
vn 0.2610 0.7963 -0.5457
vn -0.4605 0.4070 0.7888
vn -0.3993 0.3776 0.8354
vn -0.2606 -0.7966 0.5454
vn -0.2496 -0.8576 0.4497
vn 0.5563 -0.4181 -0.7182
vn 0.4697 -0.4097 -0.7820
vn 0.5925 -0.4339 -0.6787
vn 0.4038 0.8394 -0.3637
vn 0.3490 0.8603 -0.3716
vn 0.3394 0.8567 -0.3884
vn -0.3476 -0.8580 0.3780
vn -0.4024 -0.8364 0.3722
vn -0.3381 -0.8545 0.3944
vn 0.2939 0.8432 -0.4502
vn 0.2541 0.8597 -0.4431
vn -0.7945 0.3952 0.4610
vn -0.7230 0.4544 0.5204
vn -0.6949 0.4486 0.5620
vn -0.5526 0.4155 0.7224
vn -0.4703 0.4098 0.7816
vn -0.2538 -0.8595 0.4436
vn -0.2933 -0.8421 0.4526
vn 0.0230 0.9996 0.0142
vn 0.0159 0.9998 0.0113
vn 0.0324 0.9993 0.0187
vn 0.0370 -0.9985 -0.0413
vn 0.0217 -0.9995 -0.0248
vn 0.0423 -0.9979 -0.0495
vn 0.0587 -0.9980 0.0243
vn 0.0513 -0.9985 0.0200
vn 0.0110 -0.9999 -0.0021
vn 0.0070 -1.0000 -0.0012
vn 0.0111 -0.9999 -0.0021
vn 0.0053 0.9998 -0.0206
vn -0.2810 0.8817 -0.3789
vn -0.0045 0.9999 -0.0136
vn -0.0390 -0.9992 0.0093
vn -0.0500 -0.9987 -0.0074
vn -0.0577 -0.9982 -0.0144
vn -0.0560 -0.9983 -0.0166
vn -0.0426 -0.9990 -0.0102
vn 0.0055 -1.0000 0.0059
vn 0.0038 -1.0000 0.0058
vn 0.0103 -0.9999 -0.0007
vn -0.0008 -1.0000 0.0072
vn -0.0154 0.9998 -0.0150
vn -0.0213 0.9996 -0.0182
vn -0.0144 0.9998 -0.0148
vn -0.0114 0.9999 -0.0085
vn -0.1686 0.8542 -0.4918
vn -0.9583 0.0878 -0.2718
vn -0.9744 0.1911 0.1184
vn -0.9738 0.1924 0.1214
vn -0.0066 0.9999 -0.0101
vn -0.1444 0.8451 -0.5148
vn -0.2838 0.4450 -0.8494
vn -0.6813 0.2202 0.6981
vn -0.8803 0.2567 0.3991
vn -0.8863 0.2577 0.3848
vn -0.0337 0.9991 -0.0256
vn -0.0280 0.9994 -0.0221
vn -0.0339 0.9991 -0.0258
vn 0.0465 0.8817 -0.4696
vn -0.0027 0.9999 -0.0140
vn 0.9281 0.2197 -0.3006
vn 0.8946 0.1962 -0.4015
vn 0.9776 0.2095 -0.0217
vn 0.0086 -0.9999 -0.0120
vn -0.0072 -1.0000 0.0017
vn 0.0381 -0.9992 -0.0121
vn 0.0403 -0.9992 0.0008
vn -0.0160 0.9999 0.0055
vn -0.0240 0.9996 -0.0132
vn -0.0163 0.9999 0.0038
vn -0.0080 -1.0000 0.0022
vn 0.0017 0.9999 0.0132
vn 0.0110 0.9999 0.0050
vn 0.0114 0.9999 0.0047
vn -0.1289 0.3436 0.9302
vn -0.5994 0.1872 0.7783
vn 0.0004 0.9999 -0.0121
vn -0.1081 0.8542 -0.5085
vn 0.0058 0.9999 -0.0127
vn 0.0326 0.9993 0.0163
vn 0.0261 0.9996 0.0104
vn 0.0090 -1.0000 -0.0001
vn 0.0101 -0.9999 -0.0006
vn 0.9382 0.2115 -0.2740
vn 0.9712 0.1643 -0.1723
vn 0.9739 0.1629 -0.1578
vn -0.0092 -0.9999 0.0048
vn 0.0142 0.9998 0.0110
vn 0.0026 0.9999 0.0104
vn 0.9363 0.2081 -0.2830
vn 0.9377 0.2120 -0.2752
vn 0.9339 0.2180 -0.2835
vn -0.9501 0.2155 0.2254
vn 0.0158 0.9991 -0.0395
vn 0.0129 0.9993 -0.0337
vn 0.0094 0.9996 -0.0270
vn 0.2561 0.2913 0.9217
vn 0.2545 0.2918 0.9220
vn 0.2541 0.2920 0.9220
vn 0.2520 0.2927 0.9224
vn 0.2516 0.2930 0.9224
vn -0.0169 0.9996 0.0229
vn -0.0197 0.9993 0.0324
vn -0.0200 0.9991 0.0374
vn -0.0165 0.9993 0.0320
vn -0.0232 -0.9997 -0.0041
vn -0.0035 -1.0000 -0.0027
vn -0.0018 -1.0000 -0.0026
vn 0.6903 0.0912 0.7177
vn 0.9657 0.0045 0.2597
vn 0.9744 0.0044 0.2248
vn 0.0059 0.9998 -0.0213
vn 0.1692 0.3712 -0.9130
vn 0.6790 0.0929 -0.7282
vn -0.0067 0.9997 0.0214
vn 0.6787 0.0907 -0.7287
vn 0.8937 0.1948 -0.4041
vn -0.9460 0.2139 0.2437
vn -0.9460 0.2109 0.2462
vn -0.9353 0.2391 0.2610
vn 0.2004 0.3144 0.9279
vn -0.0723 0.3390 0.9380
vn -0.0036 1.0000 0.0091
vn -0.0071 0.9999 0.0099
vn -0.0073 0.9999 0.0099
vn -0.9459 0.2113 0.2462
vn 0.2967 0.2715 0.9156
vn 0.2563 0.2910 0.9217
vn -0.1405 0.8451 -0.5158
vn -0.1928 0.4450 -0.8745
vn 0.2152 0.3110 0.9257
vn 0.5819 0.1406 0.8010
vn 0.3135 0.2659 0.9116
vn 0.9363 0.2082 -0.2830
vn -0.6160 0.3699 -0.6955
vn -0.9579 0.0900 -0.2725
vn -0.0286 -0.9990 0.0347
vn -0.0336 -0.9985 0.0440
vn -0.0280 0.9994 -0.0183
vn -0.0290 -0.9996 -0.0054
vn 0.0147 0.9994 -0.0302
vn 0.0159 0.9991 -0.0398
vn -0.0376 -0.9980 0.0514
vn 0.0169 0.9999 -0.0036
vn 0.0140 0.9996 -0.0239
vn -0.0341 -0.9992 0.0215
vn -0.0383 -0.9992 0.0111
vn 0.0425 -0.9981 -0.0444
vn 0.0392 -0.9987 -0.0330
vn 0.0014 1.0000 0.0077
vn 0.0062 1.0000 0.0062
vn 0.0013 1.0000 0.0077
vn 0.0013 0.9999 0.0103
vn 0.0010 -1.0000 0.0006
vn -0.0048 -1.0000 0.0023
vn 0.0385 -0.9992 -0.0102
vn 0.0011 -1.0000 0.0005
vn 0.0162 0.9999 -0.0051
vn -0.2300 0.4351 -0.8705
vn -0.3089 -0.0001 -0.9511
vn -0.2204 0.0001 -0.9754
vn 0.0687 -0.0100 -0.9976
vn 0.0020 -0.0238 -0.9997
vn -0.0561 -0.0084 -0.9984
vn 0.0418 -0.0252 -0.9988
vn 0.1710 0.0061 -0.9853
vn -0.0017 -0.0225 -0.9997
vn 0.0374 -0.0226 -0.9990
vn -0.1176 0.0127 -0.9930
vn -0.0112 -0.9999 -0.0000
vn 0.9999 -0.0103 -0.0000
vn 0.0112 0.9999 -0.0000
vn -0.9999 0.0103 -0.0000
vn 0.0520 0.0326 -0.9981
vn 0.0345 0.0009 -0.9994
vn 0.0361 0.0251 -0.9990
vn 0.0524 0.0283 -0.9982
vn 0.0555 0.0538 -0.9970
vn 0.0424 0.0209 -0.9989
vn 0.0524 0.0285 -0.9982
vn 0.0557 0.0539 -0.9970
vn 0.0424 0.0210 -0.9989
vn 0.0522 0.0325 -0.9981
vn 0.0347 0.0007 -0.9994
vn 0.0362 0.0250 -0.9990
vn 0.9980 -0.0625 -0.0000
vn 0.6833 0.7302 -0.0000
vn 0.9990 -0.0455 -0.0000
vn 0.5979 -0.8016 -0.0000
vn -0.0286 -0.9996 -0.0000
vn -0.0466 -0.9989 -0.0000
vn -0.6836 -0.7299 -0.0000
vn -0.9980 0.0628 -0.0000
vn -0.9989 0.0458 -0.0000
vn 0.0286 0.9996 -0.0000
vn -0.5975 0.8018 -0.0000
vn 0.0466 0.9989 -0.0000
vn 0.6760 0.7369 -0.0000
vn -0.6211 0.7837 -0.0000
vn -0.6764 -0.7365 -0.0000
vn 0.6215 -0.7834 -0.0000
vn 0.6237 -0.7779 0.0760
vn 0.5853 -0.8104 -0.0254
vn 0.5917 -0.8055 -0.0320
vn -0.6434 -0.7628 0.0646
vn -0.6401 -0.7683 -0.0083
vn -0.6492 -0.7596 0.0381
vn -0.5996 0.7711 -0.2143
vn -0.5854 0.8105 -0.0189
vn -0.6330 0.7463 -0.2059
vn 0.6546 0.7457 -0.1239
vn 0.6432 0.7657 0.0028
vn 0.6578 0.7530 0.0167
vn 0.0362 0.0251 -0.9990
vn 0.0522 0.0326 -0.9981
vn 0.6754 0.7266 -0.1262
vn 0.0981 0.9950 -0.0189
vn 0.0408 0.9958 0.0814
vn 0.0751 0.9968 0.0287
vn -0.0159 -0.9954 0.0947
vn -0.0171 -0.9954 0.0941
vn -0.0187 -0.9955 0.0929
vn -0.1141 -0.9914 0.0640
vn -0.0939 -0.9947 -0.0430
vn -0.1019 -0.9897 -0.1008
vn 0.0887 0.9828 -0.1618
vn -0.0273 0.9868 -0.1593
vn 0.3050 0.9192 -0.2492
vn 0.9591 -0.2697 -0.0864
vn 0.9860 -0.1656 -0.0190
vn -0.9587 0.2688 0.0931
vn -0.9859 0.1667 0.0157
vn -0.9756 -0.0950 0.1977
vn -0.9930 -0.0652 0.0987
vn -0.9973 -0.0513 0.0526
vn -0.1718 -0.1317 -0.9763
vn -0.1844 -0.1247 -0.9749
vn -0.1621 -0.1372 -0.9772
vn 0.1474 0.1421 0.9788
vn 0.1547 0.1380 0.9783
vn 0.1636 0.1331 0.9775
vn -0.1329 -0.9911 -0.0050
vn -0.0513 -0.9939 -0.0973
vn -0.0564 -0.9933 -0.1009
vn 0.9650 -0.1128 -0.2367
vn 0.9800 -0.1434 -0.1381
vn 0.9530 -0.0964 -0.2872
vn 0.0429 0.9956 -0.0831
vn 0.0106 0.9930 -0.1177
vn 0.1134 0.9806 -0.1598
vn 0.1907 0.1199 0.9743
vn 0.1784 0.1272 0.9757
vn 0.1683 0.1331 0.9767
vn -0.1538 -0.1113 -0.9818
vn -0.1607 -0.1150 -0.9803
vn -0.1702 -0.1201 -0.9781
vn 0.7003 -0.4525 -0.5521
vn 0.7281 -0.4581 -0.5099
vn 0.3056 0.8531 -0.4228
vn -0.3047 -0.8517 0.4263
vn -0.5885 0.4311 0.6840
vn 0.8007 -0.3982 -0.4476
vn -0.3957 -0.8977 0.1939
vn -0.4174 -0.8984 0.1366
vn -0.3946 -0.8977 0.1958
vn 0.3945 0.8977 -0.1960
vn -0.3712 -0.8983 0.2351
vn 0.7582 -0.4370 -0.4839
vn -0.8068 0.4358 0.3989
vn -0.6547 0.4345 0.6185
vn 0.3185 0.8966 -0.3078
vn -0.6162 -0.7841 0.0743
vn -0.6164 -0.7843 0.0700
vn -0.5527 -0.2618 0.7912
vn -0.7869 0.6167 -0.0203
vn -0.7690 0.6191 -0.1592
vn -0.6180 -0.7860 -0.0170
vn 0.7870 -0.6167 0.0190
vn 0.7868 -0.6172 0.0070
vn 0.6180 0.7860 0.0162
vn 0.6031 0.7881 0.1228
vn 0.7669 -0.6186 -0.1706
vn 0.4100 0.8994 -0.1516
vn 0.0102 -0.9999 0.0117
vn 0.0503 -0.9977 0.0462
vn 0.0094 -0.9999 0.0117
vn 0.9494 -0.0112 -0.3140
vn 0.6290 0.6558 -0.4174
vn 0.1399 0.9298 -0.3403
vn 0.6111 0.6730 -0.4168
vn -0.1801 -0.0812 -0.9803
vn -0.1883 0.9743 0.1234
vn 0.2479 0.8485 0.4676
vn 0.2171 0.9749 0.0486
vn 0.8456 0.3582 -0.3959
vn -0.2545 0.9292 -0.2681
vn -0.7402 0.6518 -0.1652
vn -0.7229 0.6694 -0.1712
vn -0.9330 0.3533 -0.0680
vn -0.9521 -0.0000 0.3058
vn 0.9986 -0.0000 -0.0525
vn 0.0266 0.9731 -0.2287
vn 0.2449 0.9660 -0.0824
vn 0.2131 0.9491 -0.2317
vn 0.0416 0.9731 0.2265
vn 0.1183 0.9455 0.3034
vn 0.1096 0.9694 0.2195
vn -0.0569 0.9491 -0.3097
vn -0.1061 0.9731 -0.2043
vn -0.0416 0.9732 -0.2263
vn 0.2859 0.9159 0.2817
vn 0.2879 0.9364 0.2005
vn 0.4125 0.8922 0.1841
vn -0.1217 0.9504 -0.2861
vn -0.2816 0.9491 -0.1408
vn -0.2975 0.9293 -0.2188
vn -0.4046 0.9087 -0.1029
vn 0.0121 0.9504 -0.3107
vn 0.2003 0.9293 -0.3103
vn 0.3416 0.9087 -0.2400
vn 0.3081 0.9011 -0.3051
vn 0.3756 0.9222 -0.0923
vn 0.0569 0.9956 -0.0745
vn 0.2683 0.9618 0.0540
vn 0.3977 0.9166 0.0409
vn 0.0832 0.9943 0.0665
vn -0.0129 0.9974 -0.0705
vn 0.0131 0.9974 0.0712
vn -0.0244 0.9694 0.2441
vn -0.0027 0.9455 0.3257
vn 0.0570 0.9489 0.3104
vn -0.0541 0.9943 0.0917
vn -0.1978 0.9364 0.2898
vn -0.1671 0.9159 0.3649
vn -0.3202 0.8922 0.3187
vn -0.2837 0.8776 0.3863
vn -0.2316 0.9618 0.1458
vn -0.0797 0.9956 -0.0494
vn -0.2582 0.9660 0.0100
vn -0.3572 0.9166 0.1796
vn -0.3838 0.9222 0.0472
vn 0.1357 0.1535 0.9788
vn 0.1160 0.1311 0.9846
vn 0.1396 0.1271 0.9820
vn 0.1786 0.1499 0.9724
vn 0.1793 0.1256 0.9757
vn 0.1417 0.0812 0.9866
vn 0.1801 0.0812 0.9803
vn 0.1204 0.0811 0.9894
vn 0.1806 0.0366 0.9829
vn 0.1410 0.0351 0.9894
vn 0.1807 0.0122 0.9835
vn 0.1379 0.0083 0.9904
vn 0.1175 0.0308 0.9926
vn 0.1111 0.0002 0.9938
vn 0.2391 0.0811 0.9676
vn 0.2199 0.0351 0.9749
vn 0.2429 0.0308 0.9696
vn 0.2232 0.0083 0.9747
vn 0.2493 0.0002 0.9684
vn 0.2415 0.1311 0.9615
vn 0.2210 0.1535 0.9631
vn 0.2185 0.1271 0.9675
vn 0.2182 0.0812 0.9725
vn -0.4217 -0.8940 0.1515
vn -0.4237 -0.8931 0.1512
vn -0.4295 -0.8905 0.1501
vn -0.2634 0.6175 -0.7411
vn -0.1352 0.2712 -0.9530
vn -0.2130 0.2707 -0.9388
vn -0.6675 0.2023 0.7167
vn -0.9408 0.0092 0.3388
vn -0.7007 0.0447 0.7121
vn -0.0122 -0.9977 -0.0664
vn -0.0134 0.1026 0.9946
vn -0.0279 0.0795 0.9964
vn -0.0189 -0.9982 0.0567
vn 0.0272 -0.9987 0.0429
vn -0.0229 -0.9983 0.0543
vn 0.4549 -0.8905 -0.0103
vn 0.4481 -0.8939 -0.0111
vn 0.4501 -0.8929 -0.0107
vn -0.8273 0.0328 0.5608
vn -0.5498 0.0587 0.8332
vn -0.4456 0.0650 0.8929
vn 0.9997 0.0085 -0.0211
vn 0.8781 0.2042 0.4327
vn 0.9118 0.0437 0.4082
vn -0.1505 0.5530 -0.8195
vn -0.0797 0.8975 -0.4337
vn -0.1506 0.5530 -0.8195
vn -0.4321 0.1429 0.8904
vn -0.4691 0.0633 0.8809
vn 0.9835 -0.0000 -0.1807
vn -0.1633 -0.0801 -0.9833
vn -0.9997 -0.0202 -0.0111
vn -0.9777 -0.0140 0.2096
vn -0.9998 -0.0162 -0.0138
vn -0.8003 0.0639 -0.5962
vn -0.8231 -0.0576 -0.5650
vn -0.0054 -0.9999 0.0146
vn -0.1777 -0.0776 -0.9810
vn -0.0805 -0.0806 -0.9935
vn -0.1802 -0.0747 -0.9808
vn 0.1791 -0.1359 0.9744
vn 0.1788 -0.1440 0.9733
vn 0.9488 -0.0137 -0.3157
vn 0.9486 -0.0119 -0.3161
vn 0.9486 -0.0114 -0.3162
vn -0.9990 -0.0133 0.0419
vn -0.9991 -0.0118 0.0416
vn -0.9990 -0.0136 0.0420
vn -0.0674 -0.9277 -0.3671
vn -0.0552 -0.9522 -0.3003
vn -0.1825 -0.0776 -0.9801
vn -0.2777 -0.0805 -0.9573
vn -0.2143 -0.0812 -0.9734
vn 0.9310 -0.0206 -0.3645
vn 0.9295 -0.0162 -0.3684
vn -0.0674 0.8478 0.5260
vn 0.2024 0.6933 0.6916
vn 0.2236 0.2659 0.9377
vn 0.1509 0.2968 0.9430
vn 0.1938 0.2971 0.9350
vn 0.1704 -0.3329 0.9274
vn 0.1499 -0.5588 0.8157
vn 0.1498 -0.5588 0.8157
vn 0.0147 -0.9967 0.0799
vn 0.8100 0.0587 0.5834
vn 0.9726 0.0328 0.2302
vn 0.7338 0.0650 0.6762
vn 0.9990 0.0029 0.0441
vn 0.9863 -0.0168 -0.1641
vn 0.8349 0.0505 0.5481
vn 0.3847 0.0794 0.9196
vn 0.3904 0.0790 0.9172
vn 0.3905 0.0790 0.9172
vn -0.0288 0.0794 0.9964
vn -0.5555 0.0538 0.8298
vn -0.9040 0.0073 0.4274
vn 0.1529 -0.5342 0.8314
vn 0.1176 -0.7592 0.6401
vn 0.1514 -0.5462 0.8238
vn 0.1180 -0.7576 0.6419
vn 0.0899 -0.8674 0.4895
vn 0.1315 0.6857 0.7159
vn 0.1584 0.4812 0.8622
vn -0.0993 -0.9950 0.0119
vn -0.0147 0.9967 -0.0799
vn 0.3659 0.1029 0.9250
vn 0.3846 0.0794 0.9197
vn 0.7199 0.1439 0.6790
vn 0.7589 0.0626 0.6482
vn -0.9835 -0.0000 0.1807
vn 0.8941 0.1868 -0.4071
vn 0.9760 0.2175 -0.0146
vn -0.7465 -0.6377 0.1899
vn -0.0284 -0.9931 0.1137
vn -0.6547 -0.7335 0.1825
vn -0.7774 -0.5977 0.1961
vn -0.0927 -0.8585 -0.5044
vn 0.1407 -0.6275 0.7658
vn 0.1415 -0.6234 0.7690
vn 0.1415 -0.6233 0.7691
vn -0.9836 0.0008 0.1805
vn -0.9836 0.0001 0.1806
vn 0.0669 -0.9931 0.0962
vn -0.9910 -0.0058 0.1336
vn -0.8059 -0.0964 -0.5841
vn -0.9757 0.0062 0.2189
vn 0.9738 -0.0058 -0.2274
vn 0.5456 -0.0964 -0.8325
vn 0.5017 -0.0995 -0.8593
vn 0.6132 -0.6661 0.4245
vn 0.7314 -0.6620 -0.1637
vn 0.7301 -0.6617 -0.1707
vn 0.1786 0.1445 0.9733
vn 0.7771 0.1092 0.6198
vn 0.8090 0.1027 0.5787
vn 0.9898 0.0062 -0.1422
vn -0.1792 -0.1305 -0.9751
vn -0.1793 -0.1294 -0.9753
vn -0.7744 -0.0995 -0.6248
vn 0.1365 -0.6543 0.7438
vn -0.3939 -0.6670 0.6324
vn 0.1364 -0.6554 0.7429
vn -0.7419 -0.6620 0.1069
vn -0.4224 -0.6661 0.6147
vn -0.7431 -0.6617 0.1000
vn 0.5929 -0.6670 0.4512
vn -0.1481 -0.5731 -0.8060
vn 0.3932 -0.6057 -0.6918
vn -0.1483 -0.5721 -0.8067
vn -0.6135 -0.6057 -0.5067
vn -0.6249 -0.6093 -0.4881
vn -0.5062 0.1092 0.8555
vn 0.1786 0.1457 0.9731
vn -0.5506 0.1027 0.8284
vn -0.1807 -0.0000 -0.9835
vn 0.1807 -0.0000 0.9835
vn 0.0782 -0.9015 0.4256
vn 0.0782 -0.9016 0.4256
vn 0.5245 0.0757 0.8480
vn 0.5245 0.0757 0.8481
vn -0.2570 0.9315 -0.2574
vn -0.0189 0.6179 -0.7860
vn -0.8273 0.0328 0.5609
vn -0.1888 0.0757 0.9791
vn 0.0508 0.9597 0.2764
vn -0.5431 -0.0751 -0.8363
vn -0.7835 -0.0612 -0.6184
vn 0.5354 0.0655 -0.8421
vn 0.1461 0.9321 -0.3313
vn -0.5124 -0.0371 -0.8579
vn 0.1732 -0.0366 -0.9842
vn 0.5682 -0.0577 -0.8209
vn 0.2100 -0.0751 -0.9748
vn 0.5131 -0.0612 -0.8562
vn -0.9180 0.2147 0.3334
vn -0.1407 -0.0815 -0.9867
vn -0.1710 0.3235 -0.9307
vn -0.1710 0.3234 -0.9307
vn -0.1324 -0.6806 -0.7206
vn -0.0524 -0.9571 -0.2851
vn -0.5300 -0.0755 -0.8446
vn -0.7362 -0.0648 -0.6737
vn -0.9742 -0.0322 -0.2234
vn -0.1593 -0.4724 -0.8669
vn 0.8312 -0.0323 -0.5550
vn 0.4487 -0.0648 -0.8913
vn 0.1952 -0.0755 -0.9778
vn 0.1228 -0.7337 0.6683
vn 0.1517 -0.5436 0.8256
vn 0.7661 -0.6366 -0.0881
vn 0.6768 -0.7335 -0.0621
vn 0.7963 -0.5976 -0.0931
vn 0.9834 0.0025 -0.1814
vn 0.9835 0.0002 -0.1809
vn 0.9835 -0.0000 -0.1808
vn 0.6459 0.6045 0.4662
vn 0.7076 0.7065 0.0107
vn 0.5031 0.4466 0.7399
vn 0.2856 0.1979 0.9377
vn 0.2899 0.1930 0.9374
vn 0.3481 0.1246 0.9291
vn 0.1238 0.2654 0.9562
vn 0.0655 0.1969 0.9782
vn 0.0045 0.1242 0.9923
vn -0.2097 0.4438 0.8712
vn 0.0557 0.6926 0.7192
vn -0.4410 0.6014 0.6663
vn -0.1321 -0.6020 0.7875
vn -0.4936 -0.5759 0.6517
vn -0.2271 -0.3246 0.9182
vn -0.4793 -0.2002 0.8545
vn 0.0585 -0.2104 0.9759
vn -0.0226 -0.1188 0.9927
vn -0.0946 -0.0357 0.9949
vn 0.4431 -0.0344 0.8958
vn 0.5408 -0.3222 0.7770
vn 0.3748 -0.1179 0.9196
vn 0.2935 -0.2089 0.9328
vn 0.7541 -0.1973 0.6264
vn 0.6967 -0.5719 0.4330
vn 0.4066 -0.5990 0.6899
vn -0.3610 -0.9216 0.1427
vn -0.6837 -0.7062 0.1841
vn -0.9023 -0.3833 0.1975
vn 0.9156 -0.3782 -0.1369
vn 0.7082 -0.7023 -0.0719
vn 0.9156 -0.3782 -0.1368
vn 0.3931 -0.9195 0.0040
vn -0.3722 0.1191 -0.9205
vn -0.9810 0.1841 -0.0620
vn -0.6064 0.4071 -0.6831
vn 0.3210 0.4099 -0.8538
vn 0.6180 0.6642 -0.4206
vn 0.0191 0.1206 -0.9925
vn -0.6611 0.7028 0.2626
vn -0.7307 0.6606 -0.1725
vn -0.1800 -0.0813 -0.9803
vn -0.2328 0.9342 -0.2704
vn 0.1190 0.9347 -0.3348
vn -0.1801 -0.0813 -0.9803
vn -0.9836 -0.0000 0.1806
vn -0.0147 0.9967 -0.0800
vn 0.7058 -0.7048 -0.0713
vn 0.7059 -0.7048 -0.0713
vn -0.6851 -0.7048 0.1843
vn -0.1800 -0.0895 -0.9796
vn 0.9836 -0.0016 -0.1805
vn 0.9836 -0.0017 -0.1805
vn 0.0162 -0.9960 0.0881
vn -0.9836 0.0016 0.1805
vn -0.9836 0.0017 0.1805
vn -0.0162 0.9960 -0.0881
vn -0.1800 -0.0896 -0.9796
vn -0.1799 -0.0895 -0.9796
vn 0.2013 -0.9785 0.0441
vn -0.1725 -0.9785 0.1128
vn -0.9650 0.2077 0.1601
vn -0.9589 -0.2077 0.1934
vn 0.9650 -0.2077 -0.1601
vn 0.9589 0.2077 -0.1934
vn 0.1725 0.9785 -0.1128
vn -0.2013 0.9785 -0.0441
vn -0.6717 -0.7179 0.1829
vn 0.6929 -0.7179 -0.0678
vn 0.6718 0.7178 -0.1829
vn 0.6717 0.7179 -0.1829
vn -0.6929 0.7179 0.0678
vn -0.1800 -0.0812 -0.9803
vn -0.8552 -0.0561 -0.5153
vn -0.5520 -0.0750 -0.8305
vn -0.8132 -0.0584 -0.5791
vn -0.5583 -0.0764 -0.8261
vn -0.3397 -0.0806 -0.9371
vn 0.8397 -0.0311 -0.5421
vn 0.4567 -0.0644 -0.8873
vn 0.4568 -0.0644 -0.8872
vn 0.2101 -0.0750 -0.9748
vn 0.2102 -0.0750 -0.9748
vn -0.0825 0.8897 -0.4490
vn -0.1517 0.5431 -0.8259
vn -0.1600 0.4641 -0.8712
vn -0.1720 0.3064 -0.9362
vn -0.0809 -0.8888 -0.4511
vn -0.1333 -0.6713 -0.7291
vn -0.1524 -0.5191 -0.8410
vn -0.1601 -0.4537 -0.8767
vn -0.1676 -0.3444 -0.9237
vn 0.3772 0.9235 -0.0693
vn 0.7711 0.6208 -0.1417
vn 0.3680 0.9274 -0.0676
vn -0.9728 -0.1472 0.1787
vn -0.7839 -0.6039 0.1440
vn -0.7711 -0.6207 0.1417
vn 0.9763 0.1208 -0.1794
vn 0.9140 -0.3693 -0.1679
vn 0.9728 0.1472 -0.1787
vn -0.6063 0.7874 0.1114
vn -0.9047 0.3923 0.1662
vn -0.9140 0.3693 0.1679
vn -0.3680 -0.9274 0.0676
vn 0.1327 -0.9909 -0.0244
vn 0.1293 -0.9913 -0.0237
vn -0.9763 -0.1208 0.1794
vn -0.1327 0.9908 0.0244
vn -0.5936 0.7973 0.1090
vn -0.3772 -0.9235 0.0693
vn 0.5936 -0.7973 -0.1091
vn 0.6063 -0.7874 -0.1114
vn 0.9047 -0.3922 -0.1662
vn -0.1293 0.9913 0.0237
vn 0.7839 0.6039 -0.1440
vn -0.1801 -0.0814 -0.9803
vn -0.1801 -0.0815 -0.9803
vn -0.1801 -0.0811 -0.9803
vn 0.7711 0.6207 -0.1417
vn -0.6064 0.7874 0.1114
vn -0.9047 0.3922 0.1662
vn -0.3679 -0.9274 0.0676
vn 0.1292 -0.9913 -0.0237
vn -0.1328 0.9908 0.0244
vn -0.5936 0.7973 0.1091
vn 0.6064 -0.7874 -0.1114
vn -0.1292 0.9913 0.0237
vn 0.7839 0.6040 -0.1440
vn -0.1800 -0.0811 -0.9803
vn -0.1800 -0.0810 -0.9803
vn -0.1799 -0.0807 -0.9804
vn -0.9990 -0.0112 0.0439
vn 1.0000 0.0007 -0.0018
vn -0.0000 -0.0136 0.9999
vn -1.0000 -0.0007 0.0019
vn -0.0000 -0.0000 -1.0000
vn 1.0000 0.0007 -0.0019
vn -1.0000 -0.0007 0.0020
vn 1.0000 0.0007 -0.0020
vn -1.0000 -0.0007 0.0021
vn 1.0000 0.0007 -0.0021
vn -1.0000 -0.0008 0.0021
vn 1.0000 0.0008 -0.0021
vn -1.0000 -0.0008 0.0022
vn 1.0000 0.0008 -0.0022
vn 1.0000 0.0008 -0.0023
vn -1.0000 -0.0008 0.0023
vn -1.0000 -0.0009 0.0024
vn -1.0000 -0.0008 0.0024
vn 1.0000 0.0009 -0.0024
vn 1.0000 0.0008 -0.0024
vn 1.0000 0.0009 -0.0025
vn -1.0000 -0.0009 0.0025
vn -1.0000 -0.0009 0.0026
vn -0.0000 -0.0000 1.0000
vn -1.0000 -0.0008 0.0025
vn 1.0000 0.0008 -0.0025
vn -1.0000 -0.0008 0.0026
vn -0.0023 0.9993 0.0385
vn -0.0043 0.9994 0.0340
vn 0.0077 0.9996 0.0283
vn -0.0000 0.9991 0.0413
vn -0.0000 0.9992 0.0399
vn -0.0000 0.9991 0.0414
vn -0.0000 0.9991 0.0415
vn -0.1910 0.9811 0.0315
vn 0.0129 0.9993 0.0342
vn 0.0051 0.9992 0.0386
vn 0.1847 0.9824 0.0288
vn 0.7085 0.7055 0.0195
vn 0.1897 0.9814 0.0307
vn 0.9807 0.1957 0.0033
vn 1.0000 0.0010 -0.0026
vn -1.0000 -0.0007 0.0018
vn -0.9799 0.1995 -0.0078
vn -0.0000 0.6734 -0.7393
vn -0.0000 0.1874 -0.9823
vn -0.0000 0.9606 -0.2779
vn -0.0000 0.6733 -0.7393
vn -0.0000 0.9998 0.0208
vn -0.0000 0.9989 -0.0464
vn -0.1955 -0.0001 -0.9807
vn -0.1789 0.1708 -0.9689
vn 0.9801 0.1984 0.0013
vn 0.9795 0.2012 -0.0121
vn -0.9812 0.1930 0.0086
vn 0.9808 0.1951 0.0042
vn 0.1784 0.1710 -0.9690
vn -0.9655 0.1761 -0.1919
vn -0.9812 -0.0006 -0.1931
vn 0.9644 0.1776 -0.1958
vn 0.1655 0.1636 0.9726
vn 0.7052 0.0826 0.7042
vn 0.5756 0.5719 0.5845
vn 0.9722 0.1648 0.1666
vn 0.7044 0.7029 0.0992
vn 0.1641 0.9683 0.1881
vn 0.0805 0.6964 0.7132
vn -0.9717 0.1633 0.1706
vn -0.7038 0.0814 0.7057
vn -0.5750 0.5710 0.5860
vn -0.1654 0.1633 0.9726
vn -0.0805 0.6962 0.7134
vn -0.1655 0.9677 0.1901
vn -0.7049 0.7019 0.1024
vn -0.6950 0.6889 -0.2059
vn -0.5705 0.5534 -0.6068
vn -0.1780 0.9491 -0.2600
vn -0.1433 0.6663 -0.7318
vn -0.6963 0.1416 -0.7036
vn 0.6945 0.1425 -0.7053
vn 0.5688 0.5537 -0.6082
vn 0.1428 0.6662 -0.7319
vn 0.1775 0.9490 -0.2606
vn 0.6937 0.6894 -0.2085
vn 0.9813 0.0008 0.1925
vn 0.7084 0.0006 0.7058
vn 0.1956 0.0002 0.9807
vn -0.7068 -0.0004 0.7074
vn -0.1952 -0.0001 0.9808
vn -0.9805 -0.0006 0.1965
vn 0.7091 0.7048 0.0225
vn 0.7048 0.7093 0.0115
vn 0.1949 0.9802 0.0340
vn -0.7100 0.7037 0.0257
vn -0.9805 0.1963 0.0056
vn -0.7094 0.7044 0.0227
vn -0.9810 0.1936 0.0078
vn -0.0000 0.9766 0.2153
vn -0.0000 0.6985 0.7156
vn -0.0000 0.1933 0.9811
vn -0.7022 0.7113 -0.0319
vn -0.7058 0.7082 0.0146
vn -0.1943 0.9799 -0.0449
vn 0.1945 0.9807 0.0177
vn 0.7013 0.7120 -0.0348
vn 0.1940 0.9799 -0.0457
vn -0.7083 -0.0004 -0.7060
vn 0.7067 0.0008 -0.7075
vn 0.1953 0.0002 -0.9808
vn 0.9804 0.0010 -0.1971
vn -0.0000 0.9998 0.0207
vn 0.0006 0.9992 0.0409
vn -0.1948 0.9807 0.0185
vn -0.1954 0.9801 0.0348
vn -0.9810 0.1937 0.0078
vn -0.7092 0.7047 0.0227
vn -0.0000 0.9997 0.0231
vn 0.0006 0.9997 0.0228
vn -0.0011 0.9997 0.0233
vn -0.0000 0.9997 0.0238
vn 1.0000 0.0008 -0.0026
vn 0.9807 0.1956 0.0033
vn 0.7073 0.7067 0.0195
vn 0.1897 0.9814 0.0292
vn -0.0066 0.9996 0.0256
vn 0.7082 0.7057 0.0195
vn 1.0000 0.0009 -0.0026
vn -0.0000 0.9992 0.0410
vn 0.0046 0.9994 0.0333
vn -0.0154 0.9993 0.0340
vn -0.0094 0.9996 0.0272
vn -0.0081 0.9996 0.0274
vn 0.0060 0.9996 0.0268
vn 0.0040 0.9996 0.0282
vn -0.0065 0.9992 0.0384
vn -0.0009 0.9992 0.0410
vn -0.0009 0.9995 0.0315
vn -0.0001 0.9995 0.0315
vn 0.0072 0.9997 0.0238
vn -0.1867 0.9820 0.0296
vn -0.1920 0.9810 0.0288
vn -0.0097 0.9995 0.0305
vn 0.0121 0.9996 0.0260
vn -0.0170 0.9995 0.0264
vn -0.0055 0.9993 0.0365
vn -0.7080 0.7058 0.0227
vn 0.0033 0.9995 0.0313
vn 0.0045 0.9996 0.0263
vn 0.0007 0.9994 0.0353
vn -0.0009 0.9994 0.0355
vn -0.0000 0.9992 0.0401
vn -0.9810 0.1940 0.0078
vn -1.0000 -0.0006 0.0019
vn -0.0000 0.9992 0.0395
vn 0.0012 0.9763 0.2164
vn -0.0000 0.9994 0.0358
vn -0.0000 0.9994 0.0355
vn -0.0000 0.9998 0.0209
vn -1.0000 -0.0000 -0.0000
vn 1.0000 -0.0000 -0.0000
vn 0.1296 0.6557 -0.7438
vn -0.2000 0.2233 -0.9540
vn -0.1300 0.6559 -0.7436
vn 0.1299 0.6559 0.7436
vn -0.1996 0.2231 0.9542
vn 0.2001 0.2236 0.9539
vn -0.1655 0.9730 0.1610
vn 0.1653 0.9730 -0.1610
vn -0.1656 0.9731 -0.1604
vn -0.7582 0.6398 -0.1255
vn -0.9588 0.1956 0.2058
vn -0.7579 0.6396 0.1285
vn 0.7577 0.6404 0.1255
vn 0.9586 0.1968 -0.2058
vn 0.7574 0.6402 -0.1285
vn 0.7577 0.6404 0.1254
vn 0.9586 0.1969 -0.2058
vn 0.7573 0.6402 -0.1285
vn 0.2001 0.2235 0.9539
vn -0.7582 0.6398 -0.1256
vn -0.9589 0.1956 0.2056
vn -0.7579 0.6396 0.1284
vn -0.9589 0.1956 0.2057
vn 0.7577 0.6405 0.1252
vn 0.9585 0.1970 -0.2061
vn 0.7573 0.6403 -0.1288
vn 0.1318 0.6392 0.7577
vn -0.1991 0.1854 0.9623
vn 0.1997 0.1859 0.9621
vn -0.7583 0.6398 -0.1252
vn -0.9588 0.1955 0.2061
vn -0.7579 0.6396 0.1288
vn 0.9586 0.1968 -0.2057
vn 0.1361 0.6082 0.7821
vn -0.1976 0.1153 0.9735
vn 0.1980 0.1157 0.9734
vn -0.7582 0.6398 -0.1254
vn -0.9588 0.1955 0.2059
vn -0.7579 0.6396 0.1286
vn -0.1655 0.9731 -0.1604
vn -0.9588 0.1955 0.2062
vn -0.1995 0.2230 0.9542
vn -0.7582 0.6398 -0.1257
vn 0.7576 0.6406 0.1252
vn 0.9585 0.1971 -0.2061
vn 0.7572 0.6403 -0.1288
vn -0.7583 0.6398 -0.1254
vn -0.9588 0.1955 0.2060
vn 0.9586 0.1969 -0.2057
vn 0.7577 0.6405 0.1251
vn -0.9589 0.1955 0.2058
vn -0.1975 0.1153 0.9735
vn 0.1980 0.1157 0.9733
vn -0.1996 0.2230 0.9542
vn -0.1655 0.9730 0.1611
vn 0.1653 0.9730 -0.1611
vn -0.1656 0.9731 -0.1603
vn 0.7573 0.6402 -0.1286
vn 0.1297 0.6557 -0.7438
vn -0.1999 0.2233 -0.9540
vn -0.1300 0.6558 -0.7436
vn -0.7578 0.6396 0.1288
vn -0.9589 0.1956 0.2058
vn -0.7583 0.6398 -0.1253
vn -0.1301 0.6559 -0.7436
vn -0.7579 0.6396 0.1287
vn 0.7574 0.6402 -0.1284
vn -0.2000 0.2232 -0.9540
vn -0.9589 0.1955 0.2057
vn -0.1999 0.2232 -0.9540
vn 0.7577 0.6405 0.1253
vn 0.9586 0.1969 -0.2059
vn 0.7573 0.6403 -0.1286
vn -0.9588 0.1956 0.2059
vn -0.7665 0.6292 -0.1286
vn -0.9644 0.1679 0.2043
vn -0.7661 0.6290 0.1321
vn 0.7577 0.6405 0.1254
vn 0.1361 0.6082 0.7820
vn 0.1981 0.1157 0.9733
vn -0.9589 0.1955 0.2059
vn -0.1996 0.2231 0.9541
vn 0.2001 0.2235 0.9540
vn -0.7583 0.6398 -0.1255
vn -0.7666 0.6292 -0.1286
vn -0.9644 0.1678 0.2042
vn -0.7662 0.6290 0.1320
vn 0.7576 0.6405 0.1252
vn -0.9644 0.1679 0.2042
vn 0.7577 0.6404 0.1256
vn 0.9586 0.1968 -0.2056
vn 0.7573 0.6403 -0.1285
vn 0.2000 0.2235 0.9540
vn 0.9587 0.1968 -0.2055
vn 0.7573 0.6403 -0.1287
vn 0.7822 0.6083 0.1346
vn 0.9730 0.1159 -0.1995
vn 0.7818 0.6082 -0.1374
vn 0.9585 0.1970 -0.2060
vn 0.9585 0.1971 -0.2060
vn -0.9588 0.1955 0.2058
vn -0.1673 0.9720 0.1650
vn 0.1672 0.9720 -0.1650
vn -0.1674 0.9721 -0.1643
vn -0.1714 0.9701 0.1717
vn 0.1713 0.9702 -0.1717
vn -0.1715 0.9702 -0.1711
vn -0.7666 0.6292 -0.1285
vn 0.7574 0.6402 -0.1283
vn -0.7827 0.6077 -0.1345
vn -0.9731 0.1145 0.1997
vn -0.7823 0.6075 0.1376
vn 0.1358 0.6080 -0.7822
vn -0.1979 0.1154 -0.9734
vn -0.1362 0.6081 -0.7821
vn 0.7822 0.6084 0.1344
vn 0.9729 0.1160 -0.1998
vn 0.7818 0.6082 -0.1376
vn 0.1713 0.9701 -0.1717
vn -0.1715 0.9702 -0.1710
vn -0.7828 0.6076 -0.1343
vn -0.9731 0.1144 0.2000
vn -0.7823 0.6074 0.1378
vn 0.9730 0.1159 -0.1997
vn 0.7818 0.6082 -0.1375
vn 0.1713 0.9702 -0.1716
vn 0.7822 0.6084 0.1343
vn 0.9729 0.1160 -0.1999
vn 0.7817 0.6082 -0.1377
vn -0.7827 0.6077 -0.1347
vn -0.9732 0.1145 0.1996
vn -0.7823 0.6075 0.1374
vn 0.1358 0.6080 -0.7823
vn 0.7822 0.6084 0.1342
vn 0.9729 0.1161 -0.2000
vn 0.1712 0.9701 -0.1717
vn -0.9732 0.1146 0.1995
vn 0.7818 0.6081 -0.1374
vn -0.7827 0.6077 -0.1346
vn -0.7823 0.6075 0.1375
vn 0.7822 0.6083 0.1345
vn 0.9730 0.1159 -0.1996
vn -0.7827 0.6077 -0.1344
vn -0.9731 0.1145 0.1998
vn -0.9731 0.1144 0.1999
vn -0.7823 0.6075 0.1377
vn 0.7822 0.6083 0.1347
vn 0.9730 0.1158 -0.1994
vn 0.7819 0.6081 -0.1374
vn 0.9730 0.1160 -0.1998
vn -0.6009 0.5388 0.5904
vn -0.1297 0.6556 0.7438
vn 0.7822 0.6084 0.1345
vn -0.7828 0.6076 -0.1342
vn -0.9731 0.1144 0.2001
vn 0.7821 0.6085 0.1341
vn 0.9729 0.1161 -0.2001
vn 0.7817 0.6083 -0.1378
vn 0.9729 0.1161 -0.1999
vn -0.1714 0.9701 0.1716
vn -0.9731 0.1145 0.1999
vn -0.7828 0.6076 -0.1344
vn 0.7660 0.6299 0.1286
vn 0.9642 0.1694 -0.2041
vn 0.7656 0.6297 -0.1320
vn -0.7828 0.6077 -0.1344
vn -0.1674 0.9720 0.1650
vn -0.1675 0.9721 -0.1643
vn -0.7665 0.6292 -0.1285
vn 0.1315 0.6390 -0.7579
vn -0.1996 0.1855 -0.9622
vn -0.1319 0.6392 -0.7577
vn -0.7662 0.6289 0.1320
vn 0.7660 0.6299 0.1285
vn 0.9642 0.1693 -0.2042
vn -0.7661 0.6290 0.1320
vn 0.9642 0.1694 -0.2043
vn 0.9642 0.1694 -0.2042
vn 0.7655 0.6297 -0.1320
vn 0.7656 0.6297 -0.1321
vn 0.9587 0.1968 -0.2056
vn -0.1319 0.6391 -0.7577
vn -0.1991 0.1853 0.9623
vn -0.1995 0.1855 -0.9622
vn 0.9585 0.1970 -0.2059
vn -0.6204 0.4785 0.6214
vn -0.1359 0.6079 0.7823
vn -0.6010 0.5388 0.5903
vn 0.9585 0.1969 -0.2060
vn -0.7582 0.6398 -0.1253
vn -0.9588 0.1956 0.2060
vn 0.7575 0.6374 0.1415
vn 0.9601 0.1964 -0.1992
vn 0.7577 0.6429 -0.1121
vn -0.7576 0.6363 0.1453
vn -0.9613 0.1951 -0.1946
vn -0.9571 0.1964 0.2130
vn -0.1659 0.9683 0.1868
vn 0.1650 0.9770 -0.1352
vn -0.1652 0.9771 -0.1344
vn 0.1298 0.6645 -0.7360
vn -0.2009 0.2235 -0.9538
vn -0.1303 0.6647 -0.7357
vn 0.1299 0.6472 0.7512
vn -0.1986 0.2228 0.9544
vn 0.1992 0.2233 0.9542
vn -0.6024 0.5391 -0.5887
vn -0.6846 0.2402 -0.6882
vn -0.9597 0.1957 -0.2018
vn 0.6018 0.5397 0.5886
vn 0.6845 0.2413 0.6879
vn 0.1654 0.9731 0.1603
vn 0.9594 0.1973 0.2017
vn 0.1997 0.2234 -0.9541
vn 0.6004 0.5394 -0.5903
vn 0.6829 0.2407 -0.6897
vn -0.6023 0.5391 -0.5887
vn 0.1996 0.2234 -0.9541
vn -0.6010 0.5388 0.5904
vn -0.9597 0.1957 -0.2017
vn 0.6018 0.5398 0.5886
vn 0.6846 0.2413 0.6879
vn 0.9594 0.1973 0.2016
vn -0.1297 0.6556 0.7439
vn -0.6011 0.5389 0.5902
vn -0.1298 0.6557 0.7438
vn 0.6018 0.5397 0.5887
vn 0.6005 0.5394 -0.5903
vn -0.6024 0.5391 -0.5886
vn 0.9594 0.1972 0.2016
vn 0.6004 0.5394 -0.5904
vn 0.6829 0.2407 -0.6898
vn 0.1997 0.2233 -0.9541
vn 0.6007 0.5393 -0.5901
vn 0.6831 0.2406 -0.6896
vn -0.6023 0.5392 -0.5886
vn -0.9597 0.1958 -0.2016
vn 0.6007 0.5394 -0.5902
vn 0.6830 0.2406 -0.6896
vn -0.6022 0.5391 -0.5889
vn -0.6844 0.2402 -0.6884
vn -0.9596 0.1957 -0.2023
vn 0.6017 0.5396 0.5889
vn 0.6844 0.2410 0.6881
vn 0.1654 0.9731 0.1604
vn 0.9593 0.1970 0.2022
vn -0.6022 0.5391 -0.5888
vn -0.9596 0.1957 -0.2022
vn 0.6017 0.5396 0.5888
vn 0.9593 0.1970 0.2021
vn -0.6021 0.5391 -0.5889
vn 0.6007 0.5393 -0.5902
vn -0.1297 0.6557 0.7438
vn 0.6018 0.5396 0.5888
vn 0.9594 0.1970 0.2021
vn -0.6845 0.2402 -0.6884
vn -0.9596 0.1957 -0.2021
vn 0.6844 0.2411 0.6881
vn -0.6011 0.5388 0.5902
vn 0.9594 0.1970 0.2020
vn -0.6845 0.2402 -0.6883
vn -0.9596 0.1957 -0.2020
vn 0.9594 0.1971 0.2020
vn 0.6006 0.5394 -0.5902
vn 0.6844 0.2411 0.6880
vn 0.9594 0.1971 0.2019
vn 0.6006 0.5394 -0.5903
vn -0.6023 0.5391 -0.5888
vn 0.6830 0.2406 -0.6897
vn 0.6845 0.2411 0.6880
vn -0.9596 0.1957 -0.2019
vn 0.6845 0.2412 0.6880
vn 0.6830 0.2407 -0.6897
vn -0.6076 0.5181 0.6020
vn -0.1316 0.6389 0.7579
vn 0.6007 0.5394 -0.5901
vn 0.6006 0.5393 -0.5902
vn -0.6010 0.5389 0.5902
vn 0.6018 0.5397 0.5888
vn -0.9597 0.1957 -0.2019
vn 0.9594 0.1971 0.2018
vn -0.9596 0.1958 -0.2021
vn 0.9594 0.1970 0.2019
vn -0.6010 0.5388 0.5902
vn -0.6010 0.5389 0.5903
vn 0.6018 0.5396 0.5887
vn -0.6022 0.5391 -0.5887
vn -0.9596 0.1958 -0.2020
vn 0.1996 0.2233 -0.9541
vn -0.9732 0.1145 0.1995
vn -0.6215 0.4787 -0.6201
vn -0.7018 0.1288 -0.7006
vn -0.9738 0.1146 -0.1962
vn 0.6212 0.4792 0.6201
vn 0.7018 0.1298 0.7004
vn 0.1714 0.9702 0.1711
vn 0.9737 0.1159 0.1961
vn 0.1977 0.1156 -0.9734
vn 0.6201 0.4790 -0.6214
vn 0.7005 0.1295 -0.7018
vn -0.6216 0.4787 -0.6201
vn -0.9739 0.1146 -0.1961
vn 0.7019 0.1298 0.7004
vn 0.9737 0.1160 0.1960
vn 0.6200 0.4790 -0.6214
vn 0.9737 0.1160 0.1961
vn -0.1360 0.6079 0.7823
vn 0.6212 0.4792 0.6200
vn 0.6201 0.4790 -0.6213
vn 0.1714 0.9702 0.1710
vn 0.7005 0.1296 -0.7018
vn -0.7019 0.1288 -0.7006
vn -0.9739 0.1146 -0.1960
vn 0.7019 0.1298 0.7003
vn 0.9737 0.1160 0.1959
vn -0.6217 0.4787 -0.6200
vn 0.6213 0.4792 0.6200
vn 0.7019 0.1299 0.7003
vn 0.6199 0.4790 -0.6214
vn 0.7004 0.1296 -0.7018
vn -0.6204 0.4785 0.6215
vn -0.7019 0.1288 -0.7005
vn -0.9739 0.1146 -0.1959
vn 0.7020 0.1299 0.7003
vn 0.9737 0.1161 0.1958
vn 0.6199 0.4790 -0.6215
vn 0.7004 0.1296 -0.7019
vn 0.6213 0.4793 0.6200
vn 0.6199 0.4791 -0.6214
vn -0.9739 0.1145 -0.1959
vn 0.9738 0.1161 0.1958
vn 0.6199 0.4791 -0.6215
vn -0.6217 0.4786 -0.6200
vn 0.6212 0.4793 0.6200
vn 0.1714 0.9703 0.1710
vn -0.7018 0.1288 -0.7007
vn 0.7018 0.1297 0.7005
vn 0.9737 0.1159 0.1962
vn -0.6203 0.4784 0.6215
vn -0.9739 0.1145 -0.1958
vn 0.9738 0.1161 0.1957
vn 0.7003 0.1296 -0.7019
vn 0.6212 0.4793 0.6199
vn 0.7020 0.1299 0.7002
vn 0.9738 0.1162 0.1957
vn 0.7004 0.1297 -0.7019
vn -0.6218 0.4786 -0.6199
vn -0.9739 0.1145 -0.1957
vn 0.6213 0.4793 0.6199
vn 0.7020 0.1300 0.7002
vn 0.9738 0.1162 0.1956
vn 0.6198 0.4791 -0.6215
vn 0.7003 0.1297 -0.7019
vn -0.6203 0.4784 0.6216
vn -0.7020 0.1288 -0.7005
vn -0.9740 0.1145 -0.1956
vn 0.7021 0.1300 0.7001
vn 0.1713 0.9703 0.1710
vn 0.9738 0.1162 0.1955
vn 0.6198 0.4791 -0.6216
vn 0.7003 0.1297 -0.7020
vn -0.6090 0.5183 -0.6004
vn -0.6915 0.2019 -0.6936
vn -0.9653 0.1680 -0.2000
vn 0.6085 0.5189 0.6004
vn 0.6915 0.2030 0.6933
vn 0.1673 0.9721 0.1643
vn 0.9650 0.1695 0.1999
vn 0.1993 0.1857 -0.9622
vn 0.6072 0.5187 -0.6020
vn 0.6899 0.2025 -0.6950
vn 0.9650 0.1696 0.1999
vn 0.6071 0.5187 -0.6020
vn 0.6899 0.2026 -0.6950
vn -0.1298 0.6556 0.7438
vn 0.6915 0.2030 0.6932
vn 0.9650 0.1695 0.1998
vn 0.6898 0.2025 -0.6951
vn -0.9653 0.1680 -0.1999
vn 0.6085 0.5189 0.6003
vn 0.9650 0.1696 0.1998
vn 0.1992 0.1857 -0.9622
vn -0.6011 0.5389 0.5901
vn -0.6090 0.5184 -0.6004
vn -0.6915 0.2020 -0.6935
vn -0.9653 0.1681 -0.1999
vn 0.9651 0.1695 0.1998
vn 0.6071 0.5186 -0.6020
vn 0.6831 0.2406 -0.6895
vn 0.9594 0.1972 0.2018
vn -0.6846 0.2402 -0.6883
vn 0.6845 0.2412 0.6879
vn 0.9594 0.1972 0.2017
vn 0.6829 0.2406 -0.6897
vn -0.9596 0.1958 -0.2022
vn 0.6831 0.2405 -0.6896
vn -0.9597 0.1958 -0.2019
vn -0.9597 0.1958 -0.2018
vn -0.6009 0.5322 0.5965
vn -0.1297 0.6469 0.7515
vn -0.6026 0.5458 -0.5823
vn -0.6893 0.2402 -0.6835
vn -0.7587 0.6424 -0.1083
vn 0.6018 0.5331 0.5947
vn 0.6798 0.2413 0.6925
vn 0.1658 0.9685 0.1860
vn 0.9578 0.1981 0.2083
vn 0.2006 0.2236 -0.9538
vn 0.6006 0.5460 -0.5840
vn 0.6875 0.2407 -0.6851
vn -0.6023 0.5392 -0.5887
vn -0.9597 0.1958 -0.2017
vn 0.6019 0.5397 0.5886
vn 0.7572 0.6403 -0.1287
vn 0.4106 -0.6093 -0.6784
vn 0.9657 0.1794 0.1876
vn 0.7336 0.6532 0.1875
vn 0.0310 -0.0000 0.9995
vn 0.0690 0.2665 -0.9614
vn 0.0350 -0.8727 -0.4870
vn 0.9864 -0.1138 0.1188
vn 0.7432 0.6518 0.1512
vn 0.6956 0.7038 0.1443
vn -0.7091 0.7038 0.0435
vn 0.6957 0.7038 0.1442
vn -0.7091 0.7038 0.0434
vn -0.7091 0.7038 0.0432
vn -0.7089 0.7045 0.0329
vn 0.7028 -0.7067 0.0813
vn 0.0716 0.0001 -0.9974
vn 0.0286 -0.0027 0.9996
vn -0.6444 -0.6163 0.4527
vn 0.6913 0.4556 0.5609
vn -0.3670 -0.9044 0.2174
vn 0.5791 0.4306 -0.6923
vn 0.8402 -0.3031 0.4497
vn -0.8251 -0.0740 -0.5602
vn 0.5727 0.4398 0.6918
vn 0.4318 0.4688 0.7706
vn -0.2453 -0.8296 0.5016
vn 0.0076 -0.9327 0.3606
vn 0.9744 -0.0583 0.2172
vn 0.9986 -0.0215 -0.0477
vn 0.0184 0.9987 -0.0469
vn -0.0164 -0.9986 -0.0506
vn -0.9984 0.0256 -0.0509
vn -0.9629 -0.0013 0.2700
vn -0.2852 0.4239 -0.8596
vn 0.5327 0.8178 -0.2177
vn -0.6038 0.7970 -0.0159
vn -0.0576 0.9761 -0.2096
vn -0.3207 0.9317 -0.1704
vn 0.9605 0.0060 -0.2782
vn 0.1882 0.9311 -0.3125
vn -0.6439 -0.7452 -0.1732
vn -0.5731 0.8112 -0.1163
vn -0.6315 0.7749 0.0260
vn 0.1036 0.7860 0.6095
vn -0.0459 0.6179 -0.7849
vn -0.0407 -0.7861 -0.6168
vn 0.7870 -0.6168 0.0106
vn 0.8055 0.3510 -0.4776
vn -0.6886 -0.5209 0.5046
vn 0.4373 0.8985 0.0374
vn 0.4077 0.8370 -0.3651
vn -0.4062 -0.8339 0.3736
vn -0.7971 0.3885 0.4624
vn 0.0071 -1.0000 -0.0012
vn 0.5865 -0.8090 0.0389
vn -0.6576 -0.7527 -0.0299
vn -0.5866 0.8096 -0.0178
vn 0.0439 0.9954 0.0846
vn 0.9981 -0.0391 0.0468
vn -0.9894 0.0619 0.1313
vn -0.9645 -0.1079 0.2410
vn -0.1955 -0.1184 -0.9735
vn 0.1394 0.1465 0.9793
vn -0.0661 -0.9976 -0.0184
vn 0.9836 -0.1592 -0.0843
vn 0.0113 0.9931 -0.1169
vn 0.2022 0.1130 0.9728
vn -0.1452 -0.1067 -0.9836
vn 0.8032 -0.3915 -0.4490
vn 0.0522 -0.9977 0.0421
vn 0.8456 0.3582 -0.3958
vn 0.4025 0.8776 0.2602
vn -0.3965 0.9011 -0.1757
vn 0.1088 0.1613 0.9809
vn 0.2470 0.1613 0.9555
vn -0.4322 -0.8893 0.1496
vn 0.0260 -0.9986 0.0465
vn 0.4566 -0.8896 -0.0100
vn 0.4470 -0.8944 -0.0116
vn 0.4477 -0.8942 -0.0082
vn -0.0046 -0.9999 0.0143
vn 0.9488 -0.0141 -0.3156
vn -0.9991 -0.0114 0.0415
vn 0.0904 -0.8658 0.4921
vn 0.0972 -0.9950 -0.0242
vn -0.8425 -0.5017 0.1963
vn 0.1407 -0.6277 0.7656
vn -0.9835 -0.0000 0.1806
vn -0.5452 -0.0750 -0.8350
vn 0.2127 -0.0750 -0.9742
vn -0.9742 -0.0322 -0.2233
vn 0.8312 -0.0322 -0.5551
vn 0.8580 -0.5002 -0.1163
vn 0.9834 0.0027 -0.1814
vn 0.0618 0.1925 0.9793
vn -0.2366 -0.7792 0.5804
vn -0.7018 -0.2958 0.6481
vn 0.8882 -0.2915 0.3550
vn 0.4318 -0.7768 0.4585
vn 0.7083 -0.7023 -0.0719
vn 0.6929 -0.7178 -0.0678
vn -0.1802 -0.0813 -0.9803
vn -0.3632 -0.0815 -0.9281
vn 0.8398 -0.0311 -0.5421
vn -0.1720 0.3063 -0.9363
vn -0.0554 -0.9519 -0.3014
vn -0.1801 -0.0816 -0.9802
vn -0.1800 -0.0816 -0.9803
vn 1.0000 0.0007 -0.0025
vn -0.0000 0.9998 0.0219
vn -0.6829 0.2396 0.6900
vn -0.7005 0.1286 0.7020
vn -0.6830 0.2396 0.6900
vn -0.6829 0.2396 0.6901
vn -0.6831 0.2397 0.6898
vn -0.6831 0.2397 0.6899
vn -0.6829 0.2397 0.6900
vn -0.6829 0.2397 0.6901
vn -0.6832 0.2397 0.6898
vn -0.6830 0.2397 0.6899
vn -0.6899 0.2015 0.6953
vn -0.6830 0.2397 0.6900
vn -0.7004 0.1286 0.7020
vn -0.7004 0.1285 0.7021
vn -0.7003 0.1285 0.7021
vn -0.7003 0.1285 0.7022
vn -0.7003 0.1284 0.7022
vn -0.6898 0.2015 0.6953
vn -0.6782 0.2397 0.6947
vn 0.6443 0.7506 0.1465
vt 0.818998 0.592642
vt 0.820588 0.597084
vt 0.818998 0.598671
vt 0.130690 0.325231
vt 0.129548 0.322509
vt 0.130690 0.322509
vt 0.409069 0.120173
vt 0.407053 0.116788
vt 0.409069 0.116788
vt 0.735539 0.800187
vt 0.735063 0.800662
vt 0.735203 0.800326
vt 0.795023 0.230728
vt 0.789173 0.233925
vt 0.789169 0.230728
vt 0.783316 0.230728
vt 0.777468 0.233925
vt 0.777463 0.230728
vt 0.771616 0.233925
vt 0.771609 0.230728
vt 0.765763 0.233925
vt 0.765756 0.230728
vt 0.455591 0.120173
vt 0.452526 0.116788
vt 0.455591 0.116788
vt 0.452526 0.120173
vt 0.443431 0.116788
vt 0.438884 0.120173
vt 0.434337 0.116788
vt 0.438884 0.116788
vt 0.434337 0.120173
vt 0.425242 0.116788
vt 0.425242 0.120173
vt 0.416148 0.116788
vt 0.294180 0.394336
vt 0.292399 0.388475
vt 0.294180 0.388497
vt 0.294180 0.400175
vt 0.291835 0.394301
vt 0.294180 0.406014
vt 0.291243 0.411844
vt 0.291299 0.405992
vt 0.294180 0.411853
vt 0.291285 0.417696
vt 0.294180 0.417693
vt 0.291448 0.423546
vt 0.818998 0.571387
vt 0.820588 0.575672
vt 0.818998 0.575934
vt 0.820588 0.562825
vt 0.820588 0.571389
vt 0.818998 0.580481
vt 0.820588 0.588519
vt 0.818998 0.589576
vt 0.294180 0.435210
vt 0.292959 0.436757
vt 0.292696 0.435179
vt 0.640887 0.820213
vt 0.642903 0.820214
vt 0.642923 0.820553
vt 0.654557 0.821807
vt 0.659076 0.820220
vt 0.660408 0.821972
vt 0.666262 0.822016
vt 0.672115 0.821963
vt 0.677264 0.820226
vt 0.677966 0.821794
vt 0.683808 0.821431
vt 0.686359 0.820229
vt 0.689635 0.820868
vt 0.820588 0.579954
vt 0.149141 0.325229
vt 0.150284 0.209337
vt 0.150284 0.325229
vt 0.461620 0.120173
vt 0.461620 0.116788
vt 0.461620 0.079181
vt 0.455591 0.076164
vt 0.461620 0.076164
vt 0.455591 0.104659
vt 0.461620 0.104659
vt 0.295190 0.322633
vt 0.304284 0.322347
vt 0.304284 0.322633
vt 0.425242 0.079181
vt 0.416148 0.076164
vt 0.425242 0.076164
vt 0.317925 0.284455
vt 0.322473 0.284741
vt 0.317925 0.284741
vt 0.434337 0.079181
vt 0.434337 0.076164
vt 0.287825 0.284741
vt 0.288110 0.297276
vt 0.287825 0.297276
vt 0.438884 0.079181
vt 0.438884 0.076164
vt 0.452526 0.079181
vt 0.443431 0.076164
vt 0.452526 0.076164
vt 0.322473 0.322633
vt 0.331567 0.322347
vt 0.331567 0.322633
vt 0.455591 0.079181
vt 0.452526 0.104659
vt 0.409069 0.079181
vt 0.407053 0.076164
vt 0.409069 0.076164
vt 0.407053 0.104660
vt 0.409069 0.104660
vt 0.331141 0.285098
vt 0.322220 0.285098
vt 0.331567 0.310219
vt 0.331141 0.321990
vt 0.331141 0.310092
vt 0.313378 0.284741
vt 0.304377 0.285098
vt 0.304283 0.284741
vt 0.313379 0.322347
vt 0.317759 0.321990
vt 0.317926 0.322347
vt 0.313378 0.322633
vt 0.317926 0.322633
vt 0.304283 0.284455
vt 0.331853 0.322347
vt 0.331853 0.310219
vt 0.322473 0.284455
vt 0.331567 0.284740
vt 0.291894 0.284455
vt 0.295189 0.284741
vt 0.291894 0.284741
vt 0.295189 0.284455
vt 0.526774 0.808339
vt 0.526333 0.796442
vt 0.526774 0.796442
vt 0.740354 0.007352
vt 0.731432 0.007793
vt 0.731432 0.007352
vt 0.512951 0.808780
vt 0.508490 0.808339
vt 0.512951 0.808339
vt 0.719278 0.007352
vt 0.722510 0.007793
vt 0.719278 0.007793
vt 0.304377 0.321990
vt 0.313298 0.321990
vt 0.295455 0.285099
vt 0.322473 0.322347
vt 0.288511 0.285099
vt 0.288511 0.297396
vt 0.317759 0.285098
vt 0.295455 0.321990
vt 0.292222 0.285099
vt 0.499568 0.808339
vt 0.490647 0.796442
vt 0.499568 0.796442
vt 0.508490 0.796442
vt 0.512951 0.796442
vt 0.526333 0.808339
vt 0.517411 0.796442
vt 0.758196 0.007352
vt 0.749275 0.007793
vt 0.749275 0.007352
vt 0.499568 0.808780
vt 0.508490 0.808780
vt 0.722510 0.007352
vt 0.517411 0.808780
vt 0.526333 0.808780
vt 0.715126 0.007793
vt 0.715566 0.020090
vt 0.715126 0.020090
vt 0.744814 0.007793
vt 0.744814 0.007352
vt 0.490647 0.808780
vt 0.689425 0.820230
vt 0.695453 0.820232
vt 0.800876 0.230728
vt 0.795025 0.233925
vt 0.648721 0.821357
vt 0.649981 0.820217
vt 0.758197 0.020090
vt 0.758196 0.007793
vt 0.614818 0.812485
vt 0.605896 0.800587
vt 0.614818 0.800587
vt 0.744814 0.020090
vt 0.740353 0.007793
vt 0.601435 0.812485
vt 0.596975 0.800587
vt 0.601435 0.800587
vt 0.740354 0.020090
vt 0.596975 0.812485
vt 0.588053 0.800587
vt 0.722510 0.020090
vt 0.579132 0.812485
vt 0.579132 0.800587
vt 0.288111 0.309812
vt 0.288511 0.310092
vt 0.288111 0.310219
vt 0.288111 0.297684
vt 0.288511 0.297795
vt 0.758637 0.020090
vt 0.758637 0.007793
vt 0.615258 0.812485
vt 0.615258 0.800587
vt 0.331853 0.297276
vt 0.331853 0.284740
vt 0.331853 0.309812
vt 0.331567 0.297684
vt 0.331853 0.297684
vt 0.331567 0.297276
vt 0.331141 0.309692
vt 0.331141 0.297795
vt 0.409069 0.091717
vt 0.407053 0.079181
vt 0.409069 0.104252
vt 0.407053 0.092124
vt 0.409069 0.092124
vt 0.455591 0.091717
vt 0.455591 0.104252
vt 0.452526 0.092124
vt 0.455591 0.092124
vt 0.287825 0.309812
vt 0.287825 0.310219
vt 0.287825 0.297684
vt 0.461620 0.091717
vt 0.461620 0.104252
vt 0.461620 0.092124
vt 0.288111 0.322348
vt 0.287825 0.322348
vt 0.288511 0.321990
vt 0.483262 0.796442
vt 0.483703 0.808339
vt 0.483262 0.808339
vt 0.614818 0.800147
vt 0.605896 0.800147
vt 0.575899 0.812485
vt 0.579132 0.812926
vt 0.575899 0.812926
vt 0.331567 0.309812
vt 0.407053 0.104252
vt 0.452526 0.104252
vt 0.452526 0.091717
vt 0.407053 0.091717
vt 0.331141 0.297395
vt 0.288511 0.309693
vt 0.322220 0.297395
vt 0.487414 0.796442
vt 0.490647 0.796001
vt 0.596975 0.800147
vt 0.322220 0.297795
vt 0.317759 0.297395
vt 0.571747 0.800587
vt 0.572187 0.812485
vt 0.571747 0.812485
vt 0.719278 0.020090
vt 0.715566 0.020531
vt 0.722510 0.020531
vt 0.719278 0.020531
vt 0.731432 0.020531
vt 0.731432 0.020090
vt 0.740354 0.020531
vt 0.292223 0.310092
vt 0.292223 0.309693
vt 0.304377 0.310092
vt 0.295455 0.309693
vt 0.304377 0.309693
vt 0.588053 0.800146
vt 0.317759 0.297795
vt 0.313298 0.297395
vt 0.313298 0.297795
vt 0.304377 0.297395
vt 0.407053 0.068228
vt 0.409069 0.068228
vt 0.452526 0.068228
vt 0.455591 0.068228
vt 0.952835 0.985547
vt 0.953351 0.985289
vt 0.953305 0.985548
vt 0.802994 0.025013
vt 0.807542 0.024372
vt 0.807542 0.025013
vt 0.793900 0.007353
vt 0.784806 0.007993
vt 0.784806 0.007352
vt 0.808182 0.024372
vt 0.807542 0.016436
vt 0.808182 0.016436
vt 0.802994 0.007352
vt 0.807542 0.007993
vt 0.802994 0.007993
vt 0.461620 0.068228
vt 0.438884 0.068228
vt 0.443431 0.068228
vt 0.579132 0.800146
vt 0.575899 0.800587
vt 0.575899 0.800147
vt 0.744814 0.020531
vt 0.295455 0.297795
vt 0.292222 0.297395
vt 0.295455 0.297395
vt 0.483703 0.796001
vt 0.483703 0.796442
vt 0.605896 0.812485
vt 0.749275 0.020090
vt 0.517411 0.808339
vt 0.313298 0.285098
vt 0.322220 0.321990
vt 0.443431 0.079181
vt 0.313378 0.284455
vt 0.668170 0.820223
vt 0.291470 0.400142
vt 0.443431 0.120173
vt 0.783320 0.233925
vt 0.777727 0.016183
vt 0.777918 0.008094
vt 0.777918 0.016183
vt 0.781655 0.008094
vt 0.781511 0.007993
vt 0.793900 0.024372
vt 0.784910 0.024274
vt 0.793894 0.024274
vt 0.807369 0.024274
vt 0.807369 0.016434
vt 0.781511 0.007352
vt 0.777087 0.007993
vt 0.777087 0.016183
vt 0.793900 0.025013
vt 0.784806 0.024372
vt 0.793900 0.007993
vt 0.802994 0.024372
vt 0.455591 0.067974
vt 0.461620 0.067974
vt 0.455591 0.059784
vt 0.461620 0.059784
vt 0.443431 0.067974
vt 0.438884 0.059784
vt 0.443431 0.059784
vt 0.784910 0.008094
vt 0.802877 0.024274
vt 0.953847 0.984339
vt 0.953683 0.984893
vt 0.953447 0.984485
vt 0.777727 0.016436
vt 0.777918 0.024274
vt 0.777727 0.024372
vt 0.802877 0.008094
vt 0.793894 0.008094
vt 0.952910 0.985966
vt 0.953351 0.985806
vt 0.955213 0.985966
vt 0.954639 0.986032
vt 0.954771 0.985805
vt 0.354743 0.903306
vt 0.354607 0.902896
vt 0.354743 0.902896
vt 0.354743 0.900024
vt 0.354607 0.899614
vt 0.354743 0.899614
vt 0.354607 0.902486
vt 0.354743 0.902486
vt 0.354743 0.899203
vt 0.354607 0.899203
vt 0.354742 0.872314
vt 0.354590 0.871886
vt 0.354742 0.871886
vt 0.354743 0.901255
vt 0.354607 0.900845
vt 0.354743 0.900845
vt 0.354743 0.870173
vt 0.354590 0.870601
vt 0.354590 0.870173
vt 0.777087 0.016436
vt 0.354743 0.901665
vt 0.354607 0.901255
vt 0.354742 0.876596
vt 0.354588 0.876168
vt 0.354742 0.876168
vt 0.354743 0.897151
vt 0.354607 0.896742
vt 0.354743 0.896742
vt 0.354741 0.875312
vt 0.354588 0.875740
vt 0.354588 0.875312
vt 0.354743 0.897562
vt 0.354607 0.897972
vt 0.354607 0.897562
vt 0.354742 0.870601
vt 0.354590 0.871029
vt 0.354742 0.874027
vt 0.354589 0.874455
vt 0.354589 0.874027
vt 0.354589 0.874884
vt 0.354742 0.874884
vt 0.354588 0.877024
vt 0.354588 0.876596
vt 0.354742 0.875740
vt 0.438884 0.067974
vt 0.354742 0.873599
vt 0.354589 0.873171
vt 0.354742 0.873171
vt 0.808182 0.016183
vt 0.808182 0.007993
vt 0.777918 0.016434
vt 0.807542 0.016183
vt 0.807369 0.008094
vt 0.777087 0.024372
vt 0.409069 0.067974
vt 0.407053 0.059784
vt 0.409069 0.059784
vt 0.452526 0.059784
vt 0.452526 0.067974
vt 0.407053 0.067974
vt 0.354740 0.877881
vt 0.354587 0.877453
vt 0.354741 0.877453
vt 0.354590 0.871457
vt 0.354742 0.871457
vt 0.354589 0.872742
vt 0.354589 0.872314
vt 0.980312 0.277182
vt 0.980572 0.277574
vt 0.980244 0.277299
vt 0.978259 0.278367
vt 0.978468 0.278789
vt 0.978341 0.278835
vt 0.978943 0.279552
vt 0.979414 0.279581
vt 0.979389 0.279715
vt 0.979865 0.277019
vt 0.979842 0.277152
vt 0.978579 0.279247
vt 0.978683 0.279160
vt 0.979842 0.279581
vt 0.979865 0.279715
vt 0.979389 0.277019
vt 0.979011 0.277299
vt 0.978943 0.277182
vt 0.980312 0.279552
vt 0.980244 0.279435
vt 0.978579 0.277487
vt 0.978468 0.277945
vt 0.978341 0.277899
vt 0.979414 0.277152
vt 0.978394 0.278367
vt 0.980572 0.279160
vt 0.980676 0.279247
vt 0.978683 0.277574
vt 0.980913 0.277899
vt 0.980860 0.278367
vt 0.980786 0.277945
vt 0.980913 0.278835
vt 0.980996 0.278367
vt 0.980676 0.277487
vt 0.980786 0.278789
vt 0.979011 0.279435
vt 0.529085 0.768621
vt 0.528865 0.769302
vt 0.528865 0.768621
vt 0.529085 0.767939
vt 0.528865 0.767939
vt 0.529085 0.761805
vt 0.528864 0.761124
vt 0.529085 0.761124
vt 0.529085 0.763169
vt 0.528864 0.762487
vt 0.529085 0.762487
vt 0.528865 0.767258
vt 0.529085 0.767258
vt 0.529085 0.765213
vt 0.528864 0.764532
vt 0.529085 0.764532
vt 0.528864 0.763850
vt 0.529085 0.763850
vt 0.528864 0.761805
vt 0.529085 0.758398
vt 0.528864 0.759080
vt 0.528864 0.758398
vt 0.529085 0.769984
vt 0.529085 0.769302
vt 0.528865 0.770665
vt 0.528865 0.769984
vt 0.529085 0.766576
vt 0.528865 0.765895
vt 0.529085 0.765895
vt 0.528865 0.765213
vt 0.528864 0.763169
vt 0.529085 0.759080
vt 0.528864 0.759761
vt 0.528864 0.760443
vt 0.529085 0.760443
vt 0.529085 0.759761
vt 0.528865 0.766576
vt 0.118584 0.931395
vt 0.119148 0.931768
vt 0.119023 0.931917
vt 0.121545 0.931917
vt 0.121814 0.931297
vt 0.121982 0.931395
vt 0.122215 0.930073
vt 0.121814 0.929529
vt 0.121982 0.929432
vt 0.122025 0.930720
vt 0.122215 0.930754
vt 0.122025 0.930107
vt 0.119612 0.928570
vt 0.119148 0.929060
vt 0.119023 0.928911
vt 0.120888 0.932075
vt 0.121420 0.931768
vt 0.118351 0.930073
vt 0.118752 0.929529
vt 0.118542 0.930107
vt 0.120955 0.928570
vt 0.120283 0.928646
vt 0.120283 0.928452
vt 0.118584 0.929432
vt 0.120955 0.932257
vt 0.120283 0.932181
vt 0.119679 0.928752
vt 0.120283 0.932376
vt 0.119679 0.932075
vt 0.118542 0.930720
vt 0.118752 0.931297
vt 0.121545 0.928911
vt 0.120888 0.928752
vt 0.119612 0.932257
vt 0.118351 0.930754
vt 0.121420 0.929060
vt 0.122227 0.867411
vt 0.122073 0.867887
vt 0.122073 0.867411
vt 0.714122 0.823898
vt 0.713903 0.823284
vt 0.714122 0.823284
vt 0.714122 0.822670
vt 0.713903 0.822056
vt 0.714122 0.822056
vt 0.122227 0.868837
vt 0.122073 0.868362
vt 0.122227 0.868362
vt 0.714122 0.830652
vt 0.713903 0.831266
vt 0.713903 0.830652
vt 0.714122 0.825126
vt 0.713903 0.824512
vt 0.714122 0.824512
vt 0.122227 0.861234
vt 0.122073 0.861709
vt 0.122073 0.861234
vt 0.714122 0.828810
vt 0.713903 0.828196
vt 0.714122 0.828196
vt 0.714122 0.829424
vt 0.713903 0.830038
vt 0.713903 0.829424
vt 0.122227 0.865511
vt 0.122073 0.865036
vt 0.122227 0.865036
vt 0.714122 0.827582
vt 0.713903 0.826968
vt 0.714122 0.826968
vt 0.122227 0.864560
vt 0.122073 0.864086
vt 0.122227 0.864086
vt 0.122227 0.860759
vt 0.122073 0.860759
vt 0.714122 0.826354
vt 0.713903 0.825740
vt 0.714122 0.825740
vt 0.122227 0.866936
vt 0.122073 0.866461
vt 0.122227 0.866461
vt 0.122227 0.860283
vt 0.122073 0.860283
vt 0.122227 0.862660
vt 0.122073 0.862184
vt 0.122227 0.862184
vt 0.714122 0.820827
vt 0.713903 0.821441
vt 0.713903 0.820827
vt 0.122227 0.867887
vt 0.856495 0.364287
vt 0.856302 0.364876
vt 0.856302 0.364287
vt 0.713903 0.827582
vt 0.122227 0.861709
vt 0.856495 0.363699
vt 0.856302 0.363111
vt 0.856495 0.363111
vt 0.713903 0.828810
vt 0.122073 0.863610
vt 0.122227 0.863610
vt 0.856493 0.370171
vt 0.856300 0.369583
vt 0.856493 0.369583
vt 0.714122 0.820213
vt 0.713903 0.820213
vt 0.122227 0.865986
vt 0.122073 0.865986
vt 0.856493 0.368995
vt 0.856300 0.368995
vt 0.713903 0.822670
vt 0.856494 0.366641
vt 0.856301 0.367230
vt 0.856301 0.366641
vt 0.856493 0.371936
vt 0.856300 0.371348
vt 0.856493 0.371348
vt 0.122073 0.866936
vt 0.856494 0.367818
vt 0.856494 0.367230
vt 0.856492 0.372525
vt 0.856299 0.371936
vt 0.122227 0.863135
vt 0.122073 0.863135
vt 0.940182 0.570474
vt 0.939852 0.569713
vt 0.940486 0.569945
vt 0.937078 0.569345
vt 0.937819 0.569715
vt 0.937185 0.569945
vt 0.937955 0.567820
vt 0.938646 0.568278
vt 0.938293 0.568406
vt 0.937185 0.568744
vt 0.937753 0.569344
vt 0.939377 0.570282
vt 0.939665 0.570039
vt 0.938005 0.568648
vt 0.937487 0.568214
vt 0.939141 0.571074
vt 0.939715 0.570868
vt 0.937956 0.570866
vt 0.938008 0.570040
vt 0.938295 0.570282
vt 0.938530 0.567613
vt 0.939023 0.568279
vt 0.938530 0.571074
vt 0.939023 0.570410
vt 0.937491 0.570473
vt 0.939713 0.567824
vt 0.939140 0.567616
vt 0.938648 0.570410
vt 0.940591 0.569344
vt 0.939917 0.569343
vt 0.939662 0.568649
vt 0.939375 0.568407
vt 0.939851 0.568974
vt 0.940484 0.568744
vt 0.940179 0.568217
vt 0.937818 0.568974
vt 0.938835 0.569344
vt 0.953929 0.984803
vt 0.954061 0.985547
vt 0.935586 0.279898
vt 0.935824 0.279340
vt 0.935894 0.279365
vt 0.934539 0.277019
vt 0.933938 0.277092
vt 0.933925 0.277019
vt 0.933925 0.280503
vt 0.934526 0.280430
vt 0.934539 0.280503
vt 0.932877 0.277624
vt 0.933385 0.277292
vt 0.932934 0.277672
vt 0.935116 0.277229
vt 0.935530 0.277672
vt 0.935079 0.277292
vt 0.933348 0.277229
vt 0.933348 0.280292
vt 0.933938 0.280430
vt 0.934526 0.277092
vt 0.932877 0.279898
vt 0.933385 0.280228
vt 0.932570 0.278156
vt 0.932538 0.278761
vt 0.932463 0.278761
vt 0.935586 0.277624
vt 0.935824 0.278181
vt 0.932570 0.279365
vt 0.932934 0.279850
vt 0.932640 0.278181
vt 0.935894 0.278156
vt 0.935926 0.278761
vt 0.932640 0.279340
vt 0.935079 0.280228
vt 0.935116 0.280292
vt 0.936000 0.278761
vt 0.935530 0.279850
vt 0.713903 0.826354
vt 0.856300 0.368406
vt 0.856300 0.367818
vt 0.714122 0.821441
vt 0.856494 0.365464
vt 0.856301 0.366052
vt 0.856301 0.365464
vt 0.713903 0.823898
vt 0.856495 0.364876
vt 0.122073 0.865511
vt 0.856494 0.366052
vt 0.713903 0.825126
vt 0.856493 0.370760
vt 0.856300 0.370760
vt 0.714122 0.830038
vt 0.856300 0.370171
vt 0.122073 0.862660
vt 0.856299 0.373113
vt 0.856299 0.372525
vt 0.856494 0.368406
vt 0.122073 0.864560
vt 0.856495 0.362523
vt 0.856302 0.362523
vt 0.856302 0.363699
vt 0.010707 0.816837
vt 0.014445 0.817089
vt 0.010707 0.817087
vt 0.103585 0.534870
vt 0.100331 0.535120
vt 0.100331 0.534870
vt 0.017700 0.817090
vt 0.026683 0.816842
vt 0.026683 0.817093
vt 0.112569 0.534870
vt 0.103585 0.535120
vt 0.010459 0.808997
vt 0.010456 0.816837
vt 0.035667 0.816845
vt 0.035667 0.817096
vt 0.121552 0.535120
vt 0.112569 0.535120
vt 0.040410 0.816847
vt 0.040161 0.809007
vt 0.040412 0.809007
vt 0.040159 0.816847
vt 0.040159 0.817097
vt 0.126295 0.543211
vt 0.126045 0.535120
vt 0.126295 0.535120
vt 0.121552 0.534870
vt 0.807369 0.016183
vt 0.035670 0.809006
vt 0.026686 0.809002
vt 0.017702 0.808999
vt 0.749275 0.020531
vt 0.126045 0.543211
vt 0.121552 0.543211
vt 0.112569 0.543211
vt 0.715566 0.007793
vt 0.026686 0.808752
vt 0.096342 0.535120
vt 0.096593 0.543211
vt 0.096342 0.543211
vt 0.112569 0.543461
vt 0.014447 0.808998
vt 0.017702 0.808749
vt 0.035670 0.808755
vt 0.820588 0.591406
vt 0.818998 0.562292
vt 0.820588 0.554260
vt 0.818998 0.546118
vt 0.820588 0.545696
vt 0.820588 0.547594
vt 0.609878 0.164734
vt 0.608291 0.164286
vt 0.608291 0.163174
vt 0.269301 0.624729
vt 0.267756 0.626323
vt 0.266196 0.624729
vt 0.266643 0.626322
vt 0.265053 0.624729
vt 0.609878 0.161629
vt 0.608291 0.161629
vt 0.297285 0.406014
vt 0.297285 0.400175
vt 0.153390 0.209337
vt 0.291894 0.322347
vt 0.297285 0.423531
vt 0.297285 0.417693
vt 0.297285 0.411853
vt 0.297285 0.394336
vt 0.297285 0.388497
vt 0.126443 0.322509
vt 0.010466 0.325229
vt 0.010466 0.322508
vt 0.789169 0.230378
vt 0.783316 0.230378
vt 0.754048 0.230378
vt 0.751984 0.230728
vt 0.751984 0.230378
vt 0.800876 0.230378
vt 0.795022 0.230378
vt 0.771608 0.230378
vt 0.765755 0.230378
vt 0.777462 0.230378
vt 0.806730 0.230378
vt 0.297285 0.436750
vt 0.297285 0.435210
vt 0.412852 0.116788
vt 0.010710 0.808997
vt 0.383705 0.626322
vt 0.385295 0.624729
vt 0.759903 0.230728
vt 0.754059 0.233925
vt 0.754049 0.230728
vt 0.096593 0.535120
vt 0.413272 0.423531
vt 0.297285 0.429371
vt 0.759901 0.230378
vt 0.271712 0.827722
vt 0.270782 0.824512
vt 0.271711 0.824346
vt 0.210686 0.825382
vt 0.209754 0.822075
vt 0.210686 0.821913
vt 0.457933 0.824480
vt 0.421717 0.824794
vt 0.421713 0.824478
vt 0.608290 0.047228
vt 0.413272 0.435210
vt 0.294180 0.429371
vt 0.103585 0.543461
vt 0.103585 0.543211
vt 0.781511 0.025013
vt 0.777727 0.025013
vt 0.646686 0.820215
vt 0.288111 0.322633
vt 0.572187 0.812926
vt 0.487414 0.808780
vt 0.483703 0.808780
vt 0.572187 0.800587
vt 0.572187 0.800147
vt 0.304377 0.297795
vt 0.777727 0.007993
vt 0.715566 0.007352
vt 0.412852 0.076164
vt 0.781511 0.024372
vt 0.818998 0.549901
vt 0.759911 0.233925
vt 0.416148 0.120173
vt 0.294180 0.423531
vt 0.291895 0.429381
vt 0.818998 0.553197
vt 0.820588 0.551157
vt 0.416148 0.079181
vt 0.291894 0.322633
vt 0.295190 0.322347
vt 0.292223 0.321990
vt 0.490647 0.808339
vt 0.758197 0.020531
vt 0.292223 0.297795
vt 0.295455 0.310092
vt 0.784806 0.025013
vt 0.014445 0.816838
vt 0.017700 0.816839
vt 0.781655 0.024274
vt 0.100331 0.543461
vt 0.100331 0.543211
vt 0.413272 0.411853
vt 0.413272 0.406014
vt 0.413272 0.400175
vt 0.413272 0.394336
vt 0.413272 0.388592
vt 0.269375 0.325229
vt 0.153390 0.325229
vt 0.413272 0.417693
vt 0.288110 0.284455
vt 0.288110 0.284741
vt 0.778708 0.842224
vt 0.778075 0.843077
vt 0.778075 0.842224
vt 0.782496 0.842224
vt 0.781855 0.843077
vt 0.781855 0.842224
vt 0.781216 0.842224
vt 0.781216 0.843077
vt 0.780582 0.842224
vt 0.780582 0.843077
vt 0.779953 0.842224
vt 0.779953 0.843077
vt 0.779329 0.842224
vt 0.778708 0.843077
vt 0.777454 0.842224
vt 0.776830 0.843077
vt 0.776830 0.842224
vt 0.776201 0.843077
vt 0.776201 0.842224
vt 0.775567 0.842224
vt 0.774928 0.843077
vt 0.774928 0.842224
vt 0.774287 0.842224
vt 0.798049 0.540824
vt 0.798641 0.545816
vt 0.798049 0.546053
vt 0.797412 0.540744
vt 0.797412 0.546134
vt 0.799151 0.541441
vt 0.799151 0.545438
vt 0.799541 0.544945
vt 0.799541 0.541933
vt 0.799787 0.544371
vt 0.799787 0.542507
vt 0.799870 0.543755
vt 0.580839 0.568948
vt 0.575528 0.568312
vt 0.580920 0.568312
vt 0.575848 0.569541
vt 0.580601 0.569541
vt 0.576225 0.570050
vt 0.580223 0.570050
vt 0.579730 0.570441
vt 0.577292 0.570687
vt 0.579157 0.570687
vt 0.577907 0.570770
vt 0.578541 0.570770
vt 0.955000 0.986335
vt 0.954438 0.986201
vt 0.953483 0.985061
vt 0.953121 0.984759
vt 0.954273 0.986755
vt 0.954673 0.986608
vt 0.953447 0.986608
vt 0.953483 0.986031
vt 0.953683 0.986201
vt 0.954274 0.984341
vt 0.953847 0.986755
vt 0.954192 0.986291
vt 0.953123 0.986333
vt 0.954673 0.984487
vt 0.954192 0.984804
vt 0.953929 0.986291
vt 0.954815 0.985547
vt 0.955285 0.985548
vt 0.954638 0.985063
vt 0.954438 0.984895
vt 0.954769 0.985289
vt 0.955211 0.985129
vt 0.954998 0.984761
vt 0.952908 0.985128
vt 0.933597 0.986489
vt 0.933827 0.986135
vt 0.933872 0.986161
vt 0.932804 0.984311
vt 0.933208 0.984434
vt 0.932804 0.984363
vt 0.932804 0.986777
vt 0.932400 0.986654
vt 0.932804 0.986726
vt 0.932011 0.984599
vt 0.932400 0.984434
vt 0.932045 0.984639
vt 0.933597 0.984599
vt 0.933827 0.984953
vt 0.933564 0.984639
vt 0.932382 0.984385
vt 0.932011 0.986489
vt 0.932382 0.986703
vt 0.933226 0.984385
vt 0.931736 0.986161
vt 0.932045 0.986449
vt 0.931736 0.984928
vt 0.931641 0.985339
vt 0.931589 0.985330
vt 0.934019 0.985330
vt 0.933872 0.984928
vt 0.931589 0.985758
vt 0.931781 0.986135
vt 0.931781 0.984953
vt 0.934019 0.985759
vt 0.933968 0.985339
vt 0.931641 0.985749
vt 0.933208 0.986654
vt 0.933226 0.986703
vt 0.933968 0.985749
vt 0.933564 0.986449
vt 0.354742 0.874455
vt 0.354607 0.900434
vt 0.354607 0.900024
vt 0.354742 0.871029
vt 0.354743 0.898793
vt 0.354607 0.898383
vt 0.354743 0.898383
vt 0.354742 0.872742
vt 0.354743 0.897972
vt 0.354607 0.898793
vt 0.354589 0.873599
vt 0.354743 0.902076
vt 0.354607 0.902076
vt 0.354742 0.877024
vt 0.354607 0.901665
vt 0.354743 0.903717
vt 0.354607 0.903306
vt 0.354743 0.900434
vt 0.354743 0.896331
vt 0.354607 0.896331
vt 0.354607 0.897151
vt 0.793172 0.540744
vt 0.793172 0.546134
vt 0.786737 0.843077
vt 0.786737 0.842224
vt 0.770046 0.842224
vt 0.774287 0.843077
vt 0.770046 0.843077
vt 0.580920 0.564071
vt 0.575528 0.564071
vt 0.528823 0.009583
vt 0.482301 0.113665
vt 0.482301 0.009583
vt 0.829378 0.754626
vt 0.829378 0.757643
vt 0.826143 0.757643
vt 0.829378 0.795250
vt 0.829378 0.798634
vt 0.826144 0.795250
vt 0.294180 0.383133
vt 0.297285 0.383133
vt 0.130690 0.322159
vt 0.129548 0.318774
vt 0.130690 0.318774
vt 0.130691 0.281167
vt 0.129548 0.278150
vt 0.130691 0.278150
vt 0.826275 0.754496
vt 0.826275 0.798751
vt 0.826173 0.648500
vt 0.826152 0.687210
vt 0.826152 0.648500
vt 0.826350 0.648501
vt 0.826933 0.687200
vt 0.826332 0.687204
vt 0.827009 0.648507
vt 0.827091 0.687216
vt 0.826389 0.690111
vt 0.827325 0.687221
vt 0.827439 0.648492
vt 0.827183 0.648489
vt 0.826550 0.645323
vt 0.826548 0.645323
vt 0.826172 0.687209
vt 0.826390 0.690094
vt 0.826389 0.690110
vt 0.826373 0.645358
vt 0.826196 0.645355
vt 0.129548 0.281167
vt 0.129548 0.322159
vt 0.126443 0.322159
vt 0.431721 0.639936
vt 0.431843 0.640287
vt 0.431721 0.640287
vt 0.129548 0.325231
vt 0.548009 0.639939
vt 0.431843 0.639814
vt 0.548009 0.639818
vt 0.548009 0.640288
vt 0.126442 0.318774
vt 0.010456 0.322157
vt 0.010456 0.318773
vt 0.126443 0.278150
vt 0.010457 0.281166
vt 0.010457 0.278149
vt 0.548009 0.640409
vt 0.126443 0.281167
vt 0.129549 0.209338
vt 0.130691 0.209338
vt 0.010457 0.209337
vt 0.126443 0.209338
vt 0.737079 0.803384
vt 0.737079 0.800187
vt 0.292985 0.383131
vt 0.413272 0.383133
vt 0.290465 0.263364
vt 0.407520 0.266005
vt 0.290465 0.266005
vt 0.410161 0.211978
vt 0.407520 0.263364
vt 0.407520 0.211978
vt 0.290465 0.211978
vt 0.407520 0.209338
vt 0.287825 0.211978
vt 0.350303 0.284455
vt 0.352319 0.293194
vt 0.350303 0.293194
vt 0.398842 0.284455
vt 0.404871 0.293194
vt 0.398842 0.293194
vt 0.737079 0.822184
vt 0.736657 0.823774
vt 0.735063 0.822184
vt 0.783601 0.822184
vt 0.788043 0.823774
vt 0.782366 0.823774
vt 0.783602 0.803383
vt 0.789630 0.803733
vt 0.783602 0.803733
vt 0.735185 0.803734
vt 0.735185 0.803384
vt 0.630343 0.149720
vt 0.628327 0.045638
vt 0.630343 0.045638
vt 0.607403 0.453874
vt 0.601375 0.349792
vt 0.607403 0.349792
vt 0.482301 0.007352
vt 0.531054 0.009583
vt 0.528823 0.113665
vt 0.480070 0.113665
vt 0.480070 0.009583
vt 0.352319 0.284455
vt 0.482300 0.115896
vt 0.737079 0.803734
vt 0.738555 0.823774
vt 0.457932 0.820725
vt 0.421708 0.819763
vt 0.457940 0.819763
vt 0.308064 0.827723
vt 0.308995 0.824513
vt 0.308397 0.827791
vt 0.421605 0.824369
vt 0.420670 0.820987
vt 0.421605 0.820828
vt 0.421587 0.800845
vt 0.420667 0.797177
vt 0.421587 0.797046
vt 0.434337 0.007353
vt 0.425242 0.059784
vt 0.425242 0.007353
vt 0.416148 0.059784
vt 0.416148 0.007353
vt 0.412852 0.059784
vt 0.412852 0.007352
vt 0.409069 0.007352
vt 0.407053 0.007352
vt 0.434337 0.059784
vt 0.438884 0.007353
vt 0.443431 0.007353
vt 0.452526 0.007353
vt 0.455591 0.007353
vt 0.461620 0.007352
vt 0.458036 0.824476
vt 0.457930 0.824796
vt 0.458032 0.820731
vt 0.458977 0.820989
vt 0.458042 0.820830
vt 0.457928 0.824359
vt 0.457928 0.820829
vt 0.247030 0.825485
vt 0.246939 0.825812
vt 0.246931 0.825492
vt 0.247369 0.825449
vt 0.247037 0.825383
vt 0.246924 0.825371
vt 0.246935 0.820851
vt 0.247028 0.821816
vt 0.246928 0.821810
vt 0.247969 0.822076
vt 0.247038 0.821915
vt 0.421612 0.824474
vt 0.246924 0.821913
vt 0.421271 0.824435
vt 0.210695 0.821815
vt 0.421719 0.824357
vt 0.210788 0.820851
vt 0.210795 0.821809
vt 0.308057 0.827826
vt 0.307967 0.828153
vt 0.307958 0.827832
vt 0.210799 0.821913
vt 0.307951 0.827712
vt 0.308056 0.824249
vt 0.307962 0.823284
vt 0.308082 0.823284
vt 0.309017 0.824395
vt 0.457929 0.800948
vt 0.458304 0.800908
vt 0.458284 0.801030
vt 0.307951 0.824346
vt 0.308065 0.824348
vt 0.457837 0.801313
vt 0.457961 0.801311
vt 0.421615 0.820729
vt 0.457822 0.800835
vt 0.457829 0.800955
vt 0.421715 0.820724
vt 0.210783 0.825812
vt 0.210692 0.825485
vt 0.210792 0.825491
vt 0.421719 0.820827
vt 0.210353 0.825448
vt 0.271718 0.827825
vt 0.271378 0.827790
vt 0.210799 0.825370
vt 0.271809 0.828152
vt 0.271818 0.827831
vt 0.271825 0.827710
vt 0.271721 0.824248
vt 0.270760 0.824393
vt 0.271814 0.823284
vt 0.271694 0.823284
vt 0.421685 0.801312
vt 0.421594 0.800947
vt 0.421693 0.800954
vt 0.271825 0.824345
vt 0.271821 0.824243
vt 0.421217 0.800907
vt 0.457834 0.796002
vt 0.457927 0.796948
vt 0.457827 0.796942
vt 0.421700 0.800834
vt 0.458856 0.797178
vt 0.457936 0.797047
vt 0.421596 0.796947
vt 0.420650 0.797058
vt 0.457822 0.797047
vt 0.421689 0.796002
vt 0.421569 0.796002
vt 0.458042 0.824372
vt 0.421700 0.797046
vt 0.421696 0.796942
vt 0.457935 0.800846
vt 0.421602 0.824819
vt 0.458046 0.824822
vt 0.789155 0.800186
vt 0.789630 0.800661
vt 0.783696 0.800186
vt 0.294180 0.382770
vt 0.297285 0.382770
vt 0.153390 0.325593
vt 0.293037 0.382769
vt 0.149141 0.325593
vt 0.150284 0.325593
vt 0.294180 0.436750
vt 0.297285 0.437114
vt 0.294180 0.437114
vt 0.126442 0.325595
vt 0.129548 0.325595
vt 0.293037 0.437115
vt 0.130690 0.325595
vt 0.126442 0.325230
vt 0.010466 0.325592
vt 0.413272 0.436750
vt 0.413272 0.437113
vt 0.413272 0.382771
vt 0.269375 0.325592
vt 0.806730 0.233450
vt 0.806730 0.230728
vt 0.806254 0.233925
vt 0.806592 0.233786
vt 0.751984 0.233450
vt 0.752459 0.233925
vt 0.752119 0.233787
vt 0.789630 0.803383
vt 0.307955 0.824243
vt 0.313298 0.310092
vt 0.313298 0.309693
vt 0.588053 0.812926
vt 0.499568 0.796001
vt 0.317759 0.310092
vt 0.317759 0.309693
vt 0.508490 0.796001
vt 0.588053 0.812485
vt 0.596975 0.812926
vt 0.322220 0.310092
vt 0.322220 0.309692
vt 0.512951 0.796001
vt 0.517411 0.796001
vt 0.605896 0.812926
vt 0.601435 0.812926
vt 0.614818 0.812926
vt 0.096593 0.543461
vt 0.121552 0.543461
vt 0.126045 0.543461
vt 0.040161 0.808756
vt 0.010710 0.808746
vt 0.781655 0.016434
vt 0.781655 0.016183
vt 0.784910 0.016434
vt 0.784910 0.016183
vt 0.793894 0.016434
vt 0.793894 0.016183
vt 0.802877 0.016434
vt 0.802877 0.016183
vt 0.081159 0.652082
vt 0.080645 0.653975
vt 0.080642 0.651994
vt 0.080032 0.657596
vt 0.079512 0.658994
vt 0.079451 0.657618
vt 0.080085 0.652040
vt 0.080087 0.653986
vt 0.080381 0.617205
vt 0.079737 0.622868
vt 0.079804 0.617158
vt 0.080093 0.660450
vt 0.079719 0.662813
vt 0.079542 0.660509
vt 0.081692 0.660483
vt 0.081322 0.662855
vt 0.081179 0.660502
vt 0.080762 0.662810
vt 0.080630 0.660461
vt 0.080238 0.662795
vt 0.079560 0.655888
vt 0.081147 0.655911
vt 0.081723 0.657607
vt 0.081163 0.657561
vt 0.080637 0.657541
vt 0.080626 0.655846
vt 0.080071 0.655843
vt 0.081679 0.658982
vt 0.081138 0.658920
vt 0.080626 0.658915
vt 0.080043 0.658976
vt 0.079572 0.650134
vt 0.079590 0.652134
vt 0.081668 0.650121
vt 0.081157 0.649992
vt 0.080621 0.649981
vt 0.080103 0.649983
vt 0.079590 0.654052
vt 0.081153 0.654045
vt 0.081701 0.655907
vt 0.081705 0.652130
vt 0.079555 0.647986
vt 0.081634 0.647947
vt 0.080603 0.648042
vt 0.080000 0.645279
vt 0.080085 0.648040
vt 0.081110 0.645297
vt 0.081140 0.647991
vt 0.080593 0.645283
vt 0.081118 0.586618
vt 0.081299 0.593027
vt 0.080933 0.593131
vt 0.079163 0.622986
vt 0.079806 0.627935
vt 0.079252 0.628017
vt 0.080352 0.622865
vt 0.080885 0.617331
vt 0.080923 0.622970
vt 0.081538 0.622959
vt 0.079448 0.641121
vt 0.079485 0.645305
vt 0.079315 0.617270
vt 0.081062 0.641129
vt 0.080560 0.641080
vt 0.079950 0.641064
vt 0.079870 0.632094
vt 0.079348 0.632162
vt 0.080966 0.627997
vt 0.081563 0.632146
vt 0.080981 0.632160
vt 0.080467 0.632104
vt 0.080391 0.627924
vt 0.079425 0.636627
vt 0.081567 0.636605
vt 0.081666 0.641100
vt 0.080998 0.636622
vt 0.079935 0.636560
vt 0.079518 0.611578
vt 0.080928 0.611661
vt 0.081488 0.617292
vt 0.080486 0.611548
vt 0.079947 0.611484
vt 0.081700 0.645281
vt 0.081578 0.627999
vt 0.079715 0.605581
vt 0.081018 0.605660
vt 0.081499 0.611613
vt 0.080619 0.605596
vt 0.080105 0.605537
vt 0.080442 0.593122
vt 0.081446 0.586579
vt 0.081789 0.593043
vt 0.080646 0.586595
vt 0.080089 0.592999
vt 0.080323 0.586540
vt 0.080511 0.636566
vt 0.079916 0.599347
vt 0.081132 0.599410
vt 0.081558 0.605619
vt 0.080769 0.599414
vt 0.081646 0.599387
vt 0.080273 0.599370
vt 0.794678 0.385401
vt 0.794416 0.373790
vt 0.794934 0.373793
vt 0.080882 0.582327
vt 0.081585 0.582493
vt 0.081933 0.586585
vt 0.796621 0.365409
vt 0.796068 0.362680
vt 0.796531 0.362634
vt 0.795146 0.365337
vt 0.794775 0.362606
vt 0.795256 0.362522
vt 0.795629 0.362601
vt 0.795635 0.365434
vt 0.081269 0.582401
vt 0.796535 0.373830
vt 0.796129 0.365488
vt 0.794647 0.365362
vt 0.795444 0.373825
vt 0.795977 0.373846
vt 0.795218 0.385395
vt 0.795769 0.385459
vt 0.796319 0.385484
vt 0.795411 0.415027
vt 0.796019 0.405923
vt 0.795949 0.415014
vt 0.795733 0.388835
vt 0.794612 0.388822
vt 0.794137 0.385446
vt 0.795164 0.388827
vt 0.796295 0.388849
vt 0.795717 0.392036
vt 0.794525 0.392020
vt 0.794053 0.388808
vt 0.795102 0.392030
vt 0.796294 0.392048
vt 0.795663 0.395142
vt 0.793923 0.395126
vt 0.793939 0.392005
vt 0.795086 0.395137
vt 0.796120 0.398411
vt 0.796231 0.395157
vt 0.794490 0.395133
vt 0.793957 0.398389
vt 0.794498 0.398404
vt 0.795569 0.398399
vt 0.794441 0.405921
vt 0.795036 0.398405
vt 0.794965 0.405949
vt 0.793910 0.405903
vt 0.794862 0.415030
vt 0.793793 0.414989
vt 0.794324 0.415015
vt 0.413072 0.583011
vt 0.412803 0.587171
vt 0.412787 0.582926
vt 0.795484 0.405942
vt 0.795431 0.416355
vt 0.793734 0.416283
vt 0.794841 0.416356
vt 0.795996 0.416309
vt 0.795464 0.417471
vt 0.794276 0.416321
vt 0.793659 0.417387
vt 0.794814 0.417467
vt 0.796076 0.417419
vt 0.795469 0.418473
vt 0.794219 0.417432
vt 0.793595 0.418435
vt 0.794808 0.418475
vt 0.796045 0.419585
vt 0.796114 0.418483
vt 0.794178 0.418475
vt 0.793572 0.419570
vt 0.794203 0.419628
vt 0.795455 0.419516
vt 0.795531 0.421074
vt 0.793472 0.421034
vt 0.794779 0.421122
vt 0.794818 0.419556
vt 0.796223 0.421054
vt 0.795685 0.422731
vt 0.794087 0.421150
vt 0.793120 0.422570
vt 0.794854 0.422722
vt 0.794028 0.422718
vt 0.081279 0.580552
vt 0.081618 0.580752
vt 0.082120 0.582415
vt 0.080438 0.580669
vt 0.080410 0.582364
vt 0.546059 0.439066
vt 0.541876 0.440904
vt 0.541841 0.438807
vt 0.554137 0.443330
vt 0.550242 0.445488
vt 0.550202 0.443302
vt 0.798653 0.490724
vt 0.801379 0.485816
vt 0.801407 0.490731
vt 0.564022 0.448376
vt 0.563431 0.445526
vt 0.564629 0.445440
vt 0.558311 0.439183
vt 0.554501 0.437155
vt 0.558265 0.436962
vt 0.801464 0.498770
vt 0.799403 0.499534
vt 0.799423 0.498747
vt 0.550172 0.439217
vt 0.554089 0.437165
vt 0.554128 0.439243
vt 0.541933 0.445772
vt 0.546095 0.443341
vt 0.546171 0.445651
vt 0.546102 0.436766
vt 0.805325 0.472936
vt 0.808366 0.477983
vt 0.808241 0.481838
vt 0.558334 0.441441
vt 0.554563 0.443335
vt 0.554848 0.441477
vt 0.566394 0.441200
vt 0.564939 0.439439
vt 0.566680 0.439452
vt 0.546399 0.433626
vt 0.550343 0.431100
vt 0.550360 0.433973
vt 0.795014 0.489669
vt 0.798556 0.485821
vt 0.554410 0.443336
vt 0.554586 0.441430
vt 0.554722 0.441347
vt 0.564417 0.441179
vt 0.563159 0.441236
vt 0.563103 0.441124
vt 0.532142 0.443843
vt 0.534639 0.446075
vt 0.532534 0.446742
vt 0.564781 0.439446
vt 0.564448 0.441231
vt 0.554553 0.439235
vt 0.558334 0.441122
vt 0.554847 0.441079
vt 0.803918 0.496917
vt 0.808115 0.489804
vt 0.808134 0.493078
vt 0.564877 0.445445
vt 0.566688 0.443115
vt 0.566807 0.445615
vt 0.550208 0.441403
vt 0.546081 0.441061
vt 0.550207 0.441123
vt 0.554178 0.431551
vt 0.550550 0.428746
vt 0.554401 0.429371
vt 0.564418 0.441392
vt 0.563284 0.443277
vt 0.563103 0.441450
vt 0.550355 0.430794
vt 0.546221 0.428568
vt 0.536272 0.438554
vt 0.535088 0.436064
vt 0.536374 0.436145
vt 0.801737 0.490966
vt 0.801751 0.496958
vt 0.799028 0.473603
vt 0.801348 0.480897
vt 0.798514 0.480912
vt 0.801626 0.473562
vt 0.804520 0.480897
vt 0.801686 0.480896
vt 0.799286 0.496925
vt 0.801409 0.490967
vt 0.801453 0.496959
vt 0.558277 0.450827
vt 0.554551 0.453160
vt 0.554338 0.450985
vt 0.554156 0.431783
vt 0.554317 0.434252
vt 0.554217 0.434263
vt 0.532608 0.435709
vt 0.534403 0.438587
vt 0.532206 0.438524
vt 0.550187 0.437025
vt 0.534297 0.440852
vt 0.532097 0.440996
vt 0.534578 0.440979
vt 0.536254 0.441058
vt 0.534577 0.441139
vt 0.561953 0.441124
vt 0.562097 0.439207
vt 0.554336 0.450709
vt 0.554347 0.448285
vt 0.554413 0.448061
vt 0.801713 0.485815
vt 0.804490 0.490713
vt 0.801736 0.490731
vt 0.536284 0.445817
vt 0.535860 0.449166
vt 0.534916 0.445994
vt 0.804536 0.485807
vt 0.808119 0.489645
vt 0.534637 0.443395
vt 0.536217 0.443264
vt 0.564873 0.437119
vt 0.566807 0.436945
vt 0.534470 0.438602
vt 0.542314 0.433202
vt 0.546268 0.431074
vt 0.564950 0.443122
vt 0.566394 0.441363
vt 0.808204 0.485742
vt 0.550480 0.434912
vt 0.532094 0.441336
vt 0.534371 0.443451
vt 0.546184 0.451368
vt 0.542149 0.449134
vt 0.546312 0.448827
vt 0.546240 0.430755
vt 0.541717 0.428813
vt 0.554196 0.450990
vt 0.550524 0.453760
vt 0.550325 0.451714
vt 0.534809 0.436043
vt 0.533450 0.432278
vt 0.535851 0.432930
vt 0.554406 0.441139
vt 0.541790 0.451302
vt 0.537164 0.452835
vt 0.537290 0.450529
vt 0.563281 0.439298
vt 0.564624 0.437125
vt 0.564718 0.439433
vt 0.554321 0.431557
vt 0.554548 0.429385
vt 0.557862 0.434874
vt 0.554459 0.435221
vt 0.537903 0.448096
vt 0.537527 0.448647
vt 0.537478 0.445872
vt 0.538169 0.433978
vt 0.541879 0.436376
vt 0.537510 0.436142
vt 0.558279 0.445612
vt 0.562023 0.447734
vt 0.557880 0.447683
vt 0.558247 0.450525
vt 0.562404 0.448270
vt 0.562670 0.449721
vt 0.557996 0.448610
vt 0.562298 0.445664
vt 0.562636 0.448013
vt 0.542649 0.434160
vt 0.562625 0.434543
vt 0.562287 0.436911
vt 0.562010 0.434828
vt 0.536089 0.432999
vt 0.541922 0.431355
vt 0.537751 0.433361
vt 0.537415 0.431940
vt 0.537482 0.433590
vt 0.562390 0.434287
vt 0.558230 0.432031
vt 0.562653 0.432845
vt 0.563423 0.437045
vt 0.564007 0.434168
vt 0.557978 0.433936
vt 0.541875 0.431046
vt 0.537148 0.429360
vt 0.550458 0.447601
vt 0.554120 0.445411
vt 0.554153 0.447322
vt 0.554134 0.450700
vt 0.550333 0.448528
vt 0.554186 0.448029
vt 0.564241 0.448423
vt 0.566404 0.448713
vt 0.562965 0.452280
vt 0.558511 0.452897
vt 0.558260 0.431729
vt 0.562951 0.430292
vt 0.562707 0.432557
vt 0.554121 0.435226
vt 0.554245 0.437118
vt 0.541869 0.443304
vt 0.564225 0.434120
vt 0.534579 0.440820
vt 0.536258 0.440900
vt 0.537539 0.440756
vt 0.562101 0.443368
vt 0.561953 0.441449
vt 0.546627 0.434580
vt 0.546545 0.447871
vt 0.541690 0.453530
vt 0.546168 0.451690
vt 0.546180 0.453872
vt 0.542480 0.448138
vt 0.537517 0.438594
vt 0.558317 0.443386
vt 0.537499 0.443266
vt 0.550308 0.451406
vt 0.554317 0.431832
vt 0.806289 0.473372
vt 0.808080 0.473834
vt 0.807798 0.474307
vt 0.554384 0.434474
vt 0.554156 0.434507
vt 0.554932 0.441217
vt 0.809106 0.485351
vt 0.809023 0.477485
vt 0.807575 0.496219
vt 0.808763 0.493176
vt 0.807845 0.496686
vt 0.541877 0.441197
vt 0.537538 0.441061
vt 0.536257 0.440743
vt 0.546083 0.441344
vt 0.809923 0.481140
vt 0.809680 0.477082
vt 0.809923 0.485262
vt 0.809133 0.481377
vt 0.794816 0.481874
vt 0.793986 0.485388
vt 0.793920 0.481424
vt 0.793173 0.485316
vt 0.803798 0.498739
vt 0.803826 0.499526
vt 0.801757 0.498770
vt 0.801605 0.471744
vt 0.803773 0.470955
vt 0.803771 0.471783
vt 0.799125 0.471776
vt 0.801312 0.473562
vt 0.801239 0.470906
vt 0.801294 0.471744
vt 0.537312 0.448464
vt 0.808547 0.473235
vt 0.806116 0.472094
vt 0.806260 0.471305
vt 0.806150 0.497161
vt 0.805997 0.498428
vt 0.795156 0.474314
vt 0.793980 0.477533
vt 0.794852 0.473847
vt 0.808328 0.497242
vt 0.797056 0.497177
vt 0.795355 0.496707
vt 0.795622 0.496239
vt 0.809419 0.493474
vt 0.794405 0.493203
vt 0.795033 0.493102
vt 0.793755 0.493505
vt 0.794879 0.497266
vt 0.797221 0.498444
vt 0.797034 0.499190
vt 0.796661 0.473362
vt 0.796791 0.472085
vt 0.794349 0.473301
vt 0.793315 0.477171
vt 0.793131 0.481215
vt 0.806191 0.499174
vt 0.809808 0.489383
vt 0.809022 0.489324
vt 0.795020 0.489829
vt 0.799008 0.470946
vt 0.794652 0.478020
vt 0.546083 0.441202
vt 0.541877 0.441051
vt 0.794109 0.489352
vt 0.794891 0.485773
vt 0.793336 0.489556
vt 0.554932 0.441339
vt 0.558407 0.441342
vt 0.793327 0.489415
vt 0.801546 0.485815
vt 0.801517 0.480896
vt 0.532096 0.441166
vt 0.534296 0.441182
vt 0.558406 0.441221
vt 0.801469 0.473562
vt 0.801573 0.490967
vt 0.801602 0.496959
vt 0.801449 0.471744
vt 0.801553 0.470906
vt 0.801611 0.498770
vt 0.801685 0.499566
vt 0.801614 0.499566
vt 0.534672 0.438575
vt 0.809800 0.489523
vt 0.561960 0.441344
vt 0.563159 0.441339
vt 0.541811 0.450985
vt 0.554406 0.441278
vt 0.550208 0.441262
vt 0.558406 0.441281
vt 0.534295 0.441017
vt 0.537541 0.440908
vt 0.801572 0.490732
vt 0.565266 0.441285
vt 0.566394 0.441282
vt 0.801396 0.470906
vt 0.801544 0.499566
vt 0.554786 0.441278
vt 0.554931 0.441278
vt 0.561959 0.441286
vt 0.558500 0.429664
vt 0.554531 0.445418
vt 0.561960 0.441229
vt 0.798660 0.490958
vt 0.554247 0.448273
vt 0.554174 0.450758
vt 0.563157 0.441288
vt 0.564446 0.441286
vt 0.562585 0.432751
vt 0.554590 0.441278
vt 0.794114 0.489489
vt 0.809018 0.489461
vt 0.554346 0.437113
vt 0.554330 0.435130
vt 0.554273 0.447413
vt 0.554115 0.431839
vt 0.554377 0.445461
vt 0.554361 0.447418
vt 0.554722 0.441209
vt 0.554400 0.439235
vt 0.554406 0.441417
vt 0.804486 0.490947
vt 0.554404 0.453172
vt 0.554241 0.435134
vt 0.554291 0.450758
vt 0.554277 0.445456
vt 0.554586 0.441125
vt 0.554293 0.439215
vt 0.554303 0.443356
vt 0.554491 0.447328
vt 0.534605 0.438577
vt 0.564688 0.445453
vt 0.564072 0.448396
vt 0.519705 0.827320
vt 0.519275 0.827582
vt 0.519330 0.827229
vt 0.519708 0.828540
vt 0.519245 0.828288
vt 0.519695 0.828230
vt 0.519210 0.827930
vt 0.519737 0.827948
vt 0.519728 0.827643
vt 0.521152 0.828235
vt 0.521160 0.827945
vt 0.521212 0.827403
vt 0.524630 0.828245
vt 0.521211 0.828501
vt 0.524569 0.827977
vt 0.521211 0.827678
vt 0.524640 0.827699
vt 0.528199 0.827982
vt 0.528278 0.827700
vt 0.528287 0.828257
vt 0.524704 0.828519
vt 0.524707 0.827425
vt 0.535737 0.827694
vt 0.539588 0.827969
vt 0.535693 0.827978
vt 0.531976 0.828256
vt 0.531896 0.827981
vt 0.535793 0.827415
vt 0.539588 0.827680
vt 0.549011 0.727253
vt 0.549325 0.723878
vt 0.549336 0.727217
vt 0.528368 0.827422
vt 0.531963 0.827698
vt 0.535749 0.828252
vt 0.528366 0.828536
vt 0.532044 0.827421
vt 0.539589 0.828258
vt 0.535794 0.828539
vt 0.532045 0.828539
vt 0.541444 0.828272
vt 0.539589 0.828551
vt 0.541448 0.827968
vt 0.539588 0.827388
vt 0.541445 0.827664
vt 0.543073 0.828289
vt 0.541441 0.828574
vt 0.543075 0.827963
vt 0.541440 0.827362
vt 0.543073 0.827649
vt 0.544559 0.828290
vt 0.543071 0.828599
vt 0.544556 0.827977
vt 0.544563 0.827343
vt 0.543071 0.827336
vt 0.545971 0.828565
vt 0.544563 0.828602
vt 0.545946 0.828267
vt 0.545951 0.827678
vt 0.544559 0.827652
vt 0.545971 0.827380
vt 0.547478 0.828262
vt 0.547429 0.827971
vt 0.545928 0.827972
vt 0.547493 0.827683
vt 0.548986 0.720397
vt 0.548975 0.723870
vt 0.548646 0.720401
vt 0.548635 0.723862
vt 0.549661 0.727234
vt 0.549668 0.723867
vt 0.549978 0.720395
vt 0.550011 0.723859
vt 0.412341 0.611827
vt 0.412615 0.608123
vt 0.412605 0.611781
vt 0.548662 0.727276
vt 0.549648 0.720402
vt 0.549316 0.720403
vt 0.549992 0.727270
vt 0.549649 0.718726
vt 0.549312 0.718727
vt 0.548626 0.718733
vt 0.549656 0.717076
vt 0.549988 0.718730
vt 0.548968 0.718728
vt 0.549307 0.717076
vt 0.548602 0.717083
vt 0.549669 0.715445
vt 0.550008 0.717081
vt 0.548954 0.717077
vt 0.549307 0.715445
vt 0.548571 0.715444
vt 0.549996 0.713685
vt 0.550032 0.715445
vt 0.549311 0.713690
vt 0.548962 0.713699
vt 0.548940 0.715445
vt 0.549315 0.710422
vt 0.549653 0.713681
vt 0.548614 0.713682
vt 0.548987 0.710419
vt 0.549954 0.710419
vt 0.549634 0.710427
vt 0.549434 0.681831
vt 0.549680 0.685339
vt 0.549411 0.685372
vt 0.549665 0.689009
vt 0.549385 0.689033
vt 0.549922 0.707024
vt 0.549616 0.707028
vt 0.549655 0.692818
vt 0.549946 0.689029
vt 0.549952 0.692826
vt 0.549131 0.685397
vt 0.548812 0.689022
vt 0.548853 0.685361
vt 0.549354 0.692840
vt 0.549607 0.699966
vt 0.549303 0.703320
vt 0.549302 0.699956
vt 0.549948 0.685367
vt 0.549954 0.681828
vt 0.549911 0.703331
vt 0.549609 0.703324
vt 0.548998 0.707023
vt 0.548660 0.710421
vt 0.548684 0.707026
vt 0.549099 0.689051
vt 0.549904 0.697670
vt 0.549907 0.699985
vt 0.549609 0.697670
vt 0.549020 0.697657
vt 0.549002 0.699974
vt 0.548714 0.697661
vt 0.548696 0.699984
vt 0.548998 0.703328
vt 0.548692 0.703332
vt 0.549313 0.707025
vt 0.549163 0.681850
vt 0.549315 0.697661
vt 0.549052 0.692843
vt 0.548748 0.692815
vt 0.549693 0.681807
vt 0.549970 0.678413
vt 0.549459 0.678399
vt 0.549196 0.678420
vt 0.548894 0.681820
vt 0.549717 0.678390
vt 0.549964 0.675126
vt 0.549482 0.675105
vt 0.549235 0.675130
vt 0.548934 0.678405
vt 0.549273 0.672069
vt 0.548988 0.675118
vt 0.549509 0.672056
vt 0.549724 0.675098
vt 0.549728 0.672019
vt 0.549989 0.669035
vt 0.549955 0.672034
vt 0.549532 0.669066
vt 0.549300 0.669091
vt 0.549040 0.672026
vt 0.549764 0.669009
vt 0.549997 0.665929
vt 0.549540 0.665927
vt 0.549314 0.665938
vt 0.549071 0.669036
vt 0.816288 0.367012
vt 0.816063 0.362679
vt 0.816336 0.362598
vt 0.815731 0.367038
vt 0.816008 0.367073
vt 0.815460 0.366941
vt 0.815788 0.362610
vt 0.549781 0.662425
vt 0.549769 0.665918
vt 0.549131 0.662397
vt 0.549083 0.665926
vt 0.549563 0.662397
vt 0.815253 0.362583
vt 0.815522 0.362522
vt 0.815645 0.371451
vt 0.815927 0.371475
vt 0.815368 0.371390
vt 0.815188 0.366993
vt 0.816211 0.371446
vt 0.815359 0.375990
vt 0.815090 0.371423
vt 0.815647 0.375989
vt 0.816230 0.375996
vt 0.815938 0.375996
vt 0.815108 0.382899
vt 0.815071 0.375993
vt 0.815967 0.382897
vt 0.815680 0.382898
vt 0.816004 0.391154
vt 0.816254 0.382894
vt 0.815717 0.391152
vt 0.815394 0.382893
vt 0.815141 0.391154
vt 0.815429 0.391156
vt 0.816028 0.396473
vt 0.816292 0.391150
vt 0.816318 0.396471
vt 0.815739 0.396475
vt 0.815155 0.396475
vt 0.815446 0.396475
vt 0.815749 0.404126
vt 0.816036 0.404123
vt 0.815461 0.404130
vt 0.816323 0.404126
vt 0.816055 0.418913
vt 0.815762 0.414010
vt 0.816045 0.414007
vt 0.815471 0.409089
vt 0.815202 0.414011
vt 0.815186 0.409090
vt 0.815756 0.409088
vt 0.816326 0.409088
vt 0.816329 0.414009
vt 0.816041 0.409086
vt 0.815484 0.414011
vt 0.815773 0.418937
vt 0.815491 0.418913
vt 0.815210 0.418894
vt 0.815489 0.421876
vt 0.815217 0.421840
vt 0.816026 0.421871
vt 0.815218 0.423295
vt 0.815757 0.421905
vt 0.815486 0.423321
vt 0.816012 0.423325
vt 0.816283 0.423314
vt 0.816302 0.421847
vt 0.815176 0.424088
vt 0.815721 0.424114
vt 0.815750 0.423338
vt 0.816004 0.424117
vt 0.121492 0.887732
vt 0.121211 0.887642
vt 0.121241 0.887614
vt 0.120880 0.891573
vt 0.120839 0.890242
vt 0.121535 0.890475
vt 0.121147 0.887328
vt 0.121075 0.887287
vt 0.121805 0.887697
vt 0.121488 0.887784
vt 0.119282 0.889954
vt 0.121829 0.887766
vt 0.122227 0.887462
vt 0.122227 0.890819
vt 0.121215 0.891797
vt 0.119707 0.891374
vt 0.120149 0.890083
vt 0.120112 0.891313
vt 0.120513 0.891399
vt 0.412538 0.587191
vt 0.412525 0.582948
vt 0.412264 0.587209
vt 0.411958 0.583008
vt 0.412252 0.582980
vt 0.411990 0.589314
vt 0.411984 0.587192
vt 0.412540 0.589271
vt 0.412830 0.589275
vt 0.413085 0.587186
vt 0.413272 0.598060
vt 0.412878 0.602472
vt 0.412877 0.598032
vt 0.412597 0.602471
vt 0.412605 0.598001
vt 0.412300 0.593646
vt 0.412571 0.593611
vt 0.412265 0.598031
vt 0.412022 0.593681
vt 0.413109 0.589309
vt 0.412846 0.593644
vt 0.413116 0.593676
vt 0.412263 0.589308
vt 0.412318 0.602474
vt 0.412021 0.598063
vt 0.412315 0.604649
vt 0.412035 0.602477
vt 0.412604 0.604651
vt 0.413163 0.602475
vt 0.412896 0.604647
vt 0.412289 0.606483
vt 0.412018 0.604645
vt 0.412609 0.606484
vt 0.413190 0.604642
vt 0.412933 0.606483
vt 0.412020 0.608124
vt 0.411983 0.606484
vt 0.412318 0.608121
vt 0.412913 0.608124
vt 0.413210 0.608123
vt 0.413239 0.606480
vt 0.412890 0.611851
vt 0.413178 0.611902
vt 0.060041 0.694745
vt 0.060321 0.696777
vt 0.060051 0.696784
vt 0.059761 0.694753
vt 0.059790 0.696790
vt 0.059528 0.696787
vt 0.059249 0.696791
vt 0.059479 0.694749
vt 0.060266 0.692592
vt 0.060318 0.694735
vt 0.059998 0.692592
vt 0.059470 0.692600
vt 0.059197 0.692606
vt 0.059204 0.694749
vt 0.059980 0.690412
vt 0.059735 0.692593
vt 0.059709 0.690418
vt 0.059162 0.690415
vt 0.059953 0.688233
vt 0.060246 0.690404
vt 0.059694 0.688247
vt 0.059437 0.690415
vt 0.059417 0.688246
vt 0.059366 0.667475
vt 0.059649 0.673940
vt 0.059347 0.673944
vt 0.059133 0.645227
vt 0.059461 0.638729
vt 0.059423 0.645233
vt 0.059744 0.638727
vt 0.059499 0.632457
vt 0.059770 0.632449
vt 0.529519 0.727104
vt 0.529815 0.733478
vt 0.529539 0.733518
vt 0.529210 0.720647
vt 0.528966 0.727085
vt 0.528933 0.720647
vt 0.060302 0.632440
vt 0.060018 0.638721
vt 0.060035 0.632430
vt 0.529186 0.717135
vt 0.528902 0.717144
vt 0.059973 0.654028
vt 0.060241 0.660480
vt 0.059954 0.660476
vt 0.528988 0.739904
vt 0.529261 0.733537
vt 0.529276 0.739949
vt 0.059527 0.626221
vt 0.059801 0.626217
vt 0.529242 0.727126
vt 0.059406 0.648243
vt 0.059683 0.654032
vt 0.059386 0.654033
vt 0.528985 0.733500
vt 0.530043 0.720643
vt 0.529791 0.727061
vt 0.529764 0.720642
vt 0.059672 0.660483
vt 0.059945 0.667504
vt 0.059662 0.667496
vt 0.529165 0.713318
vt 0.059054 0.680102
vt 0.059364 0.684023
vt 0.059083 0.684016
vt 0.059998 0.648253
vt 0.059920 0.680072
vt 0.060212 0.676912
vt 0.060197 0.680098
vt 0.529845 0.739880
vt 0.529566 0.739926
vt 0.059643 0.680049
vt 0.059930 0.676893
vt 0.529471 0.717137
vt 0.529487 0.720645
vt 0.529472 0.709808
vt 0.529765 0.706468
vt 0.529762 0.709803
vt 0.059644 0.676884
vt 0.059951 0.673932
vt 0.530055 0.709805
vt 0.060292 0.638725
vt 0.059998 0.645229
vt 0.059347 0.680076
vt 0.059664 0.684013
vt 0.059230 0.632436
vt 0.059256 0.626209
vt 0.060287 0.648251
vt 0.060267 0.654032
vt 0.059374 0.660486
vt 0.060240 0.673936
vt 0.528917 0.703148
vt 0.529198 0.706474
vt 0.528915 0.706468
vt 0.059932 0.684002
vt 0.529776 0.703147
vt 0.530049 0.706471
vt 0.059180 0.638720
vt 0.529494 0.703151
vt 0.529205 0.703153
vt 0.530063 0.727080
vt 0.530092 0.733496
vt 0.529463 0.713316
vt 0.529762 0.717142
vt 0.528896 0.709802
vt 0.528864 0.713314
vt 0.060228 0.667484
vt 0.060321 0.626215
vt 0.060061 0.626208
vt 0.059714 0.645232
vt 0.059072 0.667482
vt 0.059083 0.660477
vt 0.529183 0.709810
vt 0.529483 0.706473
vt 0.059037 0.673935
vt 0.059340 0.676902
vt 0.059037 0.676912
vt 0.059093 0.654029
vt 0.530080 0.713314
vt 0.529772 0.713313
vt 0.059702 0.648246
vt 0.530055 0.717141
vt 0.059105 0.648248
vt 0.060218 0.688229
vt 0.059145 0.688235
vt 0.060281 0.645231
vt 0.529501 0.699693
vt 0.528902 0.699692
vt 0.529793 0.699689
vt 0.530060 0.703151
vt 0.529201 0.699695
vt 0.529505 0.695784
vt 0.529814 0.695793
vt 0.530086 0.699694
vt 0.530100 0.693001
vt 0.530121 0.695789
vt 0.529509 0.693006
vt 0.529206 0.693009
vt 0.529190 0.695779
vt 0.528874 0.695788
vt 0.530088 0.689857
vt 0.529803 0.693000
vt 0.529800 0.689846
vt 0.528995 0.680937
vt 0.529269 0.678125
vt 0.529261 0.681031
vt 0.529513 0.689870
vt 0.529217 0.689882
vt 0.530075 0.683843
vt 0.529801 0.686790
vt 0.529800 0.683815
vt 0.529527 0.683875
vt 0.529519 0.686823
vt 0.529247 0.683903
vt 0.529229 0.686838
vt 0.528941 0.686802
vt 0.528970 0.683841
vt 0.529538 0.678072
vt 0.529796 0.680894
vt 0.529536 0.680987
vt 0.530053 0.678012
vt 0.530065 0.680938
vt 0.529785 0.677960
vt 0.530018 0.673745
vt 0.529549 0.673702
vt 0.529276 0.673758
vt 0.529021 0.678013
vt 0.529749 0.673691
vt 0.530064 0.668060
vt 0.529542 0.668097
vt 0.529270 0.668174
vt 0.529074 0.673746
vt 0.530079 0.662252
vt 0.529785 0.667980
vt 0.529808 0.662135
vt 0.529562 0.658976
vt 0.529823 0.660719
vt 0.529566 0.660835
vt 0.529047 0.660808
vt 0.529322 0.659063
vt 0.529302 0.660932
vt 0.529566 0.662315
vt 0.529295 0.662434
vt 0.529031 0.668057
vt 0.537390 0.450464
vt 0.541868 0.451234
vt 0.537499 0.431847
vt 0.541989 0.431273
vt 0.558177 0.431943
vt 0.534570 0.443394
vt 0.564816 0.445442
vt 0.546226 0.451441
vt 0.541872 0.451070
vt 0.564684 0.437111
vt 0.564719 0.443142
vt 0.562612 0.432621
vt 0.564897 0.443119
vt 0.562603 0.449815
vt 0.558216 0.450761
vt 0.558195 0.450613
vt 0.564629 0.441341
vt 0.564575 0.441341
vt 0.564781 0.443128
vt 0.558199 0.431796
vt 0.554300 0.431603
vt 0.564812 0.437121
vt 0.554272 0.431783
vt 0.535021 0.436038
vt 0.536033 0.432965
vt 0.554156 0.431596
vt 0.550358 0.430863
vt 0.534881 0.436051
vt 0.534712 0.446068
vt 0.535802 0.449196
vt 0.535687 0.449282
vt 0.564629 0.441231
vt 0.564897 0.439455
vt 0.546217 0.451619
vt 0.546288 0.430826
vt 0.541955 0.431115
vt 0.535619 0.449289
vt 0.546312 0.431002
vt 0.554318 0.450939
vt 0.534367 0.440856
vt 0.534508 0.440980
vt 0.534366 0.441019
vt 0.534507 0.441139
vt 0.534367 0.441181
vt 0.534846 0.446016
vt 0.535918 0.432936
vt 0.562631 0.449945
vt 0.562724 0.450009
vt 0.564167 0.434121
vt 0.537469 0.431722
vt 0.537366 0.431654
vt 0.554174 0.450945
vt 0.550319 0.451467
vt 0.534440 0.443440
vt 0.550328 0.451643
vt 0.534511 0.440820
vt 0.564575 0.441230
vt 0.550356 0.431040
vt 0.564183 0.448422
vt 0.537382 0.450322
vt 0.537308 0.450226
vt 0.564448 0.441340
vt 0.884450 0.985059
vt 0.884985 0.985965
vt 0.884445 0.985851
vt 0.883225 0.985966
vt 0.883661 0.985839
vt 0.883224 0.984900
vt 0.884985 0.984897
vt 0.883664 0.985051
vt 0.885575 0.985952
vt 0.883222 0.984437
vt 0.884984 0.984308
vt 0.882762 0.985957
vt 0.882760 0.984891
vt 0.883225 0.986429
vt 0.794251 0.959289
vt 0.794552 0.959691
vt 0.794082 0.959762
vt 0.794145 0.958969
vt 0.793770 0.959387
vt 0.793771 0.958824
vt 0.794530 0.959120
vt 0.794905 0.958702
vt 0.794905 0.959265
vt 0.794424 0.958800
vt 0.794123 0.958398
vt 0.794593 0.958327
vt 0.794342 0.916645
vt 0.793514 0.917115
vt 0.793506 0.916639
vt 0.794379 0.893477
vt 0.793581 0.892910
vt 0.794417 0.892915
vt 0.794404 0.896515
vt 0.793581 0.896034
vt 0.794417 0.896039
vt 0.794357 0.894991
vt 0.793551 0.895548
vt 0.793521 0.894985
vt 0.794350 0.894439
vt 0.793515 0.894433
vt 0.794386 0.895553
vt 0.794390 0.897067
vt 0.793568 0.896509
vt 0.794343 0.893963
vt 0.793544 0.893471
vt 0.413155 0.582795
vt 0.412914 0.582259
vt 0.413272 0.582405
vt 0.411902 0.582776
vt 0.412144 0.582311
vt 0.412229 0.582760
vt 0.412527 0.582218
vt 0.412517 0.582780
vt 0.412812 0.582723
vt 0.353519 0.963384
vt 0.353820 0.963785
vt 0.353350 0.963856
vt 0.353413 0.963064
vt 0.353038 0.963482
vt 0.353039 0.962919
vt 0.353798 0.963214
vt 0.354173 0.962797
vt 0.354173 0.963360
vt 0.353692 0.962894
vt 0.353391 0.962493
vt 0.353861 0.962421
vt 0.794379 0.916159
vt 0.793581 0.915592
vt 0.794416 0.915597
vt 0.794403 0.919197
vt 0.793581 0.918716
vt 0.794416 0.918721
vt 0.794356 0.917673
vt 0.793550 0.918229
vt 0.793520 0.917668
vt 0.794349 0.917121
vt 0.794386 0.918235
vt 0.794389 0.919749
vt 0.793567 0.919191
vt 0.793543 0.916153
vt 0.353793 0.922884
vt 0.353597 0.923097
vt 0.353038 0.922166
vt 0.354743 0.923903
vt 0.354343 0.923218
vt 0.354395 0.923221
vt 0.354145 0.923381
vt 0.353277 0.923918
vt 0.353755 0.923293
vt 0.354133 0.922867
vt 0.354743 0.922290
vt 0.080923 0.663534
vt 0.080224 0.663486
vt 0.079705 0.663496
vt 0.081866 0.662790
vt 0.081437 0.663581
vt 0.353633 0.923171
vt 0.353631 0.923100
vt 0.353579 0.923196
vt 0.354410 0.923133
vt 0.354365 0.923126
vt 0.530086 0.660812
vt 0.529057 0.662249
vt 0.530066 0.658946
vt 0.528905 0.693000
vt 0.528923 0.689856
vt 0.530083 0.686806
vt 0.816336 0.418902
vt 0.793507 0.893958
vt 0.549347 0.662373
vt 0.549590 0.658893
vt 0.549170 0.658898
vt 0.549381 0.658858
vt 0.549811 0.658937
vt 0.550000 0.662405
vt 0.713872 0.801764
vt 0.642086 0.800185
vt 0.713825 0.800361
vt 0.231779 0.428481
vt 0.167365 0.501463
vt 0.151635 0.428682
vt 0.250360 0.091532
vt 0.240758 0.165352
vt 0.240308 0.165311
vt 0.278148 0.606279
vt 0.351718 0.593185
vt 0.338624 0.606279
vt 0.556142 0.564186
vt 0.432936 0.564689
vt 0.432569 0.564071
vt 0.239874 0.165188
vt 0.349533 0.165389
vt 0.340030 0.091557
vt 0.350038 0.165343
vt 0.350530 0.165203
vt 0.506781 0.392466
vt 0.506267 0.409820
vt 0.504059 0.392819
vt 0.502956 0.384319
vt 0.433581 0.452322
vt 0.431963 0.443469
vt 0.434685 0.443822
vt 0.439099 0.409820
vt 0.438585 0.392466
vt 0.441307 0.392819
vt 0.431721 0.426150
vt 0.436892 0.426821
vt 0.511438 0.409149
vt 0.508474 0.426821
vt 0.442411 0.384319
vt 0.513403 0.443469
vt 0.513645 0.426150
vt 0.298346 0.464787
vt 0.296283 0.481956
vt 0.294060 0.464685
vt 0.330595 0.516176
vt 0.305981 0.525199
vt 0.304960 0.516220
vt 0.330595 0.455856
vt 0.362844 0.464787
vt 0.330595 0.464819
vt 0.301682 0.525316
vt 0.300674 0.516326
vt 0.299056 0.516487
vt 0.364037 0.455828
vt 0.367130 0.464685
vt 0.368336 0.455720
vt 0.368750 0.464552
vt 0.297153 0.455828
vt 0.292853 0.455720
vt 0.292440 0.464552
vt 0.291243 0.455564
vt 0.504941 0.443822
vt 0.506982 0.426821
vt 0.509189 0.443822
vt 0.294654 0.481932
vt 0.300577 0.481987
vt 0.298490 0.499049
vt 0.296861 0.499103
vt 0.302783 0.499013
vt 0.330595 0.482007
vt 0.330595 0.498988
vt 0.356230 0.516220
vt 0.355209 0.525199
vt 0.330595 0.525145
vt 0.358407 0.499013
vt 0.360516 0.516326
vt 0.359507 0.525316
vt 0.362134 0.516487
vt 0.361114 0.525496
vt 0.362700 0.499049
vt 0.360613 0.481987
vt 0.364906 0.481956
vt 0.364328 0.499103
vt 0.366535 0.481932
vt 0.510682 0.443822
vt 0.511785 0.452322
vt 0.168621 0.007506
vt 0.221260 0.053306
vt 0.168536 0.053383
vt 0.115941 0.007537
vt 0.115940 0.053399
vt 0.168514 0.099120
vt 0.115941 0.099120
vt 0.221222 0.099120
vt 0.115941 0.144840
vt 0.168536 0.144856
vt 0.115941 0.190703
vt 0.168621 0.190733
vt 0.221259 0.144933
vt 0.221423 0.190887
vt 0.010659 0.099120
vt 0.063346 0.144856
vt 0.010622 0.144934
vt 0.063260 0.190733
vt 0.010458 0.190888
vt 0.010621 0.053306
vt 0.063259 0.007506
vt 0.063346 0.053383
vt 0.063367 0.099120
vt 0.808356 0.828706
vt 0.808195 0.822184
vt 0.829332 0.829031
vt 0.553921 0.598202
vt 0.433646 0.597465
vt 0.553216 0.597476
vt 0.587516 0.007694
vt 0.588259 0.091460
vt 0.587581 0.091345
vt 0.257738 0.007352
vt 0.370739 0.072959
vt 0.257738 0.072959
vt 0.586034 0.008994
vt 0.586823 0.091048
vt 0.585993 0.090644
vt 0.651828 0.452466
vt 0.740397 0.453874
vt 0.650432 0.453874
vt 0.345980 0.830118
vt 0.327466 0.824376
vt 0.328462 0.823284
vt 0.413272 0.463503
vt 0.412663 0.535486
vt 0.412831 0.463239
vt 0.403493 0.539702
vt 0.404545 0.455905
vt 0.404187 0.539587
vt 0.659675 0.597051
vt 0.575014 0.597505
vt 0.574831 0.597052
vt 0.383263 0.557040
vt 0.370728 0.600925
vt 0.370168 0.543945
vt 0.586828 0.008273
vt 0.625903 0.492277
vt 0.631982 0.472324
vt 0.631982 0.492277
vt 0.114615 0.566400
vt 0.229267 0.572116
vt 0.108257 0.571926
vt 0.405785 0.538889
vt 0.412263 0.556336
vt 0.405905 0.561862
vt 0.625903 0.563166
vt 0.270344 0.454414
vt 0.262134 0.531274
vt 0.265317 0.451089
vt 0.033841 0.344120
vt 0.010644 0.364320
vt 0.010456 0.344044
vt 0.271849 0.455079
vt 0.267815 0.537338
vt 0.271091 0.454872
vt 0.343746 0.803255
vt 0.271959 0.804834
vt 0.270760 0.803255
vt 0.266244 0.428541
vt 0.263911 0.451032
vt 0.264773 0.428481
vt 0.107507 0.572661
vt 0.239874 0.007352
vt 0.239874 0.072959
vt 0.388604 0.007352
vt 0.370739 0.007352
vt 0.012945 0.512564
vt 0.122753 0.511670
vt 0.122986 0.512565
vt 0.618708 0.770033
vt 0.617305 0.755683
vt 0.618708 0.755683
vt 0.556058 0.007413
vt 0.558383 0.029900
vt 0.556977 0.029957
vt 0.579467 0.108078
vt 0.579653 0.087480
vt 0.321923 0.344106
vt 0.345128 0.364269
vt 0.321926 0.364272
vt 0.555771 0.564811
vt 0.433580 0.565305
vt 0.554296 0.566115
vt 0.434396 0.565990
vt 0.440762 0.571487
vt 0.547334 0.572064
vt 0.441305 0.571934
vt 0.607453 0.576758
vt 0.601375 0.472777
vt 0.607453 0.472777
vt 0.551945 0.033279
vt 0.560136 0.110207
vt 0.555142 0.115533
vt 0.579124 0.087222
vt 0.578731 0.015317
vt 0.579173 0.015041
vt 0.404629 0.563266
vt 0.404318 0.563769
vt 0.405154 0.562597
vt 0.404953 0.539292
vt 0.585811 0.113626
vt 0.586565 0.114360
vt 0.587095 0.115018
vt 0.587404 0.115502
vt 0.230022 0.572850
vt 0.106982 0.573329
vt 0.230551 0.573508
vt 0.106670 0.573832
vt 0.115137 0.565950
vt 0.222923 0.566568
vt 0.551003 0.010164
vt 0.013177 0.511669
vt 0.122148 0.510981
vt 0.266403 0.646176
vt 0.308643 0.644772
vt 0.350883 0.644772
vt 0.659492 0.597505
vt 0.617252 0.598909
vt 0.575014 0.598909
vt 0.017091 0.835547
vt 0.010456 0.836150
vt 0.010456 0.835547
vt 0.265054 0.647729
vt 0.351506 0.647068
vt 0.352232 0.647728
vt 0.834786 0.362522
vt 0.835512 0.378669
vt 0.834786 0.379330
vt 0.406003 0.457202
vt 0.405221 0.456483
vt 0.579686 0.014556
vt 0.631932 0.440714
vt 0.625853 0.369744
vt 0.631932 0.369744
vt 0.239340 0.364284
vt 0.239337 0.344118
vt 0.122774 0.511651
vt 0.122148 0.498096
vt 0.122603 0.497475
vt 0.123245 0.497082
vt 0.014433 0.516420
vt 0.012953 0.516420
vt 0.553297 0.617358
vt 0.437440 0.621320
vt 0.431721 0.617358
vt 0.123237 0.512452
vt 0.125416 0.497084
vt 0.125474 0.515591
vt 0.351376 0.574735
vt 0.291243 0.543945
vt 0.351718 0.543945
vt 0.121515 0.516420
vt 0.122984 0.516420
vt 0.836446 0.378101
vt 0.837849 0.363752
vt 0.837849 0.378101
vt 0.166109 0.600695
vt 0.148908 0.606791
vt 0.157412 0.600761
vt 0.438765 0.592242
vt 0.548103 0.592252
vt 0.013781 0.498096
vt 0.571787 0.307736
vt 0.582544 0.318617
vt 0.571787 0.318617
vt 0.526868 0.307736
vt 0.516112 0.318617
vt 0.516112 0.307736
vt 0.537624 0.303470
vt 0.526868 0.303470
vt 0.549332 0.307736
vt 0.537624 0.318617
vt 0.537624 0.307736
vt 0.526868 0.318617
vt 0.504405 0.318617
vt 0.504405 0.307736
vt 0.582544 0.307736
vt 0.594243 0.318617
vt 0.549332 0.303470
vt 0.561031 0.307736
vt 0.561031 0.303470
vt 0.571787 0.303470
vt 0.504405 0.303470
vt 0.594243 0.303470
vt 0.582544 0.303470
vt 0.561031 0.318617
vt 0.549332 0.318617
vt 0.510293 0.452915
vt 0.506045 0.452322
vt 0.510293 0.452322
vt 0.439321 0.453418
vt 0.472683 0.452322
vt 0.472683 0.453872
vt 0.506045 0.453418
vt 0.497216 0.383223
vt 0.472683 0.384319
vt 0.472683 0.382769
vt 0.501464 0.383726
vt 0.497216 0.384319
vt 0.448151 0.383223
vt 0.448151 0.384319
vt 0.443903 0.383726
vt 0.443903 0.384319
vt 0.435073 0.452915
vt 0.439321 0.452322
vt 0.472683 0.392819
vt 0.436177 0.443822
vt 0.440425 0.443822
vt 0.498319 0.392819
vt 0.501464 0.384319
vt 0.502568 0.392819
vt 0.502734 0.426821
vt 0.504775 0.409820
vt 0.500527 0.409820
vt 0.444840 0.409820
vt 0.442799 0.392819
vt 0.447047 0.392819
vt 0.472683 0.426821
vt 0.472683 0.409820
vt 0.438384 0.426821
vt 0.442633 0.426821
vt 0.440591 0.409820
vt 0.472683 0.443822
vt 0.435073 0.452322
vt 0.547033 0.572489
vt 0.441594 0.572361
vt 0.578946 0.107626
vt 0.578585 0.107292
vt 0.578616 0.087109
vt 0.412318 0.462764
vt 0.412133 0.535743
vt 0.554332 0.598909
vt 0.432938 0.598190
vt 0.413146 0.555553
vt 0.413171 0.535373
vt 0.412785 0.555886
vt 0.222041 0.565782
vt 0.115498 0.565616
vt 0.626372 0.190760
vt 0.521135 0.184681
vt 0.626372 0.184681
vt 0.631932 0.349792
vt 0.625853 0.349792
vt 0.272039 0.431671
vt 0.272794 0.431840
vt 0.550439 0.033945
vt 0.554447 0.116270
vt 0.553761 0.116710
vt 0.117369 0.364303
vt 0.238433 0.344118
vt 0.238436 0.364285
vt 0.267120 0.536601
vt 0.551197 0.033737
vt 0.549503 0.010708
vt 0.550257 0.010540
vt 0.116347 0.344136
vt 0.033844 0.364316
vt 0.271294 0.431294
vt 0.660115 0.596613
vt 0.574390 0.596613
vt 0.266221 0.646629
vt 0.350883 0.646176
vt 0.351065 0.646629
vt 0.835512 0.363184
vt 0.835986 0.378267
vt 0.835986 0.363585
vt 0.573664 0.595952
vt 0.660841 0.595952
vt 0.619168 0.755517
vt 0.619168 0.770199
vt 0.619643 0.755115
vt 0.619643 0.770601
vt 0.620368 0.771262
vt 0.620368 0.754453
vt 0.013326 0.497475
vt 0.122986 0.496829
vt 0.012943 0.496828
vt 0.012944 0.494658
vt 0.013156 0.511651
vt 0.012684 0.497082
vt 0.012694 0.512452
vt 0.010514 0.497084
vt 0.432562 0.564890
vt 0.432028 0.564379
vt 0.431721 0.564921
vt 0.433196 0.565461
vt 0.432356 0.565262
vt 0.433982 0.566152
vt 0.433032 0.565840
vt 0.555120 0.565431
vt 0.554762 0.566307
vt 0.555743 0.566056
vt 0.554949 0.566777
vt 0.555556 0.565616
vt 0.556431 0.565477
vt 0.556198 0.565042
vt 0.557079 0.565135
vt 0.441232 0.572503
vt 0.440867 0.572159
vt 0.440643 0.572596
vt 0.440321 0.571681
vt 0.440129 0.572121
vt 0.548601 0.572339
vt 0.547829 0.572324
vt 0.548381 0.571838
vt 0.547883 0.571619
vt 0.548088 0.572824
vt 0.547447 0.572684
vt 0.433814 0.566559
vt 0.601375 0.472324
vt 0.607453 0.472324
vt 0.625853 0.441165
vt 0.631932 0.441165
vt 0.631982 0.563166
vt 0.625903 0.563678
vt 0.607453 0.577266
vt 0.601375 0.576758
vt 0.554526 0.597615
vt 0.553656 0.597317
vt 0.553831 0.596877
vt 0.555215 0.598054
vt 0.554326 0.598017
vt 0.431721 0.598121
vt 0.432581 0.598030
vt 0.432014 0.598620
vt 0.432527 0.598895
vt 0.432407 0.597681
vt 0.433255 0.597328
vt 0.548607 0.592041
vt 0.548845 0.591550
vt 0.116350 0.364303
vt 0.116858 0.344136
vt 0.116861 0.364303
vt 0.117366 0.344136
vt 0.238889 0.364285
vt 0.238886 0.344118
vt 0.433102 0.596944
vt 0.438311 0.592053
vt 0.813258 0.330539
vt 0.812667 0.329950
vt 0.812667 0.300398
vt 0.550186 0.806007
vt 0.550849 0.805338
vt 0.550655 0.805811
vt 0.369322 0.104503
vt 0.381790 0.148388
vt 0.368980 0.135294
vt 0.539963 0.209337
vt 0.612601 0.222432
vt 0.527123 0.222432
vt 0.814878 0.328887
vt 0.812667 0.270257
vt 0.608360 0.009004
vt 0.696676 0.007352
vt 0.695025 0.009004
vt 0.549198 0.747377
vt 0.550849 0.775866
vt 0.646441 0.230378
vt 0.733534 0.232029
vt 0.644822 0.232029
vt 0.339524 0.091603
vt 0.250811 0.091573
vt 0.124472 0.601963
vt 0.106670 0.592441
vt 0.124472 0.597269
vt 0.106670 0.606791
vt 0.148908 0.592441
vt 0.131106 0.597269
vt 0.131106 0.601963
vt 0.640887 0.840466
vt 0.647152 0.840939
vt 0.640887 0.840940
vt 0.033113 0.835547
vt 0.028419 0.836150
vt 0.028419 0.835547
vt 0.021784 0.835547
vt 0.017091 0.836150
vt 0.021784 0.836150
vt 0.848012 0.754680
vt 0.847828 0.759189
vt 0.847828 0.754496
vt 0.848012 0.759005
vt 0.854461 0.759189
vt 0.854461 0.754496
vt 0.854277 0.754680
vt 0.854277 0.759005
vt 0.927559 0.735936
vt 0.931826 0.734754
vt 0.930643 0.735936
vt 0.662067 0.840466
vt 0.657742 0.840939
vt 0.657742 0.840466
vt 0.647152 0.840466
vt 0.651477 0.840938
vt 0.651477 0.840465
vt 0.742147 0.843681
vt 0.739063 0.842224
vt 0.742147 0.842224
vt 0.855554 0.711664
vt 0.855146 0.708929
vt 0.855554 0.709337
vt 0.861411 0.708929
vt 0.861003 0.709337
vt 0.746147 0.843681
vt 0.743820 0.842224
vt 0.746147 0.842224
vt 0.861003 0.711664
vt 0.861411 0.713254
vt 0.751597 0.842224
vt 0.751597 0.843681
vt 0.855146 0.713254
vt 0.859821 0.712846
vt 0.856736 0.712846
vt 0.743820 0.843681
vt 0.737391 0.842224
vt 0.739063 0.843681
vt 0.737391 0.843681
vt 0.735063 0.842224
vt 0.926376 0.732427
vt 0.926376 0.734754
vt 0.989099 0.449026
vt 0.989400 0.449757
vt 0.989099 0.449758
vt 0.987590 0.449026
vt 0.987590 0.449758
vt 0.989097 0.447518
vt 0.989400 0.449025
vt 0.990908 0.449757
vt 0.990908 0.449025
vt 0.989101 0.451265
vt 0.989403 0.451265
vt 0.934410 0.209758
vt 0.933679 0.210061
vt 0.933678 0.209758
vt 0.934410 0.208250
vt 0.933678 0.208250
vt 0.935917 0.209756
vt 0.934410 0.210061
vt 0.933679 0.211568
vt 0.934410 0.211568
vt 0.932169 0.209762
vt 0.932170 0.210063
vt 0.120707 0.953065
vt 0.120406 0.952335
vt 0.120707 0.952333
vt 0.122215 0.952333
vt 0.120409 0.954573
vt 0.120709 0.954573
vt 0.118897 0.953066
vt 0.120406 0.953065
vt 0.120403 0.950827
vt 0.388191 0.829007
vt 0.396484 0.827484
vt 0.396484 0.829007
vt 0.191146 0.592441
vt 0.191146 0.606791
vt 0.370682 0.829007
vt 0.375290 0.827484
vt 0.375290 0.829007
vt 0.215930 0.845724
vt 0.209733 0.844262
vt 0.218027 0.844262
vt 0.166109 0.595829
vt 0.383583 0.827484
vt 0.383583 0.829007
vt 0.157366 0.595829
vt 0.249389 0.845371
vt 0.245290 0.844262
vt 0.249389 0.844262
vt 0.243875 0.845371
vt 0.244348 0.844262
vt 0.244348 0.845371
vt 0.237419 0.845371
vt 0.237891 0.844262
vt 0.237891 0.845371
vt 0.238834 0.845371
vt 0.242933 0.844262
vt 0.242933 0.845371
vt 0.954641 0.277195
vt 0.955080 0.278702
vt 0.954641 0.278525
vt 0.211831 0.847408
vt 0.218027 0.848870
vt 0.209733 0.848870
vt 0.216560 0.846802
vt 0.959179 0.277019
vt 0.959179 0.278702
vt 0.211831 0.845724
vt 0.211392 0.845901
vt 0.211200 0.846330
vt 0.211200 0.846802
vt 0.211392 0.847231
vt 0.215930 0.847408
vt 0.216368 0.847231
vt 0.216560 0.846330
vt 0.216368 0.845901
vt 0.244818 0.844262
vt 0.244818 0.845371
vt 0.245290 0.845371
vt 0.236950 0.844262
vt 0.237419 0.844262
vt 0.236476 0.845371
vt 0.236476 0.844262
vt 0.238834 0.844262
vt 0.238361 0.845371
vt 0.238361 0.844262
vt 0.243875 0.844262
vt 0.243405 0.845371
vt 0.243405 0.844262
vt 0.954450 0.278097
vt 0.959618 0.277195
vt 0.959618 0.278525
vt 0.959809 0.278097
vt 0.837369 0.072515
vt 0.837247 0.067537
vt 0.837368 0.067609
vt 0.837260 0.072603
vt 0.837000 0.067435
vt 0.846198 0.072515
vt 0.846273 0.067537
vt 0.846272 0.072588
vt 0.846376 0.067435
vt 0.846373 0.072690
vt 0.846199 0.067609
vt 0.837050 0.072754
vt 0.388191 0.827484
vt 0.354316 0.943169
vt 0.353046 0.943304
vt 0.353039 0.943169
vt 0.354337 0.942635
vt 0.353072 0.942501
vt 0.354347 0.942501
vt 0.354332 0.943437
vt 0.353067 0.943570
vt 0.353056 0.943437
vt 0.354318 0.942902
vt 0.353051 0.942768
vt 0.354327 0.942768
vt 0.354354 0.943972
vt 0.353079 0.943838
vt 0.354355 0.943838
vt 0.353061 0.942635
vt 0.354314 0.943036
vt 0.353043 0.942902
vt 0.353079 0.942368
vt 0.354354 0.942368
vt 0.354351 0.943704
vt 0.353075 0.943704
vt 0.354343 0.943570
vt 0.353038 0.943036
vt 0.354321 0.943304
vt 0.973652 0.165226
vt 0.973403 0.165292
vt 0.973518 0.165226
vt 0.973767 0.165292
vt 0.973335 0.165408
vt 0.973335 0.165542
vt 0.973835 0.165408
vt 0.973403 0.165658
vt 0.973518 0.165725
vt 0.973767 0.165658
vt 0.973835 0.165542
vt 0.795048 0.939209
vt 0.793778 0.939343
vt 0.793772 0.939209
vt 0.795070 0.938675
vt 0.793804 0.938541
vt 0.795079 0.938541
vt 0.795064 0.939477
vt 0.793799 0.939610
vt 0.793788 0.939477
vt 0.795050 0.938941
vt 0.793783 0.938808
vt 0.795059 0.938808
vt 0.795086 0.938407
vt 0.793812 0.938273
vt 0.795087 0.938273
vt 0.793794 0.938675
vt 0.795046 0.939075
vt 0.793774 0.938941
vt 0.793811 0.938407
vt 0.795084 0.939744
vt 0.793812 0.939877
vt 0.793808 0.939744
vt 0.795075 0.939610
vt 0.793770 0.939075
vt 0.795053 0.939343
vt 0.954703 0.165226
vt 0.954453 0.165293
vt 0.954569 0.165226
vt 0.954819 0.165293
vt 0.954386 0.165409
vt 0.954453 0.165658
vt 0.954386 0.165543
vt 0.954886 0.165409
vt 0.954569 0.165725
vt 0.954819 0.165658
vt 0.954886 0.165543
vt 0.428610 0.209337
vt 0.493059 0.282218
vt 0.433446 0.282162
vt 0.093208 0.838749
vt 0.090244 0.834474
vt 0.093216 0.834480
vt 0.097466 0.841894
vt 0.093206 0.841894
vt 0.097468 0.838749
vt 0.100448 0.834486
vt 0.100613 0.838712
vt 0.097474 0.831507
vt 0.097476 0.834480
vt 0.167214 0.838688
vt 0.164250 0.834414
vt 0.167222 0.834419
vt 0.171472 0.841834
vt 0.167213 0.841834
vt 0.171474 0.838688
vt 0.174455 0.834425
vt 0.174619 0.838652
vt 0.171480 0.831447
vt 0.171482 0.834419
vt 0.064210 0.838749
vt 0.061245 0.834474
vt 0.064218 0.834480
vt 0.068467 0.841894
vt 0.064207 0.841894
vt 0.068469 0.838749
vt 0.071450 0.834486
vt 0.071614 0.838713
vt 0.068475 0.831507
vt 0.068477 0.834480
vt 0.574892 0.838617
vt 0.571927 0.834342
vt 0.574900 0.834348
vt 0.579150 0.841762
vt 0.574890 0.841762
vt 0.579152 0.838617
vt 0.582133 0.834353
vt 0.582297 0.838580
vt 0.579158 0.831375
vt 0.579160 0.834348
vt 0.138215 0.838688
vt 0.135251 0.834414
vt 0.138223 0.834420
vt 0.142473 0.841834
vt 0.138213 0.841834
vt 0.142475 0.838688
vt 0.145456 0.834426
vt 0.145620 0.838652
vt 0.142481 0.831447
vt 0.142483 0.834420
vt 0.612113 0.838781
vt 0.607838 0.841745
vt 0.607844 0.838772
vt 0.615258 0.834522
vt 0.615258 0.838782
vt 0.612113 0.834520
vt 0.607850 0.831539
vt 0.612076 0.831375
vt 0.604871 0.834513
vt 0.607844 0.834511
vt 0.840570 0.335498
vt 0.836294 0.338461
vt 0.836301 0.335489
vt 0.843715 0.331240
vt 0.843715 0.335500
vt 0.840570 0.331237
vt 0.836307 0.328256
vt 0.840533 0.328092
vt 0.833328 0.331231
vt 0.836301 0.331228
vt 0.840569 0.306498
vt 0.836294 0.309462
vt 0.836301 0.306489
vt 0.843715 0.302240
vt 0.843715 0.306500
vt 0.840569 0.302237
vt 0.836306 0.299256
vt 0.840533 0.299093
vt 0.833328 0.302231
vt 0.836301 0.302228
vt 0.657674 0.571118
vt 0.653398 0.574082
vt 0.653404 0.571109
vt 0.660818 0.566860
vt 0.660818 0.571121
vt 0.657674 0.566858
vt 0.653411 0.563876
vt 0.657637 0.563713
vt 0.650432 0.566851
vt 0.653404 0.566849
vt 0.836179 0.191864
vt 0.833216 0.187589
vt 0.836189 0.187595
vt 0.840438 0.195009
vt 0.836177 0.195009
vt 0.840440 0.191864
vt 0.843422 0.187602
vt 0.843585 0.191828
vt 0.840447 0.184622
vt 0.840450 0.187595
vt 0.836473 0.277498
vt 0.833509 0.273222
vt 0.836482 0.273229
vt 0.840731 0.280643
vt 0.836470 0.280643
vt 0.840734 0.277498
vt 0.843716 0.273236
vt 0.843879 0.277462
vt 0.840741 0.270257
vt 0.840744 0.273229
vt 0.835712 0.144271
vt 0.832749 0.139995
vt 0.835722 0.140001
vt 0.839971 0.147416
vt 0.835710 0.147416
vt 0.839973 0.144271
vt 0.842956 0.140008
vt 0.843119 0.144235
vt 0.839981 0.137029
vt 0.839983 0.140001
vt 0.829776 0.021868
vt 0.826813 0.017592
vt 0.829786 0.017599
vt 0.834035 0.025013
vt 0.829774 0.025013
vt 0.834038 0.021868
vt 0.837020 0.017605
vt 0.837183 0.021832
vt 0.834045 0.014626
vt 0.834047 0.017599
vt 0.831517 0.478147
vt 0.828554 0.473871
vt 0.831527 0.473879
vt 0.835776 0.481293
vt 0.831515 0.481293
vt 0.835779 0.478147
vt 0.838762 0.473885
vt 0.838924 0.478112
vt 0.835786 0.470906
vt 0.835789 0.473879
vt 0.829289 0.716171
vt 0.826326 0.711895
vt 0.829299 0.711902
vt 0.833548 0.719316
vt 0.829286 0.719316
vt 0.833551 0.716171
vt 0.836534 0.711909
vt 0.836696 0.716135
vt 0.833559 0.708929
vt 0.833561 0.711902
vt 0.828324 0.237619
vt 0.825362 0.233343
vt 0.828334 0.233350
vt 0.832584 0.240765
vt 0.828321 0.240765
vt 0.832586 0.237619
vt 0.835569 0.233358
vt 0.835732 0.237584
vt 0.832594 0.230378
vt 0.832596 0.233350
vt 0.761991 0.450729
vt 0.759030 0.446453
vt 0.762002 0.446460
vt 0.766252 0.453874
vt 0.761989 0.453874
vt 0.766255 0.450729
vt 0.769238 0.446467
vt 0.769400 0.450694
vt 0.766263 0.443487
vt 0.766266 0.446460
vt 0.085123 0.686580
vt 0.085681 0.688440
vt 0.085120 0.688440
vt 0.489692 0.827229
vt 0.485034 0.828880
vt 0.485033 0.827229
vt 0.081576 0.686580
vt 0.081035 0.682035
vt 0.081602 0.682035
vt 0.489680 0.835088
vt 0.485023 0.833327
vt 0.489682 0.833327
vt 0.087455 0.682039
vt 0.085683 0.686580
vt 0.085694 0.682035
vt 0.498999 0.835088
vt 0.494341 0.833327
vt 0.499000 0.833327
vt 0.079274 0.682030
vt 0.081024 0.686580
vt 0.079163 0.686575
vt 0.499010 0.827229
vt 0.494352 0.828880
vt 0.494351 0.827229
vt 0.490271 0.827229
vt 0.489693 0.828880
vt 0.490249 0.833327
vt 0.490274 0.828880
vt 0.500662 0.828884
vt 0.499012 0.828880
vt 0.483384 0.828876
vt 0.483262 0.833323
vt 0.456493 0.337236
vt 0.461167 0.331303
vt 0.461152 0.337226
vt 0.378565 0.355471
vt 0.373629 0.351252
vt 0.378565 0.351242
vt 0.382824 0.351234
vt 0.383250 0.355462
vt 0.382824 0.355463
vt 0.387510 0.351224
vt 0.387936 0.355453
vt 0.387510 0.355454
vt 0.392196 0.351215
vt 0.392622 0.355444
vt 0.392196 0.355445
vt 0.402378 0.355425
vt 0.396882 0.351206
vt 0.402378 0.351195
vt 0.407064 0.355416
vt 0.406639 0.351186
vt 0.407065 0.351185
vt 0.411325 0.351177
vt 0.411751 0.355406
vt 0.411325 0.355407
vt 0.416013 0.351167
vt 0.416438 0.355397
vt 0.416012 0.355398
vt 0.420700 0.351158
vt 0.426196 0.355377
vt 0.420699 0.355388
vt 0.430458 0.351138
vt 0.430883 0.355367
vt 0.430457 0.355368
vt 0.435146 0.351128
vt 0.435571 0.355357
vt 0.435145 0.355358
vt 0.440259 0.355347
vt 0.439834 0.351118
vt 0.440260 0.351117
vt 0.444522 0.351109
vt 0.447224 0.355333
vt 0.444521 0.355339
vt 0.451912 0.355323
vt 0.451488 0.351094
vt 0.451914 0.351093
vt 0.456176 0.351084
vt 0.456601 0.355313
vt 0.456174 0.355314
vt 0.364541 0.351295
vt 0.369014 0.346120
vt 0.369370 0.351260
vt 0.485177 0.345890
vt 0.485937 0.351009
vt 0.485173 0.351019
vt 0.164191 0.811892
vt 0.169319 0.807852
vt 0.169318 0.812047
vt 0.101028 0.813055
vt 0.103278 0.808678
vt 0.103274 0.813056
vt 0.254657 0.183846
vt 0.258912 0.184635
vt 0.254656 0.184632
vt 0.373644 0.363525
vt 0.378580 0.364304
vt 0.373645 0.364312
vt 0.387526 0.356928
vt 0.387952 0.359179
vt 0.387526 0.359180
vt 0.249725 0.188514
vt 0.249725 0.184628
vt 0.373645 0.356956
vt 0.373630 0.355481
vt 0.373645 0.359206
vt 0.378580 0.363516
vt 0.378581 0.356946
vt 0.382840 0.359189
vt 0.378581 0.359196
vt 0.382841 0.356938
vt 0.383266 0.359188
vt 0.249726 0.183842
vt 0.382840 0.363509
vt 0.383266 0.364296
vt 0.382840 0.364297
vt 0.245472 0.184625
vt 0.240637 0.188504
vt 0.240643 0.184626
vt 0.259338 0.184636
vt 0.258912 0.188523
vt 0.175016 0.812234
vt 0.177277 0.807855
vt 0.177276 0.812233
vt 0.099331 0.808739
vt 0.099326 0.813054
vt 0.387952 0.363499
vt 0.387526 0.363500
vt 0.383266 0.363508
vt 0.173329 0.812168
vt 0.175017 0.807854
vt 0.264022 0.184639
vt 0.263595 0.188528
vt 0.263596 0.184639
vt 0.296800 0.183880
vt 0.302302 0.184673
vt 0.296800 0.184668
vt 0.357115 0.183938
vt 0.361252 0.184734
vt 0.357114 0.184726
vt 0.107564 0.809084
vt 0.107567 0.813058
vt 0.181563 0.811832
vt 0.501912 0.187840
vt 0.502669 0.187877
vt 0.502586 0.188527
vt 0.135841 0.811028
vt 0.135812 0.811788
vt 0.135162 0.811692
vt 0.485191 0.317530
vt 0.485216 0.316764
vt 0.485868 0.316841
vt 0.061841 0.809836
vt 0.061081 0.809821
vt 0.061162 0.809171
vt 0.381241 0.187831
vt 0.381217 0.188596
vt 0.380566 0.188518
vt 0.364544 0.317774
vt 0.363786 0.317738
vt 0.363869 0.317086
vt 0.107599 0.808325
vt 0.108215 0.808494
vt 0.364551 0.363533
vt 0.364525 0.364318
vt 0.363910 0.364215
vt 0.239887 0.184570
vt 0.240004 0.183943
vt 0.182324 0.811796
vt 0.182216 0.812424
vt 0.361279 0.183951
vt 0.361894 0.184053
vt 0.485158 0.363287
vt 0.485917 0.363337
vt 0.485801 0.363967
vt 0.135836 0.807850
vt 0.135082 0.811041
vt 0.135070 0.807852
vt 0.502685 0.184693
vt 0.501921 0.184689
vt 0.380473 0.184684
vt 0.381238 0.184682
vt 0.061832 0.813014
vt 0.061065 0.813010
vt 0.173328 0.812932
vt 0.485928 0.356716
vt 0.485169 0.355032
vt 0.485934 0.355022
vt 0.099329 0.807975
vt 0.101032 0.808675
vt 0.095350 0.808091
vt 0.095352 0.808855
vt 0.173330 0.807854
vt 0.452407 0.317589
vt 0.451831 0.316821
vt 0.452410 0.316819
vt 0.469142 0.188613
vt 0.468564 0.187843
vt 0.469145 0.187843
vt 0.103281 0.807914
vt 0.363784 0.356977
vt 0.364550 0.359222
vt 0.363788 0.359239
vt 0.485165 0.356721
vt 0.485923 0.358992
vt 0.485160 0.358978
vt 0.175016 0.812998
vt 0.177280 0.812997
vt 0.108324 0.809122
vt 0.108333 0.813057
vt 0.239874 0.188501
vt 0.362023 0.188612
vt 0.361258 0.188614
vt 0.181571 0.807858
vt 0.182337 0.807860
vt 0.369388 0.359213
vt 0.369386 0.363531
vt 0.481017 0.363303
vt 0.485186 0.364072
vt 0.481019 0.364093
vt 0.369387 0.356967
vt 0.369371 0.355489
vt 0.420717 0.359114
vt 0.426213 0.363423
vt 0.420716 0.363434
vt 0.181598 0.812591
vt 0.363794 0.363585
vt 0.468567 0.184682
vt 0.469151 0.184682
vt 0.369386 0.364320
vt 0.254656 0.188518
vt 0.245472 0.183839
vt 0.463900 0.188613
vt 0.461913 0.187843
vt 0.463902 0.187843
vt 0.447171 0.317599
vt 0.445184 0.316834
vt 0.447171 0.316830
vt 0.426214 0.364211
vt 0.420717 0.364222
vt 0.461916 0.184681
vt 0.463904 0.184681
vt 0.296799 0.188562
vt 0.364546 0.356979
vt 0.364542 0.355276
vt 0.420717 0.356858
vt 0.426214 0.359103
vt 0.245471 0.188509
vt 0.387952 0.364287
vt 0.387526 0.364288
vt 0.498082 0.184688
vt 0.501934 0.188606
vt 0.498079 0.187844
vt 0.480085 0.184685
vt 0.481354 0.316762
vt 0.498079 0.188614
vt 0.480082 0.187843
vt 0.095348 0.813050
vt 0.363779 0.355269
vt 0.363779 0.351288
vt 0.169317 0.812811
vt 0.258913 0.183849
vt 0.240618 0.183843
vt 0.357114 0.188611
vt 0.364521 0.317007
vt 0.380484 0.187868
vt 0.061812 0.809076
vt 0.362010 0.184680
vt 0.485950 0.317492
vt 0.090034 0.809010
vt 0.090030 0.813045
vt 0.090031 0.808247
vt 0.451830 0.317590
vt 0.468563 0.188613
vt 0.445196 0.322269
vt 0.445184 0.317603
vt 0.447183 0.322283
vt 0.451842 0.322274
vt 0.477885 0.187843
vt 0.473228 0.184683
vt 0.477888 0.184684
vt 0.477884 0.188613
vt 0.473225 0.187843
vt 0.461149 0.317571
vt 0.456490 0.316811
vt 0.461150 0.316802
vt 0.463347 0.317567
vt 0.463347 0.316798
vt 0.480081 0.188612
vt 0.455969 0.322265
vt 0.456490 0.317580
vt 0.456501 0.322265
vt 0.461160 0.322255
vt 0.481352 0.317533
vt 0.463358 0.322233
vt 0.140512 0.807849
vt 0.140511 0.811172
vt 0.485956 0.322189
vt 0.485192 0.322204
vt 0.140505 0.811937
vt 0.481363 0.322198
vt 0.164189 0.812656
vt 0.164191 0.807851
vt 0.452366 0.337244
vt 0.451837 0.331269
vt 0.452387 0.331268
vt 0.481347 0.345892
vt 0.463355 0.326645
vt 0.461158 0.326704
vt 0.445205 0.326670
vt 0.447180 0.326732
vt 0.481115 0.351034
vt 0.481112 0.355263
vt 0.445214 0.331148
vt 0.463353 0.331299
vt 0.368966 0.322426
vt 0.364540 0.345975
vt 0.364540 0.322299
vt 0.447176 0.337255
vt 0.451834 0.337245
vt 0.463350 0.337259
vt 0.445227 0.337334
vt 0.456496 0.331259
vt 0.363778 0.345967
vt 0.363778 0.322286
vt 0.447163 0.331145
vt 0.451839 0.326723
vt 0.461148 0.345922
vt 0.447172 0.345951
vt 0.463800 0.355298
vt 0.460864 0.351075
vt 0.463801 0.351068
vt 0.066362 0.809701
vt 0.066359 0.813020
vt 0.066355 0.808937
vt 0.373615 0.346110
vt 0.378551 0.346100
vt 0.382807 0.346092
vt 0.383234 0.346091
vt 0.383250 0.351233
vt 0.387507 0.346083
vt 0.387936 0.351223
vt 0.387935 0.346082
vt 0.392206 0.346073
vt 0.392622 0.351214
vt 0.392631 0.346072
vt 0.396887 0.346064
vt 0.402374 0.346053
vt 0.407050 0.346044
vt 0.411334 0.346035
vt 0.411752 0.351176
vt 0.415997 0.346025
vt 0.416424 0.346024
vt 0.416438 0.351167
vt 0.420684 0.346016
vt 0.426181 0.346005
vt 0.426197 0.351147
vt 0.430443 0.345996
vt 0.430869 0.345995
vt 0.430884 0.351137
vt 0.435130 0.345986
vt 0.435556 0.345985
vt 0.435572 0.351127
vt 0.368953 0.316990
vt 0.385642 0.187835
vt 0.461912 0.188614
vt 0.385640 0.188604
vt 0.368954 0.317760
vt 0.385644 0.184681
vt 0.439818 0.345977
vt 0.440244 0.345976
vt 0.445244 0.345965
vt 0.447226 0.351103
vt 0.455934 0.331260
vt 0.455913 0.337237
vt 0.452421 0.322273
vt 0.455955 0.317582
vt 0.472700 0.184683
vt 0.472695 0.187843
vt 0.473224 0.188613
vt 0.472691 0.188613
vt 0.455958 0.316812
vt 0.493821 0.828880
vt 0.493796 0.833327
vt 0.493819 0.827229
vt 0.085149 0.682035
vt 0.081573 0.688440
vt 0.081022 0.688440
vt 0.451831 0.345941
vt 0.452335 0.345940
vt 0.455882 0.345933
vt 0.456489 0.345931
vt 0.456602 0.351084
vt 0.476850 0.355271
vt 0.476853 0.351042
vt 0.463345 0.345928
vt 0.793826 0.139317
vt 0.811769 0.163002
vt 0.793764 0.163002
vt 0.476792 0.345901
vt 0.481016 0.358987
vt 0.481018 0.356727
vt 0.263596 0.183852
vt 0.259338 0.183849
vt 0.259337 0.188524
vt 0.383266 0.356936
vt 0.392212 0.356918
vt 0.392638 0.359170
vt 0.392212 0.359171
vt 0.268707 0.184643
vt 0.268281 0.188533
vt 0.268281 0.184643
vt 0.392212 0.363491
vt 0.392638 0.364278
vt 0.392212 0.364280
vt 0.392638 0.363491
vt 0.268282 0.183856
vt 0.264022 0.183853
vt 0.264021 0.188529
vt 0.387952 0.356927
vt 0.392639 0.356916
vt 0.396899 0.359162
vt 0.272968 0.184647
vt 0.268707 0.188534
vt 0.396899 0.364270
vt 0.396898 0.363482
vt 0.268707 0.183856
vt 0.396882 0.355436
vt 0.396899 0.356907
vt 0.402395 0.359151
vt 0.278466 0.184652
vt 0.272968 0.188538
vt 0.402395 0.364259
vt 0.402394 0.363472
vt 0.272969 0.183859
vt 0.406656 0.356887
vt 0.407081 0.359142
vt 0.406656 0.359142
vt 0.283154 0.184656
vt 0.282728 0.188547
vt 0.282728 0.184655
vt 0.406655 0.363463
vt 0.407081 0.364250
vt 0.406655 0.364251
vt 0.407081 0.363462
vt 0.282729 0.183868
vt 0.278466 0.183864
vt 0.278465 0.188544
vt 0.402395 0.356896
vt 0.406638 0.355416
vt 0.411343 0.356878
vt 0.411768 0.359132
vt 0.411342 0.359133
vt 0.287844 0.184660
vt 0.287418 0.188553
vt 0.287418 0.184659
vt 0.411342 0.363454
vt 0.411768 0.364241
vt 0.411342 0.364242
vt 0.411768 0.363453
vt 0.287419 0.183872
vt 0.283155 0.183868
vt 0.283154 0.188548
vt 0.407082 0.356886
vt 0.416030 0.356868
vt 0.416455 0.359123
vt 0.416029 0.359123
vt 0.292535 0.184664
vt 0.292108 0.188557
vt 0.292108 0.184663
vt 0.416029 0.363444
vt 0.416455 0.364231
vt 0.416029 0.364232
vt 0.416455 0.363443
vt 0.292109 0.183876
vt 0.287845 0.183872
vt 0.287844 0.188553
vt 0.411769 0.356877
vt 0.416456 0.356867
vt 0.292535 0.188558
vt 0.292536 0.183876
vt 0.430475 0.356838
vt 0.430901 0.359093
vt 0.430475 0.359094
vt 0.430901 0.363413
vt 0.430475 0.363414
vt 0.306993 0.184677
vt 0.306566 0.188570
vt 0.306567 0.184677
vt 0.430901 0.364201
vt 0.430475 0.364202
vt 0.306567 0.183889
vt 0.302302 0.183885
vt 0.302301 0.188567
vt 0.426214 0.356847
vt 0.435163 0.356827
vt 0.435589 0.359083
vt 0.435163 0.359084
vt 0.435589 0.363404
vt 0.435163 0.363405
vt 0.311685 0.184682
vt 0.311258 0.188575
vt 0.311258 0.184681
vt 0.435589 0.364192
vt 0.435163 0.364192
vt 0.311259 0.183894
vt 0.306994 0.183890
vt 0.306993 0.188571
vt 0.430902 0.356836
vt 0.439852 0.356816
vt 0.440277 0.359073
vt 0.439851 0.359075
vt 0.440276 0.363394
vt 0.439850 0.363395
vt 0.316376 0.184686
vt 0.315949 0.188579
vt 0.315949 0.184686
vt 0.440277 0.364182
vt 0.439851 0.364182
vt 0.315950 0.183899
vt 0.311685 0.183894
vt 0.311685 0.188575
vt 0.435590 0.356826
vt 0.439833 0.355349
vt 0.440278 0.356814
vt 0.444539 0.359064
vt 0.444538 0.363385
vt 0.320640 0.184690
vt 0.316376 0.188579
vt 0.444539 0.364173
vt 0.316376 0.183899
vt 0.444540 0.356804
vt 0.447243 0.359059
vt 0.447242 0.363379
vt 0.323345 0.184693
vt 0.320640 0.188583
vt 0.447242 0.364167
vt 0.320641 0.183903
vt 0.451506 0.356788
vt 0.451931 0.359049
vt 0.451505 0.359050
vt 0.451930 0.363369
vt 0.451504 0.363370
vt 0.328035 0.184698
vt 0.327609 0.188588
vt 0.327609 0.184697
vt 0.451931 0.364157
vt 0.451505 0.364158
vt 0.327609 0.183910
vt 0.456194 0.356778
vt 0.456620 0.359039
vt 0.456194 0.359040
vt 0.456619 0.363359
vt 0.456192 0.363360
vt 0.332724 0.184702
vt 0.332298 0.188592
vt 0.332298 0.184702
vt 0.456619 0.364147
vt 0.456193 0.364148
vt 0.332299 0.183915
vt 0.323346 0.183906
vt 0.323345 0.188585
vt 0.447244 0.356798
vt 0.328036 0.183911
vt 0.328036 0.188588
vt 0.451932 0.356787
vt 0.451486 0.355324
vt 0.456620 0.356777
vt 0.460882 0.359030
vt 0.460881 0.363349
vt 0.336986 0.184706
vt 0.332725 0.188592
vt 0.460881 0.364137
vt 0.332725 0.183915
vt 0.460883 0.356768
vt 0.463819 0.359023
vt 0.463818 0.363343
vt 0.339922 0.184709
vt 0.336987 0.188596
vt 0.463818 0.364131
vt 0.336987 0.183920
vt 0.460863 0.355304
vt 0.463820 0.356762
vt 0.476869 0.358996
vt 0.476868 0.363314
vt 0.352967 0.184721
vt 0.339923 0.188598
vt 0.476869 0.364102
vt 0.339923 0.183923
vt 0.476870 0.356735
vt 0.352968 0.188609
vt 0.352968 0.183935
vt 0.510236 0.543334
vt 0.511858 0.519648
vt 0.512524 0.543334
vt 0.434009 0.543334
vt 0.432387 0.519648
vt 0.434009 0.519648
vt 0.510236 0.545622
vt 0.510236 0.519648
vt 0.434009 0.518026
vt 0.132773 0.428772
vt 0.133067 0.429477
vt 0.132069 0.428481
vt 0.132896 0.475917
vt 0.132193 0.476208
vt 0.133186 0.475212
vt 0.010746 0.428772
vt 0.011448 0.428481
vt 0.010456 0.429477
vt 0.010836 0.475917
vt 0.010543 0.475212
vt 0.011539 0.476209
vt 0.256531 0.566998
vt 0.270503 0.569293
vt 0.256528 0.569286
vt 0.256556 0.558305
vt 0.270506 0.567005
vt 0.811830 0.139317
vt 0.793828 0.137029
vt 0.811832 0.137029
vt 0.792142 0.162998
vt 0.791538 0.139311
vt 0.272609 0.558318
vt 0.270532 0.558313
vt 0.813392 0.163007
vt 0.814118 0.139322
vt 0.793765 0.164624
vt 0.811771 0.164624
vt 0.270531 0.556234
vt 0.256555 0.556228
vt 0.254478 0.558299
vt 0.254243 0.566992
vt 0.485941 0.345878
vt 0.704795 0.867448
vt 0.708554 0.863185
vt 0.707967 0.867448
vt 0.866217 0.326070
vt 0.862461 0.321807
vt 0.866811 0.321807
vt 0.316169 0.714381
vt 0.341221 0.736606
vt 0.316121 0.736606
vt 0.946298 0.451377
vt 0.942067 0.447816
vt 0.946298 0.448558
vt 0.909990 0.326039
vt 0.913551 0.321806
vt 0.912809 0.326039
vt 0.330598 0.898229
vt 0.334159 0.893996
vt 0.333417 0.898228
vt 0.865625 0.143153
vt 0.861864 0.147416
vt 0.862452 0.143153
vt 0.193746 0.871583
vt 0.189990 0.867320
vt 0.194339 0.867320
vt 0.945503 0.671929
vt 0.941271 0.668368
vt 0.945502 0.669111
vt 0.652913 0.352307
vt 0.677974 0.374525
vt 0.652866 0.374525
vt 0.377052 0.915568
vt 0.373491 0.919800
vt 0.374233 0.915568
vt 0.214168 0.916947
vt 0.217728 0.912715
vt 0.216986 0.916947
vt 0.865712 0.071698
vt 0.869473 0.067435
vt 0.868884 0.071698
vt 0.933585 0.943179
vt 0.929922 0.938944
vt 0.934090 0.938946
vt 0.941310 0.593382
vt 0.937078 0.589821
vt 0.941310 0.590563
vt 0.681827 0.574175
vt 0.706877 0.596399
vt 0.681774 0.596398
vt 0.271843 0.896264
vt 0.275404 0.892031
vt 0.274661 0.896264
vt 0.979084 0.988493
vt 0.975973 0.984300
vt 0.979410 0.984299
vt 0.923910 0.794487
vt 0.920349 0.798719
vt 0.921092 0.794487
vt 0.701536 0.474834
vt 0.726592 0.497058
vt 0.701492 0.497058
vt 0.884172 0.018889
vt 0.880416 0.014626
vt 0.884765 0.014626
vt 0.774098 0.888503
vt 0.770343 0.884239
vt 0.774691 0.884239
vt 0.609773 0.932341
vt 0.605542 0.928781
vt 0.609773 0.929523
vt 0.652913 0.397997
vt 0.677972 0.420220
vt 0.652863 0.420220
vt 0.951077 0.498552
vt 0.954474 0.494290
vt 0.953886 0.498552
vt 0.866088 0.188886
vt 0.862332 0.184622
vt 0.866682 0.184622
vt 0.931741 0.497509
vt 0.927509 0.493949
vt 0.931740 0.494691
vt 0.883086 0.230378
vt 0.879328 0.234641
vt 0.879915 0.230378
vt 0.168122 0.887259
vt 0.164366 0.882996
vt 0.168714 0.882996
vt 0.482833 0.707060
vt 0.507890 0.729290
vt 0.482788 0.729288
vt 0.099902 0.932311
vt 0.095670 0.928750
vt 0.099902 0.929492
vt 0.905200 0.475170
vt 0.908761 0.470937
vt 0.908019 0.475170
vt 0.889608 0.303356
vt 0.885852 0.299093
vt 0.890200 0.299093
vt 0.037708 0.922709
vt 0.034147 0.926940
vt 0.034890 0.922709
vt 0.840077 0.938273
vt 0.836516 0.942505
vt 0.837259 0.938273
vt 0.909860 0.211568
vt 0.913422 0.207335
vt 0.912679 0.211568
vt 0.689038 0.665556
vt 0.714097 0.687784
vt 0.688989 0.687784
vt 0.661135 0.955110
vt 0.657743 0.950848
vt 0.661730 0.950848
vt 0.945502 0.648513
vt 0.941270 0.644952
vt 0.945502 0.645694
vt 0.070727 0.883057
vt 0.066968 0.887320
vt 0.067556 0.883057
vt 0.813909 0.897143
vt 0.817470 0.892910
vt 0.816728 0.897142
vt 0.877421 0.826447
vt 0.873666 0.822185
vt 0.878014 0.822184
vt 0.684416 0.931292
vt 0.680855 0.935523
vt 0.681598 0.931292
vt 0.216532 0.985608
vt 0.213420 0.981415
vt 0.216859 0.981415
vt 0.935936 0.146373
vt 0.931704 0.142812
vt 0.935936 0.143554
vt 0.109200 0.673449
vt 0.134260 0.695671
vt 0.109156 0.695671
vt 0.967544 0.649556
vt 0.964248 0.645323
vt 0.968049 0.645324
vt 0.913144 0.048985
vt 0.916705 0.044753
vt 0.915962 0.048985
vt 0.695923 0.187190
vt 0.720986 0.209418
vt 0.695875 0.209418
vt 0.862410 0.621681
vt 0.858654 0.617417
vt 0.863004 0.617418
vt 0.167888 0.928391
vt 0.164327 0.932622
vt 0.165070 0.928391
vt 0.759757 0.687723
vt 0.737560 0.665559
vt 0.759757 0.665498
vt 0.930835 0.712851
vt 0.926604 0.709289
vt 0.930835 0.710032
vt 0.904295 0.713224
vt 0.907856 0.708991
vt 0.907114 0.713224
vt 0.574282 0.665579
vt 0.599341 0.687803
vt 0.574232 0.687805
vt 0.739118 0.884843
vt 0.735360 0.889106
vt 0.735947 0.884843
vt 0.870511 0.118443
vt 0.866755 0.114180
vt 0.871104 0.114180
vt 0.941722 0.547983
vt 0.937490 0.544421
vt 0.941722 0.545164
vt 0.770606 0.070372
vt 0.748416 0.048206
vt 0.770606 0.048152
vt 0.746207 0.328209
vt 0.724008 0.306037
vt 0.746207 0.305983
vt 0.637631 0.927496
vt 0.634070 0.931728
vt 0.634812 0.927496
vt 0.946334 0.521881
vt 0.942103 0.518320
vt 0.946334 0.519062
vt 0.911176 0.942132
vt 0.906945 0.938572
vt 0.911176 0.939314
vt 0.759740 0.733479
vt 0.737544 0.711321
vt 0.759740 0.711257
vt 0.912527 0.402013
vt 0.916089 0.397780
vt 0.915346 0.402013
vt 0.752538 0.596343
vt 0.730344 0.574170
vt 0.752538 0.574118
vt 0.681444 0.958235
vt 0.684840 0.953973
vt 0.684252 0.958235
vt 0.861425 0.497884
vt 0.857670 0.493620
vt 0.862020 0.493621
vt 0.923972 0.822187
vt 0.920411 0.826419
vt 0.921152 0.822187
vt 0.456395 0.774985
vt 0.434204 0.752814
vt 0.456395 0.752761
vt 0.907396 0.874429
vt 0.910957 0.870197
vt 0.910215 0.874429
vt 0.766637 0.209366
vt 0.744443 0.187194
vt 0.766637 0.187133
vt 0.954550 0.475201
vt 0.951157 0.470939
vt 0.955144 0.470939
vt 0.373216 0.647284
vt 0.398278 0.669507
vt 0.373163 0.669507
vt 0.773906 0.929634
vt 0.770345 0.933866
vt 0.771087 0.929634
vt 0.950171 0.713254
vt 0.953568 0.708991
vt 0.952980 0.713254
vt 0.914769 0.598635
vt 0.918330 0.594403
vt 0.917588 0.598635
vt 0.840134 0.987831
vt 0.837022 0.983638
vt 0.840460 0.983638
vt 0.572633 0.887189
vt 0.576392 0.882926
vt 0.575805 0.887189
vt 0.305566 0.869318
vt 0.301806 0.873582
vt 0.302394 0.869318
vt 0.956536 0.303324
vt 0.959932 0.299062
vt 0.959345 0.303324
vt 0.922821 0.648514
vt 0.918589 0.644952
vt 0.922821 0.645695
vt 0.886442 0.326070
vt 0.890200 0.321807
vt 0.889613 0.326070
vt 0.397629 0.897115
vt 0.401191 0.892883
vt 0.400448 0.897115
vt 0.896406 0.452420
vt 0.899967 0.448187
vt 0.899225 0.452420
vt 0.640459 0.665560
vt 0.665519 0.687787
vt 0.640403 0.687787
vt 0.876963 0.758759
vt 0.873207 0.754496
vt 0.877556 0.754496
vt 0.274816 0.869318
vt 0.271057 0.873582
vt 0.271644 0.869318
vt 0.333414 0.916678
vt 0.329853 0.920910
vt 0.330596 0.916678
vt 0.956075 0.851713
vt 0.952682 0.847451
vt 0.956669 0.847451
vt 0.872894 0.522285
vt 0.876653 0.518022
vt 0.876066 0.522285
vt 0.216827 0.958749
vt 0.213422 0.962965
vt 0.214014 0.958749
vt 0.496863 0.903198
vt 0.500423 0.898965
vt 0.499682 0.903198
vt 0.164915 0.955334
vt 0.168311 0.951072
vt 0.167724 0.955334
vt 0.985256 0.048961
vt 0.982143 0.044768
vt 0.985583 0.044768
vt 0.212132 0.594950
vt 0.237192 0.617175
vt 0.212076 0.617175
vt 0.909861 0.188886
vt 0.913423 0.184653
vt 0.912680 0.188886
vt 0.507937 0.774980
vt 0.485745 0.752815
vt 0.507933 0.752758
vt 0.868759 0.420502
vt 0.864999 0.424765
vt 0.865587 0.420502
vt 0.168123 0.864547
vt 0.164366 0.860284
vt 0.168716 0.860283
vt 0.940785 0.118075
vt 0.936553 0.114514
vt 0.940785 0.115257
vt 0.141720 0.909941
vt 0.145281 0.905709
vt 0.144538 0.909941
vt 0.652964 0.474834
vt 0.678022 0.497056
vt 0.652912 0.497056
vt 0.863621 0.851745
vt 0.859867 0.847481
vt 0.864216 0.847482
vt 0.400818 0.942105
vt 0.396586 0.938545
vt 0.400818 0.939287
vt 0.605757 0.864638
vt 0.609518 0.860374
vt 0.608930 0.864638
vt 0.936158 0.321806
vt 0.932597 0.326038
vt 0.933339 0.321806
vt 0.214168 0.894265
vt 0.217728 0.890033
vt 0.216986 0.894265
vt 0.605914 0.910033
vt 0.609475 0.905800
vt 0.608734 0.910033
vt 0.144730 0.864546
vt 0.140974 0.860283
vt 0.145323 0.860283
vt 0.213971 0.871583
vt 0.217731 0.867320
vt 0.217143 0.871583
vt 0.014356 0.922709
vt 0.010794 0.926941
vt 0.011537 0.922709
vt 0.910154 0.280613
vt 0.913715 0.276380
vt 0.912974 0.280613
vt 0.658167 0.909047
vt 0.661727 0.904814
vt 0.660985 0.909047
vt 0.212125 0.686341
vt 0.237179 0.708565
vt 0.212077 0.708565
vt 0.958074 0.146776
vt 0.954682 0.142514
vt 0.958669 0.142514
vt 0.736107 0.911788
vt 0.739668 0.907556
vt 0.738926 0.911788
vt 0.907396 0.851713
vt 0.910957 0.847481
vt 0.910215 0.851713
vt 0.212128 0.640646
vt 0.237189 0.662868
vt 0.212072 0.662868
vt 0.707960 0.890161
vt 0.704205 0.885897
vt 0.708553 0.885897
vt 0.939068 0.424398
vt 0.934837 0.420837
vt 0.939068 0.421579
vt 0.883965 0.897143
vt 0.887526 0.892910
vt 0.886784 0.897142
vt 0.946296 0.758761
vt 0.942633 0.754527
vt 0.946799 0.754527
vt 0.237363 0.868084
vt 0.241122 0.863820
vt 0.240535 0.868084
vt 0.297853 0.960075
vt 0.294449 0.964292
vt 0.295041 0.960075
vt 0.907317 0.897143
vt 0.910878 0.892910
vt 0.910135 0.897143
vt 0.866385 0.253667
vt 0.862625 0.257931
vt 0.863213 0.253667
vt 0.453659 0.984278
vt 0.450546 0.980084
vt 0.453984 0.980085
vt 0.910134 0.915592
vt 0.906572 0.919824
vt 0.907314 0.915592
vt 0.316155 0.668689
vt 0.341215 0.690912
vt 0.316106 0.690917
vt 0.193783 0.958078
vt 0.190378 0.962295
vt 0.190970 0.958078
vt 0.684573 0.863185
vt 0.680812 0.867448
vt 0.681400 0.863185
vt 0.011705 0.949652
vt 0.015102 0.945390
vt 0.014514 0.949652
vt 0.970087 0.826453
vt 0.966790 0.822220
vt 0.970591 0.822220
vt 0.860456 0.874460
vt 0.864216 0.870197
vt 0.863628 0.874460
vt 0.889104 0.071699
vt 0.892862 0.067435
vt 0.892274 0.071699
vt 0.890893 0.095694
vt 0.894455 0.091461
vt 0.893712 0.095694
vt 0.661180 0.859389
vt 0.657420 0.863652
vt 0.658007 0.859390
vt 0.874195 0.798748
vt 0.877954 0.794484
vt 0.877366 0.798748
vt 0.887014 0.851744
vt 0.883258 0.847481
vt 0.887608 0.847481
vt 0.637787 0.882102
vt 0.634029 0.886365
vt 0.634616 0.882102
vt 0.707770 0.931293
vt 0.704209 0.935524
vt 0.704952 0.931293
vt 0.904067 0.735936
vt 0.907628 0.731704
vt 0.906886 0.735936
vt 0.883848 0.874460
vt 0.887606 0.870197
vt 0.887019 0.874460
vt 0.840231 0.874460
vt 0.836476 0.870197
vt 0.840824 0.870197
vt 0.863429 0.915592
vt 0.859869 0.919824
vt 0.860611 0.915592
vt 0.434247 0.707065
vt 0.459304 0.729291
vt 0.434199 0.729291
vt 0.576650 0.932180
vt 0.572418 0.928619
vt 0.576650 0.929361
vt 0.237520 0.890766
vt 0.241081 0.886533
vt 0.240339 0.890766
vt 0.772192 0.420164
vt 0.750002 0.397996
vt 0.772196 0.397944
vt 0.434250 0.661373
vt 0.459309 0.683597
vt 0.434199 0.683597
vt 0.608923 0.887350
vt 0.605168 0.883087
vt 0.609516 0.883088
vt 0.891829 0.548356
vt 0.895390 0.544124
vt 0.894648 0.548356
vt 0.640456 0.711251
vt 0.665509 0.733480
vt 0.640406 0.733478
vt 0.377424 0.942108
vt 0.373192 0.938547
vt 0.377424 0.939290
vt 0.651330 0.048148
vt 0.676389 0.070372
vt 0.651273 0.070372
vt 0.897803 0.826420
vt 0.901364 0.822187
vt 0.900622 0.826420
vt 0.689035 0.619869
vt 0.714091 0.642093
vt 0.688985 0.642093
vt 0.866088 0.211599
vt 0.862332 0.207335
vt 0.866682 0.207335
vt 0.575804 0.860213
vt 0.572043 0.864474
vt 0.572632 0.860212
vt 0.897742 0.798720
vt 0.901304 0.794488
vt 0.900561 0.798720
vt 0.956537 0.326038
vt 0.959934 0.321775
vt 0.959346 0.326038
vt 0.812133 0.874460
vt 0.808376 0.870197
vt 0.812726 0.870197
vt 0.099725 0.883056
vt 0.095966 0.887319
vt 0.096554 0.883056
vt 0.930722 0.014658
vt 0.927161 0.018890
vt 0.927904 0.014658
vt 0.373216 0.692974
vt 0.398268 0.715199
vt 0.373162 0.715199
vt 0.034892 0.904260
vt 0.038453 0.900027
vt 0.037710 0.904259
vt 0.770608 0.161761
vt 0.748413 0.139597
vt 0.770608 0.139544
vt 0.861425 0.475170
vt 0.857671 0.470906
vt 0.862021 0.470907
vt 0.939068 0.400970
vt 0.934836 0.397409
vt 0.939068 0.398151
vt 0.929633 0.230378
vt 0.926072 0.234609
vt 0.926815 0.230378
vt 0.903466 0.234610
vt 0.907027 0.230378
vt 0.906285 0.234610
vt 0.523266 0.869777
vt 0.519507 0.874040
vt 0.520095 0.869777
vt 0.738752 0.957181
vt 0.735360 0.952919
vt 0.739346 0.952919
vt 0.012994 0.628718
vt 0.038046 0.650941
vt 0.012940 0.650941
vt 0.771089 0.911185
vt 0.774650 0.906952
vt 0.773908 0.911185
vt 0.267580 0.714388
vt 0.292633 0.736608
vt 0.267536 0.736608
vt 0.014507 0.858865
vt 0.010753 0.854600
vt 0.015103 0.854601
vt 0.157782 0.719140
vt 0.182837 0.741368
vt 0.157732 0.741368
vt 0.523070 0.937854
vt 0.519509 0.942085
vt 0.520251 0.937854
vt 0.298012 0.914713
vt 0.294450 0.918945
vt 0.295193 0.914713
vt 0.271843 0.918946
vt 0.275404 0.914713
vt 0.274662 0.918946
vt 0.548527 0.874038
vt 0.552287 0.869775
vt 0.551699 0.874038
vt 0.871035 0.598666
vt 0.867280 0.594403
vt 0.871628 0.594403
vt 0.922574 0.448187
vt 0.919013 0.452418
vt 0.919755 0.448187
vt 0.953722 0.943207
vt 0.957118 0.938944
vt 0.956531 0.943207
vt 0.037904 0.877314
vt 0.034145 0.881578
vt 0.034732 0.877314
vt 0.548683 0.919403
vt 0.552245 0.915170
vt 0.551503 0.919403
vt 0.870514 0.091461
vt 0.866755 0.095724
vt 0.867342 0.091461
vt 0.482824 0.661373
vt 0.507883 0.683596
vt 0.482772 0.683596
vt 0.884818 0.475169
vt 0.881063 0.470906
vt 0.885411 0.470906
vt 0.876027 0.448187
vt 0.872268 0.452450
vt 0.872855 0.448187
vt 0.523070 0.915172
vt 0.519509 0.919404
vt 0.520251 0.915172
vt 0.496981 0.971234
vt 0.500105 0.967041
vt 0.499782 0.971234
vt 0.574272 0.711270
vt 0.599333 0.733499
vt 0.574227 0.733495
vt 0.661175 0.886365
vt 0.657420 0.882102
vt 0.661769 0.882102
vt 0.665561 0.779168
vt 0.643366 0.757004
vt 0.665561 0.756948
vt 0.933485 0.892910
vt 0.929924 0.897141
vt 0.930666 0.892910
vt 0.606428 0.956096
vt 0.609824 0.951834
vt 0.609237 0.956096
vt 0.909989 0.303326
vt 0.913551 0.299093
vt 0.912808 0.303325
vt 0.548684 0.896721
vt 0.552245 0.892488
vt 0.551502 0.896721
vt 0.701479 0.397994
vt 0.726544 0.420221
vt 0.701437 0.420221
vt 0.774102 0.861526
vt 0.770342 0.865790
vt 0.770930 0.861527
vt 0.575759 0.955935
vt 0.572368 0.951673
vt 0.576353 0.951672
vt 0.240336 0.931898
vt 0.236774 0.936129
vt 0.237517 0.931898
vt 0.675491 0.305981
vt 0.700544 0.328203
vt 0.675440 0.328203
vt 0.871038 0.566806
vt 0.867278 0.571069
vt 0.867866 0.566806
vt 0.914246 0.095694
vt 0.917807 0.091461
vt 0.917065 0.095694
vt 0.681402 0.890161
vt 0.685160 0.885897
vt 0.684573 0.890160
vt 0.376600 0.988477
vt 0.373487 0.984283
vt 0.376925 0.984283
vt 0.634658 0.954441
vt 0.638055 0.950178
vt 0.637467 0.954440
vt 0.955995 0.919855
vt 0.952603 0.915592
vt 0.956589 0.915592
vt 0.572790 0.909871
vt 0.576352 0.905639
vt 0.575609 0.909871
vt 0.875903 0.645324
vt 0.872142 0.649586
vt 0.872732 0.645323
vt 0.936402 0.188512
vt 0.932170 0.184951
vt 0.936402 0.185694
vt 0.899379 0.366755
vt 0.902941 0.362523
vt 0.902198 0.366755
vt 0.915181 0.548356
vt 0.918743 0.544124
vt 0.918000 0.548356
vt 0.267582 0.668689
vt 0.292643 0.690916
vt 0.267531 0.690916
vt 0.982087 0.303256
vt 0.978973 0.299062
vt 0.982414 0.299063
vt 0.940786 0.094651
vt 0.936554 0.091089
vt 0.940786 0.091833
vt 0.837262 0.897142
vt 0.840822 0.892910
vt 0.840081 0.897142
vt 0.889773 0.280643
vt 0.886018 0.276380
vt 0.890366 0.276380
vt 0.496706 0.880516
vt 0.500465 0.876252
vt 0.499878 0.880516
vt 0.701491 0.352302
vt 0.726548 0.374526
vt 0.701443 0.374526
vt 0.905200 0.497883
vt 0.908761 0.493650
vt 0.908019 0.497883
vt 0.886354 0.965859
vt 0.883057 0.961626
vt 0.886858 0.961626
vt 0.668349 0.257491
vt 0.693405 0.279717
vt 0.668298 0.279717
vt 0.896281 0.672303
vt 0.899842 0.668070
vt 0.899100 0.672303
vt 0.986211 0.594401
vt 0.983098 0.590207
vt 0.986536 0.590207
vt 0.956031 0.258569
vt 0.959427 0.254307
vt 0.958839 0.258569
vt 0.034735 0.949653
vt 0.038132 0.945390
vt 0.037544 0.949652
vt 0.878998 0.366786
vt 0.875242 0.362522
vt 0.879591 0.362522
vt 0.770933 0.956578
vt 0.774329 0.952316
vt 0.773742 0.956578
vt 0.237520 0.913448
vt 0.241080 0.909215
vt 0.240338 0.913448
vt 0.772198 0.374407
vt 0.750003 0.352240
vt 0.772198 0.352184
vt 0.955533 0.621717
vt 0.952141 0.617455
vt 0.956128 0.617455
vt 0.886607 0.257931
vt 0.890366 0.253667
vt 0.889778 0.257930
vt 0.662026 0.931356
vt 0.657794 0.927794
vt 0.662026 0.928536
vt 0.860613 0.897142
vt 0.864174 0.892910
vt 0.863432 0.897142
vt 0.640458 0.619868
vt 0.665522 0.642093
vt 0.640405 0.642093
vt 0.651329 0.139538
vt 0.676381 0.161761
vt 0.651275 0.161761
vt 0.868755 0.402043
vt 0.864999 0.397780
vt 0.869348 0.397780
vt 0.551500 0.937852
vt 0.547939 0.942083
vt 0.548682 0.937852
vt 0.936695 0.257527
vt 0.932463 0.253966
vt 0.936695 0.254708
vt 0.891418 0.571074
vt 0.894979 0.566841
vt 0.894237 0.571074
vt 0.910155 0.257900
vt 0.913715 0.253667
vt 0.912974 0.257900
vt 0.234271 0.754263
vt 0.212075 0.732093
vt 0.234273 0.732041
vt 0.922610 0.518022
vt 0.919049 0.522254
vt 0.919791 0.518022
vt 0.880520 0.735968
vt 0.884278 0.731704
vt 0.883691 0.735967
vt 0.454843 0.937925
vt 0.450611 0.934364
vt 0.454843 0.935107
vt 0.374235 0.897118
vt 0.377796 0.892885
vt 0.377054 0.897118
vt 0.647352 0.187195
vt 0.672413 0.209413
vt 0.647303 0.209413
vt 0.144689 0.955334
vt 0.141297 0.951072
vt 0.145284 0.951072
vt 0.157769 0.673452
vt 0.182827 0.695676
vt 0.157719 0.695676
vt 0.144536 0.928391
vt 0.140975 0.932622
vt 0.141717 0.928391
vt 0.889792 0.048986
vt 0.893353 0.044753
vt 0.892611 0.048986
vt 0.888981 0.424771
vt 0.892739 0.420508
vt 0.892152 0.424771
vt 0.892146 0.402043
vt 0.888391 0.397780
vt 0.892739 0.397780
vt 0.076177 0.928452
vt 0.072616 0.932683
vt 0.073359 0.928452
vt 0.772244 0.542756
vt 0.750051 0.520593
vt 0.772244 0.520538
vt 0.421693 0.892934
vt 0.425254 0.888701
vt 0.424512 0.892934
vt 0.889016 0.143153
vt 0.885258 0.147416
vt 0.885845 0.143153
vt 0.424703 0.870252
vt 0.420947 0.865989
vt 0.425297 0.865989
vt 0.699898 0.139537
vt 0.724955 0.161763
vt 0.699849 0.161763
vt 0.400636 0.851721
vt 0.396881 0.847456
vt 0.401231 0.847458
vt 0.699898 0.093840
vt 0.724955 0.116067
vt 0.699854 0.116067
vt 0.939191 0.071294
vt 0.934959 0.067734
vt 0.939191 0.068475
vt 0.652961 0.520528
vt 0.678024 0.542756
vt 0.652913 0.542752
vt 0.897345 0.758759
vt 0.900907 0.754527
vt 0.900164 0.758759
vt 0.085740 0.741366
vt 0.063545 0.719204
vt 0.085740 0.719147
vt 0.958540 0.211627
vt 0.955148 0.207365
vt 0.959135 0.207365
vt 0.933857 0.919451
vt 0.929626 0.915890
vt 0.933857 0.916633
vt 0.875902 0.668040
vt 0.872142 0.672303
vt 0.872730 0.668040
vt 0.953864 0.897141
vt 0.957261 0.892879
vt 0.956673 0.897141
vt 0.637782 0.863653
vt 0.634028 0.859389
vt 0.638378 0.859390
vt 0.885802 0.621687
vt 0.882046 0.617424
vt 0.886394 0.617424
vt 0.651329 0.093848
vt 0.676385 0.116069
vt 0.651273 0.116066
vt 0.395362 0.760896
vt 0.373163 0.738724
vt 0.395362 0.738672
vt 0.896280 0.649556
vt 0.899841 0.645323
vt 0.899099 0.649556
vt 0.067558 0.864607
vt 0.071318 0.860344
vt 0.070730 0.864607
vt 0.866382 0.280643
vt 0.862625 0.276381
vt 0.866976 0.276380
vt 0.735950 0.866394
vt 0.739710 0.862131
vt 0.739123 0.866393
vt 0.817768 0.942133
vt 0.813537 0.938571
vt 0.817768 0.939314
vt 0.816725 0.915592
vt 0.813165 0.919823
vt 0.813907 0.915592
vt 0.188687 0.649944
vt 0.166497 0.627778
vt 0.188687 0.627720
vt 0.914769 0.571074
vt 0.918331 0.566841
vt 0.917588 0.571074
vt 0.377248 0.870173
vt 0.373489 0.874435
vt 0.374076 0.870173
vt 0.014512 0.877314
vt 0.010753 0.881577
vt 0.011340 0.877314
vt 0.453996 0.865989
vt 0.450237 0.870252
vt 0.450824 0.865989
vt 0.863430 0.938273
vt 0.859869 0.942505
vt 0.860611 0.938273
vt 0.936157 0.299093
vt 0.932596 0.303324
vt 0.933338 0.299093
vt 0.699902 0.048147
vt 0.724955 0.070373
vt 0.699848 0.070373
vt 0.499509 0.948591
vt 0.496116 0.944329
vt 0.500103 0.944329
vt 0.012988 0.674410
vt 0.038045 0.696638
vt 0.012937 0.696638
vt 0.096712 0.910002
vt 0.100274 0.905769
vt 0.099531 0.910002
vt 0.871447 0.548365
vt 0.867691 0.544102
vt 0.872040 0.544102
vt 0.193488 0.984938
vt 0.190376 0.980745
vt 0.193814 0.980745
vt 0.716914 0.257493
vt 0.741974 0.279718
vt 0.716866 0.279717
vt 0.909395 0.147416
vt 0.912957 0.143183
vt 0.912214 0.147416
vt 0.689031 0.711251
vt 0.714084 0.733475
vt 0.688986 0.733477
vt 0.951102 0.018891
vt 0.954498 0.014629
vt 0.953911 0.018891
vt 0.933564 0.870197
vt 0.930003 0.874428
vt 0.930745 0.870197
vt 0.953943 0.874428
vt 0.957340 0.870166
vt 0.956752 0.874428
vt 0.067714 0.910002
vt 0.071276 0.905769
vt 0.070533 0.910002
vt 0.450984 0.892934
vt 0.454544 0.888702
vt 0.453802 0.892934
vt 0.805266 0.733575
vt 0.783099 0.711400
vt 0.805266 0.711357
vt 0.274811 0.960075
vt 0.271406 0.964292
vt 0.271998 0.960075
vt 0.701541 0.520529
vt 0.726598 0.542752
vt 0.701492 0.542752
vt 0.904554 0.018891
vt 0.908115 0.014658
vt 0.907373 0.018891
vt 0.912528 0.424771
vt 0.916089 0.420538
vt 0.915346 0.424771
vt 0.144729 0.887259
vt 0.140974 0.882996
vt 0.145322 0.882996
vt 0.037900 0.858865
vt 0.034146 0.854600
vt 0.038495 0.854601
vt 0.805277 0.687636
vt 0.783112 0.665469
vt 0.805277 0.665414
vt 0.573232 0.978577
vt 0.576355 0.974384
vt 0.576033 0.978577
vt 0.271728 0.986935
vt 0.274843 0.982741
vt 0.274523 0.986935
vt 0.973936 0.735912
vt 0.977060 0.731718
vt 0.976737 0.735912
vt 0.099358 0.956065
vt 0.095967 0.951803
vt 0.099953 0.951803
vt 0.157733 0.764754
vt 0.179861 0.786976
vt 0.157684 0.786976
vt 0.814360 0.988502
vt 0.817474 0.984308
vt 0.817154 0.988502
vt 0.982073 0.210783
vt 0.977880 0.207659
vt 0.982073 0.207982
vt 0.473952 0.925734
vt 0.477075 0.921540
vt 0.476753 0.925734
vt 0.981582 0.258569
vt 0.978468 0.254375
vt 0.981909 0.254375
vt 0.217356 0.939256
vt 0.213125 0.935695
vt 0.217356 0.936437
vt 0.816070 0.116108
vt 0.793903 0.093930
vt 0.816070 0.093884
vt 0.294206 0.986935
vt 0.297321 0.982741
vt 0.297001 0.986935
vt 0.976483 0.943207
vt 0.979606 0.939013
vt 0.979284 0.943207
vt 0.972774 0.234571
vt 0.975897 0.230378
vt 0.975575 0.234571
vt 0.982088 0.326038
vt 0.978975 0.321844
vt 0.982415 0.321844
vt 0.775945 0.574031
vt 0.798071 0.596247
vt 0.775900 0.596247
vt 0.976295 0.965850
vt 0.979419 0.961656
vt 0.979097 0.965850
vt 0.735449 0.976250
vt 0.739642 0.979365
vt 0.735449 0.979046
vt 0.473952 0.971022
vt 0.477075 0.966828
vt 0.476752 0.971022
vt 0.399993 0.988474
vt 0.396881 0.984280
vt 0.400319 0.984280
vt 0.748411 0.093924
vt 0.770541 0.116146
vt 0.748362 0.116146
vt 0.073803 0.978038
vt 0.076926 0.973845
vt 0.076604 0.978038
vt 0.980561 0.397730
vt 0.984754 0.400845
vt 0.980560 0.400526
vt 0.976033 0.851644
vt 0.979156 0.847451
vt 0.978833 0.851645
vt 0.707870 0.980877
vt 0.704756 0.976683
vt 0.708196 0.976684
vt 0.234330 0.799923
vt 0.212161 0.777752
vt 0.234330 0.777701
vt 0.118931 0.978708
vt 0.122054 0.974515
vt 0.121732 0.978708
vt 0.987413 0.649516
vt 0.990527 0.645323
vt 0.990207 0.649517
vt 0.968688 0.366784
vt 0.971812 0.362591
vt 0.971490 0.366785
vt 0.889480 0.211598
vt 0.885724 0.207335
vt 0.890073 0.207335
vt 0.812158 0.209267
vt 0.789998 0.187094
vt 0.812158 0.187047
vt 0.982897 0.117653
vt 0.986012 0.113459
vt 0.985692 0.117653
vt 0.634158 0.973509
vt 0.638351 0.976632
vt 0.634158 0.976310
vt 0.034466 0.972297
vt 0.037590 0.968103
vt 0.037268 0.972297
vt 0.986622 0.548317
vt 0.983509 0.544124
vt 0.986949 0.544124
vt 0.548825 0.987393
vt 0.551940 0.983199
vt 0.551619 0.987393
vt 0.680941 0.977305
vt 0.685135 0.980420
vt 0.680941 0.980101
vt 0.978033 0.146707
vt 0.981156 0.142514
vt 0.980833 0.146707
vt 0.011981 0.972296
vt 0.015104 0.968102
vt 0.014782 0.972296
vt 0.983969 0.424656
vt 0.980855 0.420462
vt 0.984295 0.420462
vt 0.769609 0.305897
vt 0.791736 0.328115
vt 0.769561 0.328115
vt 0.237185 0.977865
vt 0.241379 0.980981
vt 0.237185 0.980661
vt 0.606160 0.978738
vt 0.609283 0.974546
vt 0.608961 0.978739
vt 0.473952 0.903091
vt 0.477075 0.898896
vt 0.476754 0.903090
vt 0.099723 0.864607
vt 0.095967 0.860343
vt 0.100316 0.860343
vt 0.783096 0.756918
vt 0.805221 0.779140
vt 0.783050 0.779140
vt 0.907402 0.988501
vt 0.910516 0.984307
vt 0.910196 0.988501
vt 0.973862 0.018823
vt 0.976985 0.014630
vt 0.976663 0.018823
vt 0.974509 0.475132
vt 0.977632 0.470939
vt 0.977311 0.475132
vt 0.424059 0.983607
vt 0.420946 0.979414
vt 0.424384 0.979414
vt 0.737560 0.619895
vt 0.759690 0.642115
vt 0.737507 0.642115
vt 0.770431 0.975647
vt 0.774625 0.978764
vt 0.770431 0.978445
vt 0.952941 0.919821
vt 0.953187 0.919855
vt 0.975955 0.919786
vt 0.979078 0.915592
vt 0.978755 0.919786
vt 0.883913 0.713254
vt 0.880157 0.708991
vt 0.884506 0.708991
vt 0.109151 0.764693
vt 0.131276 0.786914
vt 0.109091 0.786914
vt 0.979067 0.620874
vt 0.974874 0.617750
vt 0.979067 0.618073
vt 0.982803 0.568349
vt 0.986996 0.571464
vt 0.982802 0.571145
vt 0.473952 0.948379
vt 0.477075 0.944185
vt 0.476753 0.948378
vt 0.866215 0.303357
vt 0.862461 0.299093
vt 0.866810 0.299094
vt 0.805222 0.642066
vt 0.783054 0.619895
vt 0.805222 0.619850
vt 0.976704 0.874428
vt 0.979827 0.870235
vt 0.979505 0.874428
vt 0.860754 0.987814
vt 0.863868 0.983620
vt 0.863549 0.987814
vt 0.973838 0.498483
vt 0.976961 0.494289
vt 0.976639 0.498483
vt 0.333149 0.966275
vt 0.329851 0.962043
vt 0.333652 0.962043
vt 0.816127 0.070288
vt 0.793965 0.048107
vt 0.816130 0.048069
vt 0.981302 0.072337
vt 0.984417 0.068143
vt 0.984097 0.072337
vt 0.141618 0.977977
vt 0.144741 0.973784
vt 0.144419 0.977977
vt 0.976624 0.897141
vt 0.979747 0.892948
vt 0.979425 0.897141
vt 0.376787 0.965833
vt 0.373489 0.961601
vt 0.377290 0.961601
vt 0.063545 0.764812
vt 0.085671 0.787038
vt 0.063492 0.787038
vt 0.520139 0.987395
vt 0.523253 0.983201
vt 0.522933 0.987394
vt 0.977880 0.185271
vt 0.982073 0.188394
vt 0.977880 0.188073
vt 0.451141 0.961635
vt 0.454547 0.957417
vt 0.453954 0.961635
vt 0.869409 0.048994
vt 0.865654 0.044731
vt 0.870003 0.044731
vt 0.012936 0.765657
vt 0.035057 0.787872
vt 0.012884 0.787872
vt 0.164647 0.977977
vt 0.167770 0.973784
vt 0.167448 0.977977
vt 0.987413 0.672304
vt 0.990528 0.668111
vt 0.990208 0.672304
vt 0.473951 0.880446
vt 0.477075 0.876252
vt 0.476752 0.880447
vt 0.948730 0.366785
vt 0.945337 0.362523
vt 0.949324 0.362522
vt 0.395282 0.806558
vt 0.373114 0.784382
vt 0.395282 0.784342
vt 0.095670 0.975133
vt 0.099863 0.978256
vt 0.095670 0.977934
vt 0.972933 0.713253
vt 0.976056 0.709061
vt 0.975734 0.713254
vt 0.787600 0.279685
vt 0.765412 0.257519
vt 0.787600 0.257463
vt 0.889479 0.188886
vt 0.885724 0.184622
vt 0.890072 0.184622
vt 0.523221 0.960534
vt 0.519817 0.964751
vt 0.520409 0.960534
vt 0.840326 0.960956
vt 0.837023 0.965187
vt 0.837522 0.960954
vt 0.863272 0.960954
vt 0.859867 0.965170
vt 0.860459 0.960954
vt 0.421541 0.960964
vt 0.424947 0.956747
vt 0.424354 0.960964
vt 0.759716 0.779199
vt 0.737529 0.757034
vt 0.759716 0.756977
vt 0.952815 0.234640
vt 0.949423 0.230378
vt 0.953410 0.230378
vt 0.884821 0.493620
vt 0.881062 0.497883
vt 0.881650 0.493620
vt 0.962508 0.044768
vt 0.959103 0.048985
vt 0.959694 0.044768
vt 0.963462 0.567541
vt 0.960058 0.571758
vt 0.960649 0.567541
vt 0.933223 0.961629
vt 0.929922 0.965861
vt 0.930419 0.961629
vt 0.237677 0.958796
vt 0.241082 0.954578
vt 0.240490 0.958796
vt 0.958408 0.401329
vt 0.961814 0.397111
vt 0.961221 0.401329
vt 0.341285 0.782270
vt 0.319105 0.760107
vt 0.341285 0.760048
vt 0.772222 0.497034
vt 0.750034 0.474861
vt 0.772222 0.474805
vt 0.956428 0.965889
vt 0.953131 0.961656
vt 0.956932 0.961656
vt 0.960651 0.594425
vt 0.964056 0.590207
vt 0.963464 0.594425
vt 0.333518 0.939359
vt 0.329851 0.943593
vt 0.330348 0.939359
vt 0.985685 0.094986
vt 0.982572 0.090792
vt 0.986011 0.090792
vt 0.958409 0.424680
vt 0.961814 0.420462
vt 0.961222 0.424680
vt 0.906184 0.621688
vt 0.909744 0.617455
vt 0.909002 0.621688
vt 0.970207 0.794487
vt 0.966906 0.798720
vt 0.967403 0.794487
vt 0.968345 0.447518
vt 0.965044 0.451750
vt 0.965540 0.447518
vt 0.910378 0.965858
vt 0.907080 0.961625
vt 0.910881 0.961625
vt 0.951167 0.735936
vt 0.954571 0.731718
vt 0.953980 0.735936
vt 0.400636 0.874436
vt 0.396881 0.870173
vt 0.401229 0.870173
vt 0.960126 0.119118
vt 0.963531 0.114901
vt 0.962939 0.119118
vt 0.012973 0.720072
vt 0.038042 0.742300
vt 0.012918 0.742300
vt 0.333608 0.875546
vt 0.329851 0.871284
vt 0.334200 0.871283
vt 0.499678 0.921648
vt 0.496118 0.925879
vt 0.496860 0.921648
vt 0.840077 0.915592
vt 0.836516 0.919824
vt 0.837258 0.915592
vt 0.289711 0.782272
vt 0.267520 0.760102
vt 0.289711 0.760051
vt 0.596394 0.779162
vt 0.574211 0.756991
vt 0.596394 0.756938
vt 0.816974 0.961626
vt 0.813672 0.965858
vt 0.814170 0.961625
vt 0.958540 0.188915
vt 0.955147 0.184653
vt 0.959134 0.184653
vt 0.963874 0.544124
vt 0.960468 0.548340
vt 0.961060 0.544124
vt 0.944199 0.798721
vt 0.947865 0.794487
vt 0.947368 0.798721
vt 0.960127 0.095010
vt 0.963531 0.090792
vt 0.962940 0.095009
vt 0.109197 0.719112
vt 0.134260 0.741336
vt 0.109136 0.741337
vt 0.551342 0.960533
vt 0.547938 0.964750
vt 0.548530 0.960533
vt 0.076330 0.955395
vt 0.072937 0.951133
vt 0.076924 0.951133
vt 0.966340 0.758760
vt 0.969641 0.754527
vt 0.969144 0.758760
vt 0.400185 0.961598
vt 0.396881 0.965830
vt 0.397379 0.961598
vt 0.958531 0.072337
vt 0.961937 0.068120
vt 0.961345 0.072337
vt 0.967551 0.668071
vt 0.964248 0.672303
vt 0.964746 0.668071
vt 0.711157 0.779141
vt 0.688970 0.756974
vt 0.711157 0.756917
vt 0.968377 0.522924
vt 0.965080 0.518691
vt 0.968881 0.518691
vt 0.274659 0.937395
vt 0.271099 0.941626
vt 0.271840 0.937395
vt 0.603025 0.257474
vt 0.644830 0.279720
vt 0.602978 0.279709
vt 0.853968 0.798751
vt 0.848125 0.794485
vt 0.854562 0.794484
vt 0.520253 0.896723
vt 0.523815 0.892490
vt 0.523072 0.896723
vt 0.333610 0.848567
vt 0.327763 0.852834
vt 0.328350 0.848567
vt 0.298012 0.937395
vt 0.294450 0.941626
vt 0.295192 0.937395
vt 0.847642 0.598671
vt 0.839335 0.594403
vt 0.848237 0.594403
vt 0.396957 0.988435
vt 0.397199 0.988474
vt 0.896442 0.522254
vt 0.900003 0.518022
vt 0.899261 0.522254
vt 0.506934 0.339571
vt 0.568496 0.361812
vt 0.506885 0.361809
vt 0.847645 0.566806
vt 0.839334 0.571074
vt 0.839922 0.566806
vt 0.377244 0.851723
vt 0.370979 0.847456
vt 0.377838 0.847456
vt 0.814645 0.847481
vt 0.808376 0.851748
vt 0.808964 0.847481
vt 0.096305 0.956032
vt 0.096550 0.956065
vt 0.012995 0.583005
vt 0.058171 0.605254
vt 0.012937 0.605238
vt 0.681600 0.912843
vt 0.685161 0.908610
vt 0.684419 0.912843
vt 0.845365 0.420502
vt 0.835082 0.424771
vt 0.835671 0.420502
vt 0.845360 0.402053
vt 0.835083 0.397780
vt 0.845956 0.397784
vt 0.634815 0.909047
vt 0.638376 0.904814
vt 0.637634 0.909047
vt 0.434255 0.474829
vt 0.511620 0.497070
vt 0.434201 0.497070
vt 0.450983 0.915616
vt 0.454544 0.911384
vt 0.453802 0.915616
vt 0.165113 0.909941
vt 0.168674 0.905709
vt 0.167931 0.909941
vt 0.409587 0.141131
vt 0.505741 0.163374
vt 0.409534 0.163374
vt 0.693439 0.840465
vt 0.680813 0.844735
vt 0.681402 0.840465
vt 0.738922 0.930238
vt 0.735362 0.934469
vt 0.736105 0.930238
vt 0.839015 0.621687
vt 0.826393 0.617418
vt 0.839610 0.617417
vt 0.852671 0.518022
vt 0.845818 0.522289
vt 0.846406 0.518022
vt 0.847118 0.095730
vt 0.837239 0.091461
vt 0.847712 0.091461
vt 0.572705 0.955901
vt 0.572951 0.955935
vt 0.529650 0.257471
vt 0.579519 0.279706
vt 0.529603 0.279706
vt 0.852630 0.452454
vt 0.845782 0.448184
vt 0.853225 0.448186
vt 0.847120 0.114180
vt 0.837238 0.118449
vt 0.837826 0.114180
vt 0.939313 0.044753
vt 0.935751 0.048984
vt 0.936494 0.044753
vt 0.912650 0.071668
vt 0.916211 0.067436
vt 0.915469 0.071668
vt 0.154161 0.522418
vt 0.228333 0.544661
vt 0.154121 0.544661
vt 0.400445 0.915565
vt 0.396884 0.919797
vt 0.397626 0.915565
vt 0.574280 0.619868
vt 0.616941 0.642116
vt 0.574225 0.642101
vt 0.840230 0.851747
vt 0.834279 0.847481
vt 0.840824 0.847481
vt 0.890892 0.118449
vt 0.894454 0.114216
vt 0.893712 0.118449
vt 0.854032 0.822184
vt 0.848078 0.826451
vt 0.848666 0.822184
vt 0.925548 0.362522
vt 0.921987 0.366754
vt 0.922729 0.362522
vt 0.615223 0.305979
vt 0.651975 0.328212
vt 0.615175 0.328212
vt 0.859692 0.234643
vt 0.854478 0.230378
vt 0.860285 0.230378
vt 0.914244 0.118448
vt 0.917806 0.114216
vt 0.917063 0.118448
vt 0.499874 0.853537
vt 0.494657 0.857803
vt 0.495244 0.853537
vt 0.424509 0.934066
vt 0.420949 0.938297
vt 0.421691 0.934066
vt 0.535134 0.474830
vt 0.580395 0.497064
vt 0.535087 0.497067
vt 0.525780 0.851327
vt 0.519507 0.847059
vt 0.526375 0.847061
vt 0.295195 0.896264
vt 0.298757 0.892031
vt 0.298014 0.896264
vt 0.551696 0.847059
vt 0.545417 0.851325
vt 0.546005 0.847059
vt 0.932352 0.617455
vt 0.928790 0.621686
vt 0.929532 0.617455
vt 0.012984 0.385278
vt 0.270260 0.407524
vt 0.012936 0.407524
vt 0.826144 0.452456
vt 0.793428 0.448185
vt 0.826739 0.448184
vt 0.011540 0.904260
vt 0.015101 0.900027
vt 0.014358 0.904260
vt 0.826184 0.518022
vt 0.793469 0.522294
vt 0.794058 0.518022
vt 0.424509 0.911384
vt 0.420948 0.915615
vt 0.421691 0.911384
vt 0.534634 0.385276
vt 0.580242 0.407531
vt 0.534574 0.407513
vt 0.277376 0.850869
vt 0.271057 0.846602
vt 0.277970 0.846602
vt 0.704954 0.912843
vt 0.708515 0.908610
vt 0.707773 0.912843
vt 0.308130 0.846602
vt 0.301807 0.850869
vt 0.302395 0.846602
vt 0.886781 0.915592
vt 0.883220 0.919824
vt 0.883963 0.915593
vt 0.109205 0.627747
vt 0.143039 0.649983
vt 0.109153 0.649983
vt 0.860293 0.735969
vt 0.855443 0.731704
vt 0.860887 0.731704
vt 0.190816 0.894265
vt 0.194376 0.890033
vt 0.193635 0.894265
vt 0.860784 0.014626
vt 0.855929 0.018891
vt 0.856517 0.014626
vt 0.931367 0.470937
vt 0.927807 0.475168
vt 0.928549 0.470937
vt 0.533518 0.520529
vt 0.579129 0.542785
vt 0.533455 0.542767
vt 0.852506 0.672307
vt 0.846186 0.668040
vt 0.853100 0.668040
vt 0.838151 0.048950
vt 0.846610 0.044731
vt 0.845972 0.048986
vt 0.852509 0.645323
vt 0.846186 0.649590
vt 0.846774 0.645323
vt 0.840185 0.544139
vt 0.848647 0.548356
vt 0.839338 0.548356
vt 0.193631 0.935397
vt 0.190071 0.939629
vt 0.190813 0.935397
vt 0.013051 0.559565
vt 0.075349 0.537354
vt 0.075408 0.559570
vt 0.707605 0.953975
vt 0.704207 0.958232
vt 0.704796 0.953973
vt 0.891418 0.598636
vt 0.894979 0.594403
vt 0.894237 0.598636
vt 0.947153 0.826453
vt 0.943761 0.822187
vt 0.947748 0.822187
vt 0.529265 0.141130
vt 0.587299 0.163371
vt 0.529212 0.163371
vt 0.428819 0.843271
vt 0.420947 0.847539
vt 0.421535 0.843271
vt 0.458106 0.847539
vt 0.450238 0.843271
vt 0.458701 0.843271
vt 0.882922 0.938572
vt 0.887121 0.939066
vt 0.887153 0.939314
vt 0.667717 0.781366
vt 0.665747 0.781679
vt 0.684498 0.958202
vt 0.685135 0.953997
vt 0.667717 0.754740
vt 0.668038 0.756729
vt 0.882922 0.942878
vt 0.887121 0.942381
vt 0.882942 0.943176
vt 0.099604 0.956032
vt 0.100249 0.951827
vt 0.643368 0.779228
vt 0.641208 0.781434
vt 0.640887 0.779448
vt 0.190070 0.912715
vt 0.190567 0.916915
vt 0.189772 0.912736
vt 0.680853 0.953973
vt 0.681197 0.958202
vt 0.680557 0.953997
vt 0.193882 0.916915
vt 0.194376 0.912715
vt 0.194674 0.912736
vt 0.641210 0.754808
vt 0.643180 0.754494
vt 0.735698 0.957148
vt 0.735943 0.957181
vt 0.911143 0.939066
vt 0.774402 0.544953
vt 0.772431 0.545268
vt 0.959590 0.303291
vt 0.960228 0.299086
vt 0.774402 0.518329
vt 0.774722 0.520318
vt 0.906945 0.942878
vt 0.911143 0.942381
vt 0.906965 0.943175
vt 0.738998 0.957148
vt 0.739642 0.952942
vt 0.750052 0.542817
vt 0.747892 0.545022
vt 0.747571 0.543036
vt 0.913500 0.091461
vt 0.913998 0.095661
vt 0.913203 0.091481
vt 0.955946 0.299062
vt 0.956290 0.303291
vt 0.955649 0.299086
vt 0.917313 0.095661
vt 0.918105 0.091481
vt 0.747891 0.518396
vt 0.749864 0.518086
vt 0.658081 0.955077
vt 0.658327 0.955110
vt 0.931707 0.494442
vt 0.772764 0.163955
vt 0.770795 0.164269
vt 0.773987 0.956545
vt 0.774625 0.952340
vt 0.772764 0.137331
vt 0.773089 0.139321
vt 0.927509 0.498255
vt 0.931708 0.497757
vt 0.927529 0.498552
vt 0.661381 0.955077
vt 0.662026 0.950872
vt 0.748413 0.161822
vt 0.746253 0.164027
vt 0.745933 0.162041
vt 0.911782 0.397780
vt 0.912280 0.401980
vt 0.911485 0.397800
vt 0.770343 0.952316
vt 0.770687 0.956545
vt 0.770046 0.952340
vt 0.915594 0.401979
vt 0.916386 0.397800
vt 0.746253 0.137403
vt 0.748226 0.137090
vt 0.949761 0.234607
vt 0.950006 0.234640
vt 0.217323 0.936189
vt 0.754701 0.598535
vt 0.752730 0.598845
vt 0.954157 0.018857
vt 0.954794 0.014652
vt 0.754701 0.571909
vt 0.755018 0.573902
vt 0.213125 0.940001
vt 0.217324 0.939504
vt 0.213145 0.940299
vt 0.953061 0.234607
vt 0.953706 0.230401
vt 0.730344 0.596398
vt 0.728185 0.598607
vt 0.727861 0.596618
vt 0.904455 0.470937
vt 0.904952 0.475137
vt 0.904157 0.470958
vt 0.950512 0.014628
vt 0.950856 0.018858
vt 0.950215 0.014652
vt 0.908266 0.475137
vt 0.909059 0.470958
vt 0.728192 0.571981
vt 0.730158 0.571668
vt 0.704543 0.890127
vt 0.704789 0.890161
vt 0.918590 0.668369
vt 0.922788 0.668863
vt 0.922821 0.669111
vt 0.458553 0.777175
vt 0.456582 0.777488
vt 0.167970 0.955300
vt 0.168608 0.951096
vt 0.458553 0.750552
vt 0.458873 0.752545
vt 0.918590 0.672675
vt 0.922789 0.672177
vt 0.918610 0.672972
vt 0.576005 0.955902
vt 0.576650 0.951696
vt 0.434200 0.775041
vt 0.432043 0.777246
vt 0.431721 0.775261
vt 0.909244 0.299093
vt 0.909742 0.303292
vt 0.908946 0.299113
vt 0.164326 0.951072
vt 0.164670 0.955301
vt 0.164029 0.951096
vt 0.913056 0.303292
vt 0.913848 0.299113
vt 0.432044 0.750612
vt 0.434016 0.750310
vt 0.955485 0.188882
vt 0.955731 0.188915
vt 0.941277 0.590315
vt 0.774351 0.422357
vt 0.772378 0.422670
vt 0.609483 0.956063
vt 0.610121 0.951858
vt 0.774351 0.395731
vt 0.774670 0.397720
vt 0.937078 0.594127
vt 0.941277 0.593630
vt 0.937099 0.594425
vt 0.958785 0.188882
vt 0.959430 0.184676
vt 0.750002 0.420220
vt 0.747838 0.422428
vt 0.747519 0.420439
vt 0.605169 0.905800
vt 0.605666 0.910000
vt 0.604871 0.905820
vt 0.605838 0.951834
vt 0.606183 0.956063
vt 0.605542 0.951858
vt 0.608981 0.910000
vt 0.609773 0.905820
vt 0.747838 0.395799
vt 0.749813 0.395489
vt 0.141635 0.955301
vt 0.141880 0.955334
vt 0.939158 0.068227
vt 0.761913 0.689918
vt 0.759942 0.690229
vt 0.956997 0.874395
vt 0.957636 0.870189
vt 0.761913 0.663295
vt 0.762234 0.665281
vt 0.934959 0.072039
vt 0.939158 0.071542
vt 0.934979 0.072337
vt 0.144935 0.955301
vt 0.145579 0.951096
vt 0.737560 0.687783
vt 0.735400 0.689988
vt 0.735076 0.688001
vt 0.906572 0.892910
vt 0.907069 0.897110
vt 0.906274 0.892930
vt 0.953353 0.870166
vt 0.953697 0.874395
vt 0.953056 0.870189
vt 0.910383 0.897110
vt 0.911176 0.892930
vt 0.735404 0.663364
vt 0.737375 0.663052
vt 0.945675 0.366751
vt 0.945920 0.366785
vt 0.945469 0.645446
vt 0.236430 0.756452
vt 0.234455 0.756766
vt 0.956919 0.897107
vt 0.957556 0.892903
vt 0.236430 0.729838
vt 0.236750 0.731817
vt 0.941270 0.649258
vt 0.945469 0.648761
vt 0.941290 0.649556
vt 0.948975 0.366752
vt 0.949621 0.362546
vt 0.212079 0.754319
vt 0.209914 0.756520
vt 0.209595 0.754539
vt 0.909410 0.253667
vt 0.909907 0.257867
vt 0.909112 0.253688
vt 0.953274 0.892879
vt 0.953618 0.897107
vt 0.952977 0.892903
vt 0.913221 0.257867
vt 0.914014 0.253688
vt 0.209915 0.729899
vt 0.211887 0.729586
vt 0.605506 0.887317
vt 0.605752 0.887350
vt 0.929705 0.847109
vt 0.933903 0.847603
vt 0.933936 0.847852
vt 0.772766 0.072573
vt 0.770796 0.072880
vt 0.959085 0.258536
vt 0.959723 0.254331
vt 0.772768 0.045943
vt 0.773087 0.047933
vt 0.929705 0.851415
vt 0.933903 0.850918
vt 0.929725 0.851713
vt 0.958320 0.146743
vt 0.958965 0.142538
vt 0.748416 0.070433
vt 0.746253 0.072637
vt 0.745934 0.070652
vt 0.213422 0.912715
vt 0.213920 0.916915
vt 0.213124 0.912736
vt 0.955441 0.254307
vt 0.955785 0.258536
vt 0.955144 0.254331
vt 0.217235 0.916915
vt 0.218027 0.912736
vt 0.746253 0.046015
vt 0.748227 0.045701
vt 0.953020 0.851679
vt 0.953266 0.851713
vt 0.661992 0.928289
vt 0.774356 0.376602
vt 0.772382 0.376912
vt 0.956775 0.943173
vt 0.957414 0.938968
vt 0.774356 0.349975
vt 0.774675 0.351965
vt 0.657794 0.932100
vt 0.661993 0.931603
vt 0.657814 0.932398
vt 0.956320 0.851680
vt 0.956965 0.847475
vt 0.750003 0.374465
vt 0.747841 0.376673
vt 0.747519 0.374687
vt 0.889047 0.044753
vt 0.889545 0.048953
vt 0.888749 0.044773
vt 0.953131 0.938944
vt 0.953476 0.943173
vt 0.952835 0.938968
vt 0.892859 0.048952
vt 0.893652 0.044773
vt 0.747841 0.350046
vt 0.749813 0.349733
vt 0.073275 0.955361
vt 0.073521 0.955395
vt 0.946301 0.518814
vt 0.397516 0.763089
vt 0.395544 0.763399
vt 0.037790 0.949619
vt 0.038428 0.945414
vt 0.397516 0.736463
vt 0.397837 0.738448
vt 0.942103 0.522626
vt 0.946301 0.522129
vt 0.942123 0.522924
vt 0.076575 0.955362
vt 0.077220 0.951157
vt 0.373163 0.760956
vt 0.371000 0.763162
vt 0.370682 0.761175
vt 0.902721 0.230378
vt 0.903218 0.234577
vt 0.902422 0.230398
vt 0.034145 0.945390
vt 0.034489 0.949619
vt 0.033848 0.945414
vt 0.906533 0.234577
vt 0.907325 0.230398
vt 0.371000 0.736535
vt 0.372974 0.736220
vt 0.951495 0.475168
vt 0.951741 0.475201
vt 0.940752 0.115009
vt 0.087904 0.743559
vt 0.085929 0.743873
vt 0.954132 0.498518
vt 0.954770 0.494313
vt 0.087904 0.716938
vt 0.088221 0.718928
vt 0.936553 0.118821
vt 0.940752 0.118323
vt 0.936574 0.119118
vt 0.954796 0.475168
vt 0.955440 0.470963
vt 0.063545 0.741431
vt 0.061390 0.743631
vt 0.061065 0.741649
vt 0.895661 0.448187
vt 0.896158 0.452387
vt 0.895363 0.448207
vt 0.950487 0.494289
vt 0.950831 0.498519
vt 0.950190 0.494313
vt 0.899473 0.452386
vt 0.900265 0.448207
vt 0.061390 0.717011
vt 0.063360 0.716693
vt 0.739708 0.889106
vt 0.739364 0.884877
vt 0.740004 0.889083
vt 0.919655 0.754825
vt 0.923853 0.755319
vt 0.923886 0.755567
vt 0.510095 0.777178
vt 0.508123 0.777491
vt 0.959591 0.326004
vt 0.960230 0.321799
vt 0.510095 0.750554
vt 0.510415 0.752539
vt 0.919654 0.759131
vt 0.923853 0.758634
vt 0.919674 0.759429
vt 0.956241 0.919821
vt 0.956886 0.915616
vt 0.485746 0.775040
vt 0.483584 0.777241
vt 0.483262 0.775259
vt 0.895535 0.645323
vt 0.896033 0.649523
vt 0.895237 0.645344
vt 0.955947 0.321775
vt 0.956292 0.326005
vt 0.955651 0.321799
vt 0.899347 0.649523
vt 0.900139 0.645344
vt 0.483586 0.750621
vt 0.485555 0.750308
vt 0.955486 0.211593
vt 0.955731 0.211627
vt 0.609740 0.929275
vt 0.768797 0.211556
vt 0.766827 0.211869
vt 0.637713 0.954407
vt 0.638351 0.950202
vt 0.768797 0.184929
vt 0.769118 0.186918
vt 0.605542 0.933086
vt 0.609740 0.932589
vt 0.605562 0.933385
vt 0.958786 0.211594
vt 0.959430 0.207388
vt 0.744443 0.209419
vt 0.742283 0.211624
vt 0.741962 0.209639
vt 0.909409 0.276380
vt 0.909907 0.280580
vt 0.909112 0.276401
vt 0.634068 0.950178
vt 0.634413 0.954407
vt 0.633772 0.950202
vt 0.913222 0.280580
vt 0.914014 0.276401
vt 0.742287 0.185000
vt 0.744258 0.184687
vt 0.496454 0.948558
vt 0.496700 0.948591
vt 0.935902 0.143306
vt 0.748364 0.330398
vt 0.746396 0.330712
vt 0.953226 0.713221
vt 0.953864 0.709016
vt 0.748364 0.303772
vt 0.748684 0.305765
vt 0.931704 0.147118
vt 0.935902 0.146620
vt 0.931724 0.147416
vt 0.499754 0.948558
vt 0.500400 0.944353
vt 0.724008 0.328265
vt 0.721847 0.330474
vt 0.721527 0.328488
vt 0.813164 0.892910
vt 0.813662 0.897110
vt 0.812866 0.892930
vt 0.949582 0.708991
vt 0.949926 0.713221
vt 0.949285 0.709016
vt 0.816976 0.897110
vt 0.817769 0.892930
vt 0.721847 0.303851
vt 0.723825 0.303534
vt 0.952479 0.621684
vt 0.952725 0.621717
vt 0.941688 0.544916
vt 0.761900 0.735669
vt 0.759928 0.735986
vt 0.014760 0.949619
vt 0.015399 0.945414
vt 0.761900 0.709048
vt 0.762221 0.711037
vt 0.937490 0.548728
vt 0.941688 0.548230
vt 0.937510 0.549025
vt 0.955779 0.621684
vt 0.956424 0.617478
vt 0.737544 0.733539
vt 0.735388 0.735745
vt 0.735063 0.733759
vt 0.547939 0.892488
vt 0.548436 0.896688
vt 0.547641 0.892508
vt 0.011116 0.945390
vt 0.011460 0.949619
vt 0.010819 0.945414
vt 0.551751 0.896687
vt 0.552543 0.892508
vt 0.735388 0.709119
vt 0.737358 0.708806
vt 0.071316 0.887320
vt 0.070973 0.883090
vt 0.071613 0.887296
vt 0.940752 0.091584
vt 0.714763 0.255291
vt 0.716734 0.254983
vt 0.892520 0.071665
vt 0.893158 0.067459
vt 0.714714 0.281923
vt 0.714389 0.279930
vt 0.936554 0.095395
vt 0.940752 0.094899
vt 0.936574 0.095694
vt 0.708206 0.890127
vt 0.708849 0.885921
vt 0.742016 0.257493
vt 0.744183 0.255291
vt 0.744496 0.257279
vt 0.903809 0.014658
vt 0.904306 0.018858
vt 0.903511 0.014678
vt 0.888515 0.067435
vt 0.888858 0.071665
vt 0.888218 0.067459
vt 0.907621 0.018858
vt 0.908413 0.014678
vt 0.744123 0.281923
vt 0.742151 0.282226
vt 0.888730 0.402009
vt 0.888975 0.402043
vt 0.945469 0.668863
vt 0.265429 0.712186
vt 0.267397 0.711872
vt 0.890024 0.257897
vt 0.890662 0.253691
vt 0.265374 0.738806
vt 0.265054 0.736820
vt 0.941271 0.672674
vt 0.945469 0.672177
vt 0.941292 0.672972
vt 0.892392 0.402010
vt 0.893035 0.397803
vt 0.292679 0.714388
vt 0.294844 0.712186
vt 0.295161 0.714171
vt 0.891084 0.544124
vt 0.891581 0.548323
vt 0.890786 0.544144
vt 0.886018 0.253667
vt 0.886362 0.257897
vt 0.885721 0.253691
vt 0.894896 0.548323
vt 0.895689 0.544144
vt 0.294788 0.738806
vt 0.292818 0.739117
vt 0.886356 0.280610
vt 0.886602 0.280643
vt 0.099869 0.929244
vt 0.155626 0.716939
vt 0.157596 0.716632
vt 0.684819 0.890127
vt 0.685457 0.885921
vt 0.155573 0.743567
vt 0.155253 0.741580
vt 0.095670 0.933056
vt 0.099869 0.932559
vt 0.095690 0.933354
vt 0.890019 0.280610
vt 0.890662 0.276404
vt 0.182882 0.719143
vt 0.185046 0.716939
vt 0.185358 0.718928
vt 0.911783 0.420538
vt 0.912280 0.424738
vt 0.911485 0.420559
vt 0.680813 0.885897
vt 0.681156 0.890127
vt 0.680516 0.885921
vt 0.915594 0.424738
vt 0.916387 0.420559
vt 0.184990 0.743567
vt 0.183018 0.743876
vt 0.886191 0.303322
vt 0.886437 0.303356
vt 0.930802 0.709784
vt 0.638299 0.709053
vt 0.640271 0.708744
vt 0.576050 0.887155
vt 0.576688 0.882949
vt 0.638247 0.735676
vt 0.637925 0.733693
vt 0.926604 0.713596
vt 0.930802 0.713098
vt 0.926624 0.713893
vt 0.889854 0.303322
vt 0.890497 0.299116
vt 0.665557 0.711251
vt 0.667721 0.709053
vt 0.668038 0.711037
vt 0.236774 0.909215
vt 0.237272 0.913415
vt 0.236476 0.909236
vt 0.572044 0.882926
vt 0.572388 0.887155
vt 0.571747 0.882949
vt 0.240586 0.913415
vt 0.241379 0.909236
vt 0.667664 0.735679
vt 0.665693 0.735984
vt 0.886062 0.211565
vt 0.886308 0.211598
vt 0.377391 0.939041
vt 0.699331 0.395793
vt 0.701310 0.395487
vt 0.887265 0.874426
vt 0.887903 0.870220
vt 0.699282 0.422418
vt 0.698957 0.420433
vt 0.373192 0.942854
vt 0.377391 0.942357
vt 0.373212 0.943151
vt 0.889725 0.211565
vt 0.890369 0.207359
vt 0.726586 0.397989
vt 0.728753 0.395793
vt 0.729070 0.397779
vt 0.904455 0.493650
vt 0.904952 0.497849
vt 0.904157 0.493670
vt 0.883258 0.870197
vt 0.883602 0.874427
vt 0.882961 0.870220
vt 0.908266 0.497849
vt 0.909059 0.493670
vt 0.728696 0.422418
vt 0.726730 0.422727
vt 0.164704 0.887226
vt 0.164950 0.887259
vt 0.922787 0.645447
vt 0.572119 0.709069
vt 0.574088 0.708763
vt 0.889859 0.326036
vt 0.890496 0.321831
vt 0.572063 0.735697
vt 0.571747 0.733712
vt 0.918589 0.649258
vt 0.922787 0.648761
vt 0.918609 0.649556
vt 0.168368 0.887226
vt 0.169011 0.883020
vt 0.599383 0.711272
vt 0.601547 0.709069
vt 0.601859 0.711059
vt 0.914024 0.594403
vt 0.914521 0.598603
vt 0.913726 0.594423
vt 0.885852 0.321807
vt 0.886196 0.326036
vt 0.885556 0.321831
vt 0.917836 0.598602
vt 0.918629 0.594423
vt 0.601486 0.735699
vt 0.599515 0.736004
vt 0.883597 0.851711
vt 0.883842 0.851744
vt 0.936368 0.185446
vt 0.686881 0.663359
vt 0.688856 0.663053
vt 0.877612 0.798714
vt 0.878250 0.794508
vt 0.686828 0.689986
vt 0.686505 0.687997
vt 0.932170 0.189257
vt 0.936368 0.188760
vt 0.932191 0.189555
vt 0.887260 0.851711
vt 0.887903 0.847504
vt 0.714142 0.665564
vt 0.716306 0.663359
vt 0.716626 0.665349
vt 0.909116 0.207335
vt 0.909613 0.211535
vt 0.908818 0.207356
vt 0.873605 0.794484
vt 0.873949 0.798715
vt 0.873308 0.794508
vt 0.912927 0.211535
vt 0.913720 0.207356
vt 0.716249 0.689986
vt 0.714274 0.690292
vt 0.880496 0.713221
vt 0.880741 0.713254
vt 0.454809 0.934858
vt 0.155616 0.671251
vt 0.157587 0.670937
vt 0.500123 0.880482
vt 0.500761 0.876276
vt 0.155556 0.697874
vt 0.155239 0.695891
vt 0.450611 0.938670
vt 0.454809 0.938173
vt 0.450632 0.938968
vt 0.884159 0.713221
vt 0.884802 0.709015
vt 0.182876 0.673452
vt 0.185038 0.671251
vt 0.185358 0.673237
vt 0.095967 0.905769
vt 0.096465 0.909968
vt 0.095670 0.905790
vt 0.496116 0.876253
vt 0.496460 0.880482
vt 0.495819 0.876276
vt 0.099779 0.909968
vt 0.100572 0.905790
vt 0.184978 0.697877
vt 0.183006 0.698183
vt 0.880754 0.018856
vt 0.881000 0.018889
vt 0.939035 0.421331
vt 0.679669 0.571973
vt 0.681642 0.571666
vt 0.863874 0.874427
vt 0.864512 0.870220
vt 0.679608 0.598600
vt 0.679291 0.596613
vt 0.934837 0.425143
vt 0.939035 0.424646
vt 0.934857 0.425441
vt 0.884418 0.018856
vt 0.885061 0.014650
vt 0.706927 0.574176
vt 0.709091 0.571975
vt 0.709411 0.573963
vt 0.883220 0.892910
vt 0.883717 0.897109
vt 0.882922 0.892930
vt 0.859867 0.870197
vt 0.860211 0.874427
vt 0.859570 0.870220
vt 0.887032 0.897109
vt 0.887824 0.892930
vt 0.709034 0.598600
vt 0.707059 0.598909
vt 0.808715 0.874427
vt 0.808960 0.874460
vt 0.933824 0.916385
vt 0.572129 0.663377
vt 0.574103 0.663072
vt 0.551945 0.874005
vt 0.552583 0.869799
vt 0.572068 0.690005
vt 0.571747 0.688019
vt 0.929626 0.920196
vt 0.933824 0.919700
vt 0.929646 0.920495
vt 0.812378 0.874427
vt 0.813022 0.870221
vt 0.599392 0.665580
vt 0.601553 0.663376
vt 0.601870 0.665365
vt 0.903550 0.708991
vt 0.904047 0.713191
vt 0.903252 0.709012
vt 0.547937 0.869775
vt 0.548282 0.874005
vt 0.547641 0.869799
vt 0.907362 0.713191
vt 0.908154 0.709012
vt 0.601492 0.690005
vt 0.599523 0.690313
vt 0.865337 0.402010
vt 0.865583 0.402043
vt 0.141470 0.928424
vt 0.265431 0.666492
vt 0.267403 0.666179
vt 0.867097 0.091494
vt 0.866458 0.095701
vt 0.265369 0.693114
vt 0.265054 0.691132
vt 0.145282 0.932622
vt 0.144784 0.928424
vt 0.145579 0.932602
vt 0.869001 0.402010
vt 0.869645 0.397804
vt 0.292694 0.668689
vt 0.294858 0.666492
vt 0.295175 0.668474
vt 0.903322 0.731704
vt 0.903820 0.735904
vt 0.903024 0.731724
vt 0.871104 0.095724
vt 0.870760 0.091494
vt 0.871401 0.095701
vt 0.907134 0.735904
vt 0.907927 0.731724
vt 0.294798 0.693114
vt 0.292824 0.693423
vt 0.011090 0.858830
vt 0.011335 0.858863
vt 0.011289 0.922742
vt 0.371064 0.645078
vt 0.373038 0.644772
vt 0.681155 0.863218
vt 0.680516 0.867424
vt 0.371003 0.671708
vt 0.370682 0.669722
vt 0.015101 0.926941
vt 0.014604 0.922742
vt 0.015399 0.926921
vt 0.014753 0.858831
vt 0.015399 0.854625
vt 0.398331 0.647284
vt 0.400495 0.645078
vt 0.400812 0.647072
vt 0.496117 0.898965
vt 0.496615 0.903165
vt 0.495819 0.898985
vt 0.685163 0.867448
vt 0.684819 0.863218
vt 0.685459 0.867424
vt 0.499929 0.903165
vt 0.500722 0.898985
vt 0.400430 0.671712
vt 0.398459 0.672014
vt 0.164704 0.864513
vt 0.164950 0.864547
vt 0.926567 0.230411
vt 0.649174 0.045944
vt 0.651150 0.045638
vt 0.070976 0.864574
vt 0.071614 0.860367
vt 0.649113 0.072573
vt 0.648793 0.070588
vt 0.930379 0.234609
vt 0.929881 0.230411
vt 0.930677 0.234589
vt 0.168368 0.864513
vt 0.169013 0.860307
vt 0.676441 0.048148
vt 0.678606 0.045944
vt 0.678918 0.047938
vt 0.890672 0.566842
vt 0.891170 0.571041
vt 0.890374 0.566862
vt 0.066968 0.860344
vt 0.067312 0.864574
vt 0.066671 0.860367
vt 0.894484 0.571041
vt 0.895277 0.566862
vt 0.678541 0.072578
vt 0.676567 0.072883
vt 0.330100 0.966241
vt 0.330344 0.966275
vt 0.373985 0.915601
vt 0.314012 0.712181
vt 0.315983 0.711873
vt 0.892397 0.424738
vt 0.893036 0.420532
vt 0.313960 0.738808
vt 0.313639 0.736821
vt 0.377797 0.919800
vt 0.377300 0.915601
vt 0.378095 0.919779
vt 0.609169 0.887317
vt 0.609812 0.883111
vt 0.341270 0.714381
vt 0.343429 0.712181
vt 0.343746 0.714167
vt 0.890149 0.091461
vt 0.890646 0.095661
vt 0.889850 0.091482
vt 0.888391 0.420508
vt 0.888735 0.424738
vt 0.888095 0.420532
vt 0.893960 0.095661
vt 0.894753 0.091482
vt 0.343373 0.738808
vt 0.341403 0.739118
vt 0.770681 0.888469
vt 0.770927 0.888503
vt 0.860363 0.938306
vt 0.480683 0.704861
vt 0.482656 0.704553
vt 0.885600 0.143186
vt 0.884961 0.147392
vt 0.480624 0.731491
vt 0.480303 0.729500
vt 0.864175 0.942505
vt 0.863678 0.938306
vt 0.864473 0.942485
vt 0.774344 0.888470
vt 0.774987 0.884263
vt 0.507938 0.707063
vt 0.510102 0.704861
vt 0.510415 0.706854
vt 0.896997 0.794487
vt 0.897494 0.798687
vt 0.896699 0.794508
vt 0.889606 0.147416
vt 0.889262 0.143186
vt 0.889903 0.147392
vt 0.900809 0.798687
vt 0.901602 0.794508
vt 0.510042 0.731491
vt 0.508070 0.731798
vt 0.657758 0.886331
vt 0.658004 0.886365
vt 0.164822 0.928424
vt 0.697746 0.091643
vt 0.699721 0.091333
vt 0.634371 0.882135
vt 0.633732 0.886341
vt 0.697688 0.118269
vt 0.697368 0.116278
vt 0.168634 0.932622
vt 0.168136 0.928424
vt 0.168931 0.932602
vt 0.661421 0.886331
vt 0.662065 0.882125
vt 0.724997 0.093840
vt 0.727165 0.091643
vt 0.727482 0.093633
vt 0.034146 0.900027
vt 0.034644 0.904227
vt 0.033848 0.900047
vt 0.638377 0.886365
vt 0.638034 0.882135
vt 0.638674 0.886341
vt 0.037958 0.904227
vt 0.038751 0.900047
vt 0.727105 0.118269
vt 0.725133 0.118577
vt 0.874004 0.826414
vt 0.874250 0.826447
vt 0.817736 0.939066
vt 0.432095 0.704860
vt 0.434065 0.704554
vt 0.881404 0.493653
vt 0.880766 0.497859
vt 0.432042 0.731492
vt 0.431721 0.729505
vt 0.813537 0.942878
vt 0.817736 0.942381
vt 0.813557 0.943175
vt 0.877667 0.826414
vt 0.878311 0.822208
vt 0.459354 0.707065
vt 0.461521 0.704860
vt 0.461834 0.706850
vt 0.909117 0.184653
vt 0.909614 0.188853
vt 0.908818 0.184674
vt 0.885411 0.497883
vt 0.885067 0.493653
vt 0.885708 0.497860
vt 0.912928 0.188853
vt 0.913720 0.184674
vt 0.461460 0.731496
vt 0.459486 0.731797
vt 0.873545 0.758726
vt 0.873791 0.758759
vt 0.704704 0.931326
vt 0.107048 0.671244
vt 0.109023 0.670942
vt 0.883937 0.735934
vt 0.884575 0.731727
vt 0.106992 0.697872
vt 0.106670 0.695887
vt 0.708515 0.935524
vt 0.708018 0.931326
vt 0.708813 0.935503
vt 0.877208 0.758726
vt 0.877852 0.754520
vt 0.134305 0.673449
vt 0.136471 0.671244
vt 0.136789 0.673230
vt 0.271098 0.892031
vt 0.271595 0.896230
vt 0.270800 0.892051
vt 0.879930 0.731704
vt 0.880274 0.735934
vt 0.879633 0.731727
vt 0.274909 0.896230
vt 0.275702 0.892051
vt 0.136412 0.697872
vt 0.134441 0.698183
vt 0.867618 0.598632
vt 0.867863 0.598666
vt 0.930497 0.870230
vt 0.686882 0.617663
vt 0.688852 0.617358
vt 0.879669 0.230411
vt 0.879031 0.234617
vt 0.686824 0.644294
vt 0.686505 0.642307
vt 0.934309 0.874428
vt 0.933812 0.870230
vt 0.934607 0.874409
vt 0.871281 0.598632
vt 0.871925 0.594427
vt 0.714142 0.619869
vt 0.716307 0.617660
vt 0.716623 0.619653
vt 0.859868 0.892910
vt 0.860366 0.897110
vt 0.859570 0.892930
vt 0.883676 0.234641
vt 0.883332 0.230411
vt 0.883973 0.234617
vt 0.863680 0.897110
vt 0.864473 0.892930
vt 0.716246 0.644286
vt 0.714273 0.644601
vt 0.860203 0.851710
vt 0.860449 0.851744
vt 0.907066 0.915626
vt 0.010836 0.672209
vt 0.012806 0.671902
vt 0.876311 0.522252
vt 0.876950 0.518045
vt 0.010775 0.698839
vt 0.010456 0.696848
vt 0.910879 0.919824
vt 0.910381 0.915626
vt 0.911176 0.919804
vt 0.863867 0.851712
vt 0.864512 0.847506
vt 0.038096 0.674413
vt 0.040259 0.672209
vt 0.040578 0.674202
vt 0.450238 0.888702
vt 0.450736 0.892902
vt 0.449940 0.888722
vt 0.872304 0.518022
vt 0.872648 0.522252
vt 0.872008 0.518045
vt 0.454050 0.892902
vt 0.454843 0.888722
vt 0.040201 0.698839
vt 0.038226 0.699145
vt 0.190328 0.871550
vt 0.190574 0.871583
vt 0.681350 0.931326
vt 0.650814 0.518324
vt 0.652784 0.518017
vt 0.708212 0.867414
vt 0.708851 0.863209
vt 0.650753 0.544957
vt 0.650432 0.542967
vt 0.685161 0.935523
vt 0.684664 0.931325
vt 0.685459 0.935503
vt 0.193991 0.871550
vt 0.194635 0.867344
vt 0.678069 0.520528
vt 0.680237 0.518324
vt 0.680555 0.520313
vt 0.914436 0.544124
vt 0.914934 0.548323
vt 0.914138 0.544144
vt 0.704205 0.863185
vt 0.704549 0.867415
vt 0.703909 0.863209
vt 0.918248 0.548323
vt 0.919040 0.544144
vt 0.680177 0.544957
vt 0.678202 0.545263
vt 0.141312 0.864513
vt 0.141558 0.864546
vt 0.930418 0.892943
vt 0.480671 0.659172
vt 0.482641 0.658858
vt 0.217389 0.871550
vt 0.218027 0.867344
vt 0.480611 0.685802
vt 0.480293 0.683812
vt 0.934230 0.897141
vt 0.933733 0.892943
vt 0.934528 0.897121
vt 0.144975 0.864513
vt 0.145620 0.860307
vt 0.507934 0.661373
vt 0.510096 0.659172
vt 0.510415 0.661158
vt 0.066969 0.905770
vt 0.067466 0.909969
vt 0.066671 0.905790
vt 0.213382 0.867320
vt 0.213726 0.871550
vt 0.213085 0.867344
vt 0.070781 0.909969
vt 0.071573 0.905790
vt 0.510037 0.685798
vt 0.508066 0.686104
vt 0.034482 0.858830
vt 0.034727 0.858863
vt 0.920843 0.794521
vt 0.650763 0.350098
vt 0.652734 0.349792
vt 0.450579 0.866022
vt 0.449940 0.870228
vt 0.650701 0.376727
vt 0.650381 0.374741
vt 0.924655 0.798719
vt 0.924158 0.794521
vt 0.924954 0.798698
vt 0.038145 0.858831
vt 0.038791 0.854625
vt 0.678025 0.352307
vt 0.680188 0.350098
vt 0.680508 0.352091
vt 0.897058 0.822187
vt 0.897555 0.826387
vt 0.896760 0.822209
vt 0.454586 0.870252
vt 0.454242 0.866022
vt 0.454883 0.870228
vt 0.900869 0.826387
vt 0.901662 0.822209
vt 0.680129 0.376727
vt 0.678155 0.377036
vt 0.862670 0.211565
vt 0.862916 0.211598
vt 0.548433 0.937886
vt 0.645203 0.184994
vt 0.647175 0.184685
vt 0.869130 0.071665
vt 0.869768 0.067459
vt 0.645139 0.211620
vt 0.644822 0.209633
vt 0.552245 0.942083
vt 0.551748 0.937886
vt 0.552543 0.942064
vt 0.866334 0.211565
vt 0.866978 0.207359
vt 0.672468 0.187195
vt 0.674634 0.184994
vt 0.674948 0.186976
vt 0.213423 0.890033
vt 0.213920 0.894232
vt 0.213124 0.890053
vt 0.865123 0.067435
vt 0.865467 0.071665
vt 0.864825 0.067459
vt 0.217234 0.894232
vt 0.218027 0.890053
vt 0.674569 0.211615
vt 0.672593 0.211925
vt 0.858991 0.621647
vt 0.859237 0.621680
vt 0.920905 0.822221
vt 0.010839 0.626516
vt 0.012813 0.626208
vt 0.609176 0.864605
vt 0.609814 0.860398
vt 0.010774 0.653143
vt 0.010456 0.651153
vt 0.924716 0.826419
vt 0.924219 0.822221
vt 0.925014 0.826399
vt 0.862656 0.621647
vt 0.863300 0.617441
vt 0.038109 0.628718
vt 0.040271 0.626518
vt 0.040587 0.628506
vt 0.396884 0.892883
vt 0.397382 0.897083
vt 0.396586 0.892904
vt 0.605168 0.860374
vt 0.605511 0.864605
vt 0.604871 0.860398
vt 0.400696 0.897083
vt 0.401488 0.892904
vt 0.040205 0.653143
vt 0.038231 0.653453
vt 0.967039 0.826418
vt 0.967283 0.826453
vt 0.661233 0.909014
vt 0.662026 0.904835
vt 0.716236 0.735676
vt 0.714267 0.735985
vt 0.144975 0.887226
vt 0.145618 0.883020
vt 0.657421 0.904814
vt 0.657919 0.909014
vt 0.657123 0.904835
vt 0.298757 0.918945
vt 0.298259 0.914747
vt 0.299055 0.918926
vt 0.714130 0.711251
vt 0.716293 0.709050
vt 0.716614 0.711038
vt 0.735702 0.884877
vt 0.735063 0.889083
vt 0.686822 0.735676
vt 0.686505 0.733692
vt 0.294945 0.914747
vt 0.686875 0.709050
vt 0.688846 0.708743
vt 0.141312 0.887226
vt 0.141558 0.887259
vt 0.881401 0.475136
vt 0.881647 0.475169
vt 0.919544 0.518055
vt 0.699381 0.472630
vt 0.701352 0.472324
vt 0.096308 0.883090
vt 0.095670 0.887296
vt 0.699328 0.499260
vt 0.699007 0.497273
vt 0.923355 0.522254
vt 0.922858 0.518055
vt 0.923653 0.522233
vt 0.885064 0.475136
vt 0.885707 0.470929
vt 0.726642 0.474834
vt 0.728806 0.472630
vt 0.729122 0.474619
vt 0.572045 0.905639
vt 0.572542 0.909838
vt 0.571748 0.905659
vt 0.100315 0.887319
vt 0.099971 0.883090
vt 0.100611 0.887296
vt 0.575857 0.909838
vt 0.576650 0.905659
vt 0.728744 0.499260
vt 0.726774 0.499565
vt 0.886062 0.188852
vt 0.886308 0.188886
vt 0.520003 0.915206
vt 0.371060 0.690776
vt 0.373037 0.690463
vt 0.872485 0.645357
vt 0.871846 0.649562
vt 0.371002 0.717397
vt 0.370682 0.715411
vt 0.523815 0.919404
vt 0.523317 0.915206
vt 0.524113 0.919384
vt 0.889725 0.188852
vt 0.890369 0.184646
vt 0.398315 0.692978
vt 0.400477 0.690776
vt 0.400798 0.692763
vt 0.908650 0.143183
vt 0.909147 0.147383
vt 0.908352 0.143203
vt 0.876490 0.649587
vt 0.876149 0.645358
vt 0.876787 0.649564
vt 0.912462 0.147383
vt 0.913255 0.143203
vt 0.400421 0.717397
vt 0.398450 0.717707
vt 0.397219 0.874402
vt 0.397465 0.874436
vt 0.837010 0.938306
vt 0.697747 0.137325
vt 0.699713 0.137030
vt 0.271399 0.869352
vt 0.270760 0.873558
vt 0.697686 0.163964
vt 0.697369 0.161978
vt 0.840822 0.942505
vt 0.840325 0.938306
vt 0.841120 0.942484
vt 0.400882 0.874403
vt 0.401526 0.870197
vt 0.725004 0.139537
vt 0.727171 0.137325
vt 0.727485 0.139323
vt 0.836516 0.892910
vt 0.837014 0.897109
vt 0.836218 0.892930
vt 0.275405 0.873582
vt 0.275061 0.869352
vt 0.275702 0.873559
vt 0.840328 0.897109
vt 0.841121 0.892930
vt 0.727110 0.163964
vt 0.725140 0.164270
vt 0.836814 0.874427
vt 0.837059 0.874460
vt 0.237269 0.931931
vt 0.209973 0.684139
vt 0.211948 0.683834
vt 0.572387 0.860245
vt 0.571747 0.864451
vt 0.209913 0.710764
vt 0.209595 0.708778
vt 0.241081 0.936129
vt 0.240584 0.931931
vt 0.241379 0.936109
vt 0.840477 0.874427
vt 0.841121 0.870220
vt 0.237233 0.686338
vt 0.239396 0.684139
vt 0.239713 0.686126
vt 0.895535 0.668071
vt 0.896033 0.672270
vt 0.895238 0.668090
vt 0.576392 0.864476
vt 0.576050 0.860246
vt 0.576689 0.864452
vt 0.899348 0.672270
vt 0.900140 0.668090
vt 0.239339 0.710764
vt 0.237365 0.711074
vt 0.862797 0.303322
vt 0.863043 0.303356
vt 0.770839 0.929668
vt 0.693771 0.184991
vt 0.695739 0.184681
vt 0.373831 0.870206
vt 0.373192 0.874412
vt 0.693714 0.211617
vt 0.693398 0.209629
vt 0.774650 0.933866
vt 0.774153 0.929668
vt 0.774948 0.933846
vt 0.866461 0.303324
vt 0.867106 0.299118
vt 0.721033 0.187190
vt 0.723195 0.184991
vt 0.723513 0.186976
vt 0.906651 0.847481
vt 0.907148 0.851680
vt 0.906353 0.847501
vt 0.377838 0.874435
vt 0.377494 0.870206
vt 0.378135 0.874412
vt 0.910463 0.851680
vt 0.911255 0.847501
vt 0.723138 0.211617
vt 0.721168 0.211926
vt 0.858007 0.475136
vt 0.858253 0.475169
vt 0.073111 0.928484
vt 0.314002 0.666485
vt 0.315975 0.666179
vt 0.872610 0.448220
vt 0.871971 0.452426
vt 0.313941 0.693114
vt 0.313625 0.691127
vt 0.076923 0.932683
vt 0.076425 0.928484
vt 0.077220 0.932663
vt 0.861671 0.475137
vt 0.862316 0.470931
vt 0.341264 0.668689
vt 0.343428 0.666485
vt 0.343746 0.668478
vt 0.329852 0.893996
vt 0.330350 0.898196
vt 0.329555 0.894016
vt 0.876617 0.452450
vt 0.876273 0.448220
vt 0.876914 0.452426
vt 0.333665 0.898196
vt 0.334457 0.894016
vt 0.343366 0.693114
vt 0.341393 0.693424
vt 0.865992 0.048960
vt 0.866238 0.048994
vt 0.860363 0.915626
vt 0.666197 0.255289
vt 0.668168 0.254983
vt 0.867621 0.566839
vt 0.866982 0.571046
vt 0.666135 0.281919
vt 0.665814 0.279929
vt 0.864174 0.919824
vt 0.863677 0.915625
vt 0.864473 0.919804
vt 0.869655 0.048960
vt 0.870299 0.044754
vt 0.693456 0.257491
vt 0.695620 0.255289
vt 0.695940 0.257283
vt 0.547938 0.915170
vt 0.548435 0.919370
vt 0.547641 0.915190
vt 0.871628 0.571069
vt 0.871284 0.566839
vt 0.871925 0.571046
vt 0.551750 0.919370
vt 0.552543 0.915190
vt 0.695562 0.281919
vt 0.693589 0.282225
vt 0.862799 0.326036
vt 0.863045 0.326070
vt 0.520003 0.937886
vt 0.638307 0.663358
vt 0.640282 0.663052
vt 0.739368 0.866361
vt 0.740006 0.862154
vt 0.638246 0.689988
vt 0.637925 0.687997
vt 0.523815 0.942085
vt 0.523318 0.937886
vt 0.524113 0.942064
vt 0.866463 0.326037
vt 0.867107 0.321830
vt 0.665570 0.665560
vt 0.667735 0.663358
vt 0.668051 0.665348
vt 0.770344 0.906952
vt 0.770842 0.911152
vt 0.770046 0.906973
vt 0.735361 0.862131
vt 0.735704 0.866361
vt 0.735063 0.862154
vt 0.774156 0.911152
vt 0.774949 0.906973
vt 0.667671 0.689988
vt 0.665699 0.690294
vt 0.096305 0.864573
vt 0.096551 0.864607
vt 0.927656 0.014691
vt 0.650811 0.472630
vt 0.652784 0.472324
vt 0.865341 0.420535
vt 0.864702 0.424741
vt 0.650750 0.499258
vt 0.650432 0.497272
vt 0.931468 0.018890
vt 0.930971 0.014691
vt 0.931765 0.018870
vt 0.099969 0.864573
vt 0.100613 0.860367
vt 0.678074 0.474834
vt 0.680237 0.472630
vt 0.680557 0.474620
vt 0.373490 0.892885
vt 0.373988 0.897085
vt 0.373192 0.892905
vt 0.869349 0.424765
vt 0.869005 0.420535
vt 0.869645 0.424741
vt 0.377302 0.897085
vt 0.378094 0.892905
vt 0.680178 0.499258
vt 0.678206 0.499568
vt 0.862670 0.188852
vt 0.862916 0.188886
vt 0.933091 0.321839
vt 0.638306 0.617668
vt 0.640280 0.617361
vt 0.862207 0.143186
vt 0.861568 0.147392
vt 0.638246 0.644295
vt 0.637925 0.642308
vt 0.936903 0.326038
vt 0.936406 0.321839
vt 0.937201 0.326018
vt 0.866334 0.188852
vt 0.866978 0.184646
vt 0.665573 0.619868
vt 0.667737 0.617667
vt 0.668055 0.619654
vt 0.271098 0.914713
vt 0.271595 0.918913
vt 0.270801 0.914734
vt 0.866215 0.147416
vt 0.865871 0.143186
vt 0.866512 0.147392
vt 0.274910 0.918913
vt 0.275702 0.914734
vt 0.667673 0.644295
vt 0.665702 0.644603
vt 0.835420 0.402016
vt 0.835666 0.402050
vt 0.910462 0.874396
vt 0.911255 0.870217
vt 0.728698 0.376727
vt 0.726726 0.377033
vt 0.886048 0.621654
vt 0.886691 0.617448
vt 0.726594 0.352303
vt 0.728758 0.350098
vt 0.729075 0.352088
vt 0.906651 0.870197
vt 0.907148 0.874396
vt 0.906352 0.870217
vt 0.067309 0.883090
vt 0.066671 0.887296
vt 0.932463 0.258272
vt 0.936662 0.257775
vt 0.932484 0.258570
vt 0.936662 0.254460
vt 0.699282 0.376731
vt 0.698957 0.374740
vt 0.699332 0.350098
vt 0.701310 0.349795
vt 0.882385 0.621654
vt 0.882630 0.621687
vt 0.875581 0.366752
vt 0.875826 0.366786
vt 0.634565 0.927529
vt 0.699387 0.518320
vt 0.701363 0.518017
vt 0.011095 0.877347
vt 0.010456 0.881554
vt 0.699331 0.544953
vt 0.699007 0.542963
vt 0.638376 0.931728
vt 0.637879 0.927529
vt 0.638674 0.931708
vt 0.879243 0.366752
vt 0.879887 0.362546
vt 0.726644 0.520529
vt 0.728808 0.518320
vt 0.729124 0.520314
vt 0.735362 0.907556
vt 0.735859 0.911755
vt 0.735063 0.907576
vt 0.015101 0.881577
vt 0.014757 0.877347
vt 0.015398 0.881554
vt 0.739173 0.911755
vt 0.739966 0.907576
vt 0.728750 0.544953
vt 0.726780 0.545259
vt 0.330190 0.875513
vt 0.330436 0.875546
vt 0.813659 0.915625
vt 0.697745 0.045944
vt 0.699720 0.045638
vt 0.034487 0.877348
vt 0.033848 0.881554
vt 0.697688 0.072571
vt 0.697368 0.070582
vt 0.817470 0.919823
vt 0.816973 0.915625
vt 0.817769 0.919803
vt 0.333853 0.875513
vt 0.334497 0.871307
vt 0.725005 0.048148
vt 0.727168 0.045944
vt 0.727485 0.047935
vt 0.898634 0.362523
vt 0.899132 0.366722
vt 0.898336 0.362543
vt 0.038493 0.881578
vt 0.038150 0.877348
vt 0.038790 0.881554
vt 0.902446 0.366722
vt 0.903239 0.362543
vt 0.727107 0.072571
vt 0.725132 0.072881
vt 0.868030 0.548332
vt 0.868275 0.548365
vt 0.946266 0.448310
vt 0.673340 0.303784
vt 0.675311 0.303470
vt 0.519849 0.869810
vt 0.519210 0.874017
vt 0.673277 0.330406
vt 0.672959 0.328424
vt 0.942067 0.452122
vt 0.946266 0.451625
vt 0.942087 0.452420
vt 0.871693 0.548332
vt 0.872337 0.544126
vt 0.700596 0.305981
vt 0.702762 0.303784
vt 0.703077 0.305770
vt 0.912399 0.044753
vt 0.912896 0.048952
vt 0.912101 0.044773
vt 0.523856 0.874040
vt 0.523512 0.869810
vt 0.524152 0.874017
vt 0.916211 0.048952
vt 0.917004 0.044773
vt 0.702699 0.330406
vt 0.700728 0.330715
vt 0.634365 0.863619
vt 0.634611 0.863653
vt 0.939034 0.397903
vt 0.432098 0.659164
vt 0.434072 0.658858
vt 0.770685 0.861560
vt 0.770046 0.865766
vt 0.432038 0.685796
vt 0.431721 0.683812
vt 0.934836 0.401715
vt 0.939035 0.401218
vt 0.934857 0.402013
vt 0.638028 0.863621
vt 0.638674 0.859415
vt 0.459360 0.661373
vt 0.461525 0.659174
vt 0.461843 0.661157
vt 0.909245 0.321806
vt 0.909742 0.326006
vt 0.908947 0.321827
vt 0.774692 0.865790
vt 0.774348 0.861560
vt 0.774989 0.865766
vt 0.913057 0.326006
vt 0.913849 0.321827
vt 0.461463 0.685796
vt 0.459489 0.686105
vt 0.421285 0.870219
vt 0.421531 0.870252
vt 0.330348 0.916711
vt 0.649174 0.137333
vt 0.651145 0.137027
vt 0.872484 0.668073
vt 0.871846 0.672279
vt 0.649113 0.163963
vt 0.648793 0.161975
vt 0.334160 0.920910
vt 0.333662 0.916711
vt 0.334457 0.920890
vt 0.424949 0.870219
vt 0.425593 0.866012
vt 0.676437 0.139538
vt 0.678597 0.137333
vt 0.678918 0.139323
vt 0.914024 0.566841
vt 0.914521 0.571041
vt 0.913726 0.566861
vt 0.876491 0.672303
vt 0.876148 0.668073
vt 0.876788 0.672279
vt 0.917836 0.571041
vt 0.918629 0.566862
vt 0.678537 0.163966
vt 0.676565 0.164272
vt 0.867093 0.118409
vt 0.867338 0.118443
vt 0.919507 0.448220
vt 0.650761 0.395791
vt 0.652731 0.395489
vt 0.302148 0.869352
vt 0.301510 0.873558
vt 0.650698 0.422425
vt 0.650381 0.420435
vt 0.923319 0.452419
vt 0.922822 0.448220
vt 0.923617 0.452398
vt 0.870757 0.118409
vt 0.871400 0.114203
vt 0.678023 0.397997
vt 0.680186 0.395791
vt 0.680505 0.397777
vt 0.420948 0.888701
vt 0.421446 0.892902
vt 0.420650 0.888722
vt 0.306155 0.873582
vt 0.305812 0.869352
vt 0.306452 0.873558
vt 0.424760 0.892901
vt 0.425552 0.888722
vt 0.680126 0.422422
vt 0.678155 0.422731
vt 0.858007 0.497850
vt 0.858253 0.497883
vt 0.933090 0.299126
vt 0.649174 0.091645
vt 0.651146 0.091333
vt 0.240781 0.868050
vt 0.241419 0.863844
vt 0.649114 0.118263
vt 0.648793 0.116281
vt 0.936902 0.303324
vt 0.936405 0.299126
vt 0.937200 0.303304
vt 0.861671 0.497851
vt 0.862316 0.493645
vt 0.676440 0.093848
vt 0.678605 0.091645
vt 0.678919 0.093632
vt 0.896600 0.754527
vt 0.897098 0.758726
vt 0.896302 0.754547
vt 0.236773 0.863820
vt 0.237117 0.868050
vt 0.236476 0.863844
vt 0.900412 0.758726
vt 0.901205 0.754547
vt 0.678541 0.118263
vt 0.676568 0.118577
vt 0.862963 0.280610
vt 0.863209 0.280643
vt 0.400784 0.939039
vt 0.209976 0.638442
vt 0.211951 0.638147
vt 0.862967 0.253701
vt 0.862328 0.257906
vt 0.209915 0.665073
vt 0.209595 0.663087
vt 0.396586 0.942851
vt 0.400784 0.942354
vt 0.396606 0.943148
vt 0.866627 0.280610
vt 0.867272 0.276404
vt 0.237246 0.640646
vt 0.239411 0.638442
vt 0.239723 0.640432
vt 0.236775 0.886533
vt 0.237273 0.890733
vt 0.236476 0.886554
vt 0.866974 0.257931
vt 0.866631 0.253701
vt 0.867271 0.257906
vt 0.240587 0.890733
vt 0.241379 0.886554
vt 0.239346 0.665073
vt 0.237371 0.665382
vt 0.397218 0.851686
vt 0.397463 0.851719
vt 0.576616 0.929113
vt 0.209977 0.592751
vt 0.211947 0.592441
vt 0.657762 0.859422
vt 0.657123 0.863629
vt 0.209912 0.619376
vt 0.209595 0.617390
vt 0.572418 0.932925
vt 0.576617 0.932428
vt 0.572439 0.933223
vt 0.400882 0.851688
vt 0.401528 0.847481
vt 0.237245 0.594950
vt 0.239410 0.592751
vt 0.239727 0.594737
vt 0.140975 0.905709
vt 0.141472 0.909908
vt 0.140677 0.905729
vt 0.661770 0.863652
vt 0.661427 0.859423
vt 0.662067 0.863629
vt 0.144787 0.909908
vt 0.145579 0.905729
vt 0.239344 0.619376
vt 0.237372 0.619684
vt 0.373737 0.965799
vt 0.373982 0.965833
vt 0.661188 0.973560
vt 0.661108 0.977715
vt 0.660866 0.977753
vt 0.818162 0.118197
vt 0.816210 0.118532
vt 0.817396 0.988463
vt 0.817769 0.984319
vt 0.818162 0.091789
vt 0.818492 0.093735
vt 0.657742 0.973560
vt 0.657823 0.977715
vt 0.657447 0.973571
vt 0.400235 0.988435
vt 0.400613 0.984291
vt 0.793903 0.116148
vt 0.791804 0.118249
vt 0.791476 0.116305
vt 0.496657 0.967041
vt 0.496739 0.971196
vt 0.496363 0.967051
vt 0.814037 0.984308
vt 0.814118 0.988463
vt 0.813742 0.984319
vt 0.500024 0.971196
vt 0.500400 0.967051
vt 0.791809 0.091841
vt 0.793756 0.091508
vt 0.837098 0.987792
vt 0.837340 0.987832
vt 0.979339 0.965810
vt 0.814256 0.211355
vt 0.812312 0.211692
vt 0.523175 0.987356
vt 0.523547 0.983212
vt 0.814256 0.184951
vt 0.814585 0.186896
vt 0.975972 0.961656
vt 0.976054 0.965810
vt 0.975677 0.961667
vt 0.840376 0.987792
vt 0.840754 0.983648
vt 0.789998 0.209311
vt 0.787899 0.211408
vt 0.787567 0.209462
vt 0.975709 0.847451
vt 0.975791 0.851606
vt 0.975415 0.847462
vt 0.519815 0.983201
vt 0.519896 0.987356
vt 0.519520 0.983212
vt 0.979076 0.851606
vt 0.979451 0.847462
vt 0.787899 0.185004
vt 0.789852 0.184669
vt 0.373563 0.988438
vt 0.373805 0.988477
vt 0.167690 0.977939
vt 0.807362 0.735668
vt 0.805412 0.736002
vt 0.863791 0.987775
vt 0.864163 0.983631
vt 0.807362 0.709258
vt 0.807686 0.711206
vt 0.164324 0.973784
vt 0.164405 0.977939
vt 0.164029 0.973795
vt 0.376842 0.988438
vt 0.377220 0.984294
vt 0.783099 0.733622
vt 0.781004 0.735722
vt 0.780670 0.733771
vt 0.473628 0.876253
vt 0.473710 0.880407
vt 0.473333 0.876263
vt 0.860430 0.983620
vt 0.860512 0.987775
vt 0.860135 0.983631
vt 0.476995 0.880408
vt 0.477370 0.876263
vt 0.781004 0.709313
vt 0.782952 0.708978
vt 0.190452 0.984900
vt 0.190694 0.984939
vt 0.975976 0.713215
vt 0.397373 0.808650
vt 0.395426 0.808986
vt 0.990449 0.649477
vt 0.990821 0.645334
vt 0.397373 0.782243
vt 0.397697 0.784189
vt 0.972609 0.709061
vt 0.972691 0.713215
vt 0.972314 0.709072
vt 0.193730 0.984900
vt 0.194109 0.980756
vt 0.373114 0.806607
vt 0.371014 0.808707
vt 0.370682 0.806759
vt 0.968365 0.362591
vt 0.968446 0.366746
vt 0.968070 0.362602
vt 0.987090 0.645323
vt 0.987170 0.649477
vt 0.986794 0.645334
vt 0.971731 0.366746
vt 0.972107 0.362602
vt 0.371014 0.782296
vt 0.372962 0.781961
vt 0.450621 0.984239
vt 0.450863 0.984278
vt 0.979747 0.874389
vt 0.807373 0.689728
vt 0.805425 0.690058
vt 0.990450 0.672265
vt 0.990822 0.668122
vt 0.807373 0.663316
vt 0.807702 0.665268
vt 0.976380 0.870235
vt 0.976462 0.874389
vt 0.976085 0.870245
vt 0.453900 0.984239
vt 0.454278 0.980095
vt 0.783112 0.687679
vt 0.781016 0.689780
vt 0.780684 0.687831
vt 0.975631 0.915592
vt 0.975712 0.919747
vt 0.975336 0.915603
vt 0.987090 0.668111
vt 0.987171 0.672265
vt 0.986794 0.668122
vt 0.978997 0.919747
vt 0.979372 0.915603
vt 0.781016 0.663373
vt 0.782961 0.663036
vt 0.421021 0.983569
vt 0.421263 0.983608
vt 0.121974 0.978670
vt 0.807317 0.644158
vt 0.805369 0.644490
vt 0.551861 0.987353
vt 0.552234 0.983210
vt 0.807317 0.617751
vt 0.807647 0.619699
vt 0.118607 0.974515
vt 0.118689 0.978669
vt 0.118313 0.974525
vt 0.424300 0.983569
vt 0.424679 0.979425
vt 0.783054 0.642112
vt 0.780959 0.644211
vt 0.780626 0.642262
vt 0.976300 0.892948
vt 0.976382 0.897102
vt 0.976006 0.892958
vt 0.548501 0.983199
vt 0.548582 0.987353
vt 0.548206 0.983210
vt 0.979667 0.897103
vt 0.980042 0.892958
vt 0.780963 0.617806
vt 0.782908 0.617467
vt 0.213495 0.985570
vt 0.213737 0.985608
vt 0.576275 0.978538
vt 0.236426 0.802015
vt 0.234482 0.802354
vt 0.297243 0.986896
vt 0.297615 0.982753
vt 0.236426 0.775606
vt 0.236754 0.777555
vt 0.572908 0.974384
vt 0.572990 0.978538
vt 0.572613 0.974395
vt 0.216774 0.985570
vt 0.217153 0.981426
vt 0.212161 0.799974
vt 0.210065 0.802076
vt 0.209733 0.800125
vt 0.473628 0.921540
vt 0.473710 0.925695
vt 0.473333 0.921551
vt 0.293882 0.982741
vt 0.293963 0.986896
vt 0.293587 0.982753
vt 0.476995 0.925696
vt 0.477370 0.921551
vt 0.210065 0.775663
vt 0.212013 0.775329
vt 0.983585 0.548279
vt 0.983827 0.548317
vt 0.609203 0.978701
vt 0.781004 0.754829
vt 0.782956 0.754496
vt 0.274765 0.986896
vt 0.275137 0.982752
vt 0.780951 0.781237
vt 0.780623 0.779289
vt 0.605836 0.974546
vt 0.605918 0.978701
vt 0.605542 0.974557
vt 0.986864 0.548279
vt 0.987243 0.544136
vt 0.805270 0.756918
vt 0.807369 0.754829
vt 0.807694 0.756771
vt 0.972450 0.230378
vt 0.972532 0.234533
vt 0.972156 0.230389
vt 0.271404 0.982741
vt 0.271486 0.986895
vt 0.271109 0.982752
vt 0.975817 0.234533
vt 0.976192 0.230389
vt 0.807313 0.781237
vt 0.805361 0.781568
vt 0.983173 0.594362
vt 0.983415 0.594401
vt 0.634197 0.976552
vt 0.773864 0.571935
vt 0.775802 0.571603
vt 0.980600 0.400768
vt 0.984744 0.401140
vt 0.773801 0.598339
vt 0.773468 0.596394
vt 0.638350 0.973185
vt 0.634197 0.973267
vt 0.638340 0.972890
vt 0.986453 0.594362
vt 0.986831 0.590218
vt 0.798128 0.574022
vt 0.800224 0.571935
vt 0.800549 0.573886
vt 0.974185 0.470939
vt 0.974267 0.475094
vt 0.973890 0.470950
vt 0.984754 0.397406
vt 0.980600 0.397488
vt 0.984744 0.397111
vt 0.977552 0.475094
vt 0.977926 0.470950
vt 0.800164 0.598339
vt 0.798215 0.598671
vt 0.982647 0.094947
vt 0.982889 0.094986
vt 0.976905 0.018784
vt 0.767525 0.303803
vt 0.769470 0.303470
vt 0.982841 0.571387
vt 0.986985 0.571758
vt 0.767466 0.330210
vt 0.767134 0.328263
vt 0.973538 0.014628
vt 0.973620 0.018784
vt 0.973244 0.014640
vt 0.985927 0.094947
vt 0.986306 0.090803
vt 0.791788 0.305897
vt 0.793888 0.303803
vt 0.794217 0.305749
vt 0.034143 0.968102
vt 0.034224 0.972257
vt 0.033848 0.968114
vt 0.986996 0.568025
vt 0.982841 0.568107
vt 0.986985 0.567729
vt 0.037510 0.972257
vt 0.037885 0.968115
vt 0.793828 0.330210
vt 0.791880 0.330539
vt 0.704831 0.980838
vt 0.705074 0.980877
vt 0.144661 0.977939
vt 0.155649 0.762662
vt 0.157589 0.762326
vt 0.985934 0.117613
vt 0.986306 0.113470
vt 0.155585 0.789071
vt 0.155253 0.787122
vt 0.141295 0.973784
vt 0.141376 0.977938
vt 0.141000 0.973796
vt 0.708111 0.980839
vt 0.708490 0.976695
vt 0.179913 0.764754
vt 0.182013 0.762662
vt 0.182337 0.764610
vt 0.973612 0.731718
vt 0.973694 0.735873
vt 0.973318 0.731729
vt 0.982573 0.113459
vt 0.982655 0.117614
vt 0.982277 0.113470
vt 0.976980 0.735873
vt 0.977355 0.731729
vt 0.181953 0.789071
vt 0.180003 0.789400
vt 0.982218 0.048922
vt 0.982460 0.048961
vt 0.981076 0.146668
vt 0.010849 0.763558
vt 0.012793 0.763226
vt 0.984339 0.072298
vt 0.984711 0.068155
vt 0.010788 0.789971
vt 0.010456 0.788024
vt 0.977709 0.142514
vt 0.977791 0.146668
vt 0.977414 0.142525
vt 0.985499 0.048923
vt 0.985877 0.044779
vt 0.035114 0.765657
vt 0.037213 0.763558
vt 0.037542 0.765509
vt 0.473629 0.898896
vt 0.473710 0.903051
vt 0.473333 0.898907
vt 0.980978 0.068143
vt 0.981059 0.072299
vt 0.980682 0.068155
vt 0.476995 0.903051
vt 0.477370 0.898907
vt 0.037153 0.789971
vt 0.035201 0.790297
vt 0.976048 0.988454
vt 0.976290 0.988493
vt 0.076846 0.977999
vt 0.818219 0.072376
vt 0.816272 0.072711
vt 0.910438 0.988462
vt 0.910810 0.984318
vt 0.818219 0.045970
vt 0.818551 0.047918
vt 0.073479 0.973845
vt 0.073561 0.977999
vt 0.073184 0.973855
vt 0.979326 0.988454
vt 0.979704 0.984310
vt 0.793966 0.070330
vt 0.791866 0.072425
vt 0.791537 0.070477
vt 0.011658 0.968102
vt 0.011739 0.972257
vt 0.011362 0.968112
vt 0.907079 0.984307
vt 0.907160 0.988462
vt 0.906783 0.984318
vt 0.015023 0.972257
vt 0.015399 0.968113
vt 0.791868 0.046019
vt 0.793815 0.045684
vt 0.980931 0.424617
vt 0.981172 0.424656
vt 0.095709 0.978177
vt 0.061466 0.762724
vt 0.063402 0.762391
vt 0.237224 0.980903
vt 0.241368 0.981275
vt 0.061397 0.789129
vt 0.061065 0.787186
vt 0.099863 0.974809
vt 0.095709 0.974892
vt 0.099852 0.974515
vt 0.984211 0.424617
vt 0.984590 0.420473
vt 0.085736 0.764819
vt 0.087827 0.762731
vt 0.088151 0.764671
vt 0.976159 0.939013
vt 0.976241 0.943168
vt 0.975864 0.939024
vt 0.241379 0.977541
vt 0.237224 0.977623
vt 0.241368 0.977246
vt 0.979527 0.943167
vt 0.979900 0.939024
vt 0.087766 0.789129
vt 0.085815 0.789462
vt 0.979049 0.325999
vt 0.979292 0.326038
vt 0.977918 0.188314
vt 0.107063 0.762602
vt 0.109008 0.762269
vt 0.735488 0.979288
vt 0.739632 0.979660
vt 0.107000 0.789009
vt 0.106670 0.787059
vt 0.982073 0.184948
vt 0.977918 0.185029
vt 0.982062 0.184653
vt 0.982330 0.325999
vt 0.982709 0.321855
vt 0.131333 0.764693
vt 0.133433 0.762602
vt 0.133761 0.764550
vt 0.973514 0.494289
vt 0.973596 0.498445
vt 0.973219 0.494300
vt 0.739642 0.975926
vt 0.735488 0.976007
vt 0.739632 0.975630
vt 0.976881 0.498445
vt 0.977256 0.494301
vt 0.133364 0.789009
vt 0.131421 0.789338
vt 0.979048 0.303217
vt 0.979290 0.303256
vt 0.982034 0.207740
vt 0.746330 0.091840
vt 0.748274 0.091504
vt 0.680980 0.980343
vt 0.685124 0.980714
vt 0.746263 0.118245
vt 0.745933 0.116296
vt 0.977880 0.211107
vt 0.982034 0.211025
vt 0.977890 0.211400
vt 0.982329 0.303217
vt 0.982708 0.299074
vt 0.770598 0.093924
vt 0.772701 0.091840
vt 0.773026 0.093785
vt 0.473628 0.966828
vt 0.473709 0.970983
vt 0.473333 0.966839
vt 0.685135 0.976980
vt 0.680980 0.977062
vt 0.685124 0.976685
vt 0.476994 0.970983
vt 0.477370 0.966839
vt 0.772637 0.118245
vt 0.770682 0.118577
vt 0.978543 0.258530
vt 0.978784 0.258569
vt 0.979028 0.617830
vt 0.735480 0.617804
vt 0.737420 0.617468
vt 0.770470 0.978687
vt 0.774614 0.979058
vt 0.735400 0.644215
vt 0.735076 0.642263
vt 0.974874 0.621197
vt 0.979028 0.621115
vt 0.974885 0.621491
vt 0.981824 0.258531
vt 0.982203 0.254386
vt 0.759750 0.619895
vt 0.761853 0.617804
vt 0.762177 0.619752
vt 0.473629 0.944184
vt 0.473709 0.948339
vt 0.473333 0.944195
vt 0.774625 0.975323
vt 0.770470 0.975405
vt 0.774614 0.975028
vt 0.476995 0.948339
vt 0.477370 0.944195
vt 0.761783 0.644215
vt 0.759833 0.644539
vt 0.658065 0.977753
vt 0.294795 0.960111
vt 0.789734 0.281844
vt 0.787770 0.282163
vt 0.967159 0.794523
vt 0.966611 0.798701
vt 0.789734 0.255294
vt 0.790055 0.257266
vt 0.298448 0.964292
vt 0.298099 0.960111
vt 0.298745 0.964275
vt 0.333393 0.966241
vt 0.333947 0.962062
vt 0.765412 0.279741
vt 0.763267 0.281909
vt 0.762946 0.279937
vt 0.450547 0.957417
vt 0.450896 0.961600
vt 0.450250 0.957435
vt 0.970707 0.798720
vt 0.970451 0.794523
vt 0.971003 0.798701
vt 0.454201 0.961600
vt 0.454843 0.957435
vt 0.763272 0.255359
vt 0.765238 0.255038
vt 0.953380 0.965854
vt 0.953624 0.965889
vt 0.548284 0.960568
vt 0.598534 0.781318
vt 0.596568 0.781635
vt 0.813925 0.961660
vt 0.813376 0.965839
vt 0.598534 0.754770
vt 0.598855 0.756743
vt 0.551937 0.964750
vt 0.551588 0.960568
vt 0.552234 0.964732
vt 0.956673 0.965854
vt 0.957227 0.961676
vt 0.574211 0.779215
vt 0.572067 0.781382
vt 0.571747 0.779412
vt 0.950572 0.731718
vt 0.950921 0.735901
vt 0.950275 0.731735
vt 0.817473 0.965859
vt 0.817219 0.961662
vt 0.817769 0.965840
vt 0.954225 0.735901
vt 0.954868 0.731735
vt 0.572070 0.754835
vt 0.574033 0.754515
vt 0.907328 0.965823
vt 0.907572 0.965858
vt 0.860214 0.960990
vt 0.774359 0.499188
vt 0.772394 0.499505
vt 0.930174 0.961664
vt 0.929626 0.965842
vt 0.774359 0.472638
vt 0.774681 0.474612
vt 0.863867 0.965171
vt 0.863518 0.960989
vt 0.864163 0.965154
vt 0.910621 0.965823
vt 0.911176 0.961645
vt 0.750030 0.497085
vt 0.747895 0.499252
vt 0.747572 0.497281
vt 0.959531 0.114901
vt 0.959881 0.119084
vt 0.959235 0.114918
vt 0.933722 0.965861
vt 0.933467 0.961664
vt 0.934019 0.965842
vt 0.963184 0.119084
vt 0.963828 0.114918
vt 0.747895 0.472702
vt 0.749858 0.472385
vt 0.839673 0.598638
vt 0.839919 0.598671
vt 0.190724 0.958114
vt 0.291845 0.784435
vt 0.289881 0.784744
vt 0.969388 0.758725
vt 0.969936 0.754546
vt 0.291845 0.757878
vt 0.292165 0.759851
vt 0.194377 0.962295
vt 0.194028 0.958114
vt 0.194674 0.962278
vt 0.970332 0.826418
vt 0.970886 0.822240
vt 0.267520 0.782329
vt 0.265382 0.784496
vt 0.265053 0.782523
vt 0.957937 0.068120
vt 0.958286 0.072302
vt 0.957640 0.068137
vt 0.965840 0.754527
vt 0.966095 0.758725
vt 0.965544 0.754546
vt 0.961590 0.072302
vt 0.962233 0.068137
vt 0.265382 0.757944
vt 0.267346 0.757623
vt 0.965328 0.522889
vt 0.965573 0.522924
vt 0.959449 0.044803
vt 0.343425 0.784428
vt 0.341462 0.784750
vt 0.964502 0.668105
vt 0.963952 0.672284
vt 0.343425 0.757879
vt 0.343746 0.759851
vt 0.963102 0.048984
vt 0.962753 0.044803
vt 0.963398 0.048968
vt 0.968622 0.522889
vt 0.969176 0.518710
vt 0.319105 0.782328
vt 0.316961 0.784497
vt 0.316637 0.782524
vt 0.959532 0.090792
vt 0.959881 0.094974
vt 0.959235 0.090809
vt 0.968049 0.672304
vt 0.967795 0.668107
vt 0.968345 0.672285
vt 0.963185 0.094974
vt 0.963828 0.090809
vt 0.316961 0.757945
vt 0.318928 0.757624
vt 0.964495 0.649520
vt 0.964740 0.649556
vt 0.960404 0.567577
vt 0.761854 0.781356
vt 0.759890 0.781678
vt 0.965296 0.447553
vt 0.964748 0.451732
vt 0.761854 0.754808
vt 0.762174 0.756782
vt 0.964057 0.571758
vt 0.963708 0.567577
vt 0.964353 0.571741
vt 0.967788 0.649521
vt 0.968345 0.645343
vt 0.737526 0.779254
vt 0.735392 0.781424
vt 0.735063 0.779454
vt 0.957814 0.397111
vt 0.958164 0.401293
vt 0.957518 0.397128
vt 0.968845 0.451750
vt 0.968590 0.447553
vt 0.969141 0.451732
vt 0.961467 0.401293
vt 0.962111 0.397128
vt 0.735392 0.754874
vt 0.737352 0.754554
vt 0.848464 0.798717
vt 0.848709 0.798751
vt 0.213768 0.958784
vt 0.713294 0.781299
vt 0.711331 0.781619
vt 0.397135 0.961632
vt 0.396586 0.965811
vt 0.713294 0.754748
vt 0.713615 0.756722
vt 0.217422 0.962965
vt 0.217072 0.958784
vt 0.217718 0.962948
vt 0.377031 0.965799
vt 0.377586 0.961620
vt 0.688967 0.779198
vt 0.686826 0.781366
vt 0.686505 0.779395
vt 0.960056 0.590207
vt 0.960406 0.594390
vt 0.959760 0.590224
vt 0.400683 0.965831
vt 0.400429 0.961633
vt 0.400979 0.965812
vt 0.963710 0.594390
vt 0.964353 0.590224
vt 0.686830 0.754816
vt 0.688793 0.754497
vt 0.942881 0.758726
vt 0.943126 0.758761
vt 0.960814 0.544158
vt 0.010845 0.717912
vt 0.012808 0.717598
vt 0.947613 0.798686
vt 0.948161 0.794507
vt 0.010776 0.744467
vt 0.010456 0.742492
vt 0.964468 0.548340
vt 0.964119 0.544158
vt 0.964765 0.548323
vt 0.946541 0.758726
vt 0.947095 0.754546
vt 0.038094 0.720072
vt 0.040244 0.717912
vt 0.040561 0.719887
vt 0.420947 0.956747
vt 0.421296 0.960930
vt 0.420650 0.956764
vt 0.943699 0.794487
vt 0.943954 0.798687
vt 0.943403 0.794507
vt 0.424600 0.960930
vt 0.425243 0.956764
vt 0.040174 0.744464
vt 0.038211 0.744777
vt 0.883305 0.965823
vt 0.883550 0.965859
vt 0.520163 0.960570
vt 0.190821 0.652103
vt 0.188861 0.652423
vt 0.837277 0.960990
vt 0.836727 0.965167
vt 0.190821 0.625551
vt 0.191146 0.627525
vt 0.523816 0.964751
vt 0.523467 0.960570
vt 0.524113 0.964734
vt 0.886599 0.965823
vt 0.887153 0.961646
vt 0.166497 0.650002
vt 0.164356 0.652169
vt 0.164035 0.650198
vt 0.237082 0.954579
vt 0.237432 0.958761
vt 0.236786 0.954596
vt 0.840823 0.965188
vt 0.840570 0.960990
vt 0.841120 0.965169
vt 0.240736 0.958761
vt 0.241379 0.954596
vt 0.164363 0.625620
vt 0.166324 0.625300
vt 0.930170 0.943143
vt 0.930414 0.943178
vt 0.271753 0.960111
vt 0.107063 0.716949
vt 0.109027 0.716635
vt 0.330104 0.939395
vt 0.329555 0.943574
vt 0.106995 0.743503
vt 0.106670 0.741529
vt 0.275406 0.964292
vt 0.275057 0.960111
vt 0.275702 0.964275
vt 0.933829 0.943144
vt 0.934385 0.938965
vt 0.134319 0.719113
vt 0.136460 0.716949
vt 0.136780 0.718921
vt 0.957814 0.420463
vt 0.958164 0.424645
vt 0.957518 0.420479
vt 0.334018 0.943593
vt 0.333762 0.939395
vt 0.334314 0.943574
vt 0.961468 0.424645
vt 0.962111 0.420479
vt 0.136392 0.743500
vt 0.134425 0.743816
vt 0.826732 0.621654
vt 0.826978 0.621687
vt 0.837011 0.915625
vt 0.600875 0.255272
vt 0.602845 0.254965
vt 0.328105 0.848600
vt 0.327466 0.852810
vt 0.600814 0.281908
vt 0.600497 0.279919
vt 0.840823 0.919824
vt 0.840325 0.915625
vt 0.841121 0.919803
vt 0.854215 0.798717
vt 0.854859 0.794508
vt 0.644880 0.257482
vt 0.647045 0.255284
vt 0.647364 0.257270
vt 0.905439 0.617455
vt 0.905936 0.621654
vt 0.905141 0.617475
vt 0.334200 0.852834
vt 0.333856 0.848600
vt 0.334497 0.852810
vt 0.909250 0.621654
vt 0.910043 0.617475
vt 0.646989 0.281920
vt 0.645012 0.282225
vt 0.371317 0.851690
vt 0.371563 0.851723
vt 0.271592 0.937428
vt 0.504784 0.337370
vt 0.506757 0.337066
vt 0.839677 0.566839
vt 0.839038 0.571051
vt 0.504720 0.364013
vt 0.504405 0.362026
vt 0.275404 0.941626
vt 0.274907 0.937427
vt 0.275702 0.941606
vt 0.847888 0.598638
vt 0.848533 0.594427
vt 0.568551 0.339571
vt 0.570715 0.337372
vt 0.571030 0.339359
vt 0.519508 0.892490
vt 0.520006 0.896690
vt 0.519210 0.892510
vt 0.848236 0.571074
vt 0.847891 0.566839
vt 0.848533 0.571051
vt 0.523320 0.896689
vt 0.524113 0.892510
vt 0.570650 0.364013
vt 0.568678 0.364320
vt 0.887153 0.942133
vt 0.294944 0.937428
vt 0.010846 0.580800
vt 0.012816 0.580496
vt 0.808719 0.847514
vt 0.808080 0.851724
vt 0.010773 0.607440
vt 0.010456 0.605451
vt 0.298757 0.941626
vt 0.298259 0.937428
vt 0.299054 0.941606
vt 0.377489 0.851690
vt 0.378135 0.847480
vt 0.058230 0.583018
vt 0.060396 0.580815
vt 0.060714 0.582801
vt 0.895696 0.518022
vt 0.896194 0.522221
vt 0.895399 0.518042
vt 0.815235 0.851748
vt 0.814891 0.847514
vt 0.815532 0.851724
vt 0.899508 0.522221
vt 0.900301 0.518042
vt 0.060325 0.607455
vt 0.058352 0.607759
vt 0.922822 0.671930
vt 0.034641 0.922742
vt 0.432100 0.472627
vt 0.434074 0.472321
vt 0.835425 0.420535
vt 0.834786 0.424748
vt 0.432040 0.499271
vt 0.431721 0.497282
vt 0.038453 0.926940
vt 0.037956 0.922742
vt 0.038751 0.926920
vt 0.845606 0.402020
vt 0.846253 0.397807
vt 0.511677 0.474829
vt 0.513840 0.472628
vt 0.514157 0.474616
vt 0.680855 0.908610
vt 0.681352 0.912810
vt 0.680557 0.908631
vt 0.845955 0.424771
vt 0.845611 0.420535
vt 0.846253 0.424748
vt 0.684667 0.912810
vt 0.685459 0.908631
vt 0.513775 0.499271
vt 0.511802 0.499577
vt 0.853261 0.522289
vt 0.852917 0.518055
vt 0.853558 0.522265
vt 0.496612 0.921681
vt 0.407435 0.138930
vt 0.409406 0.138622
vt 0.681156 0.840498
vt 0.680516 0.844711
vt 0.407371 0.165571
vt 0.407053 0.163585
vt 0.500424 0.925879
vt 0.499927 0.921681
vt 0.500722 0.925859
vt 0.839261 0.621654
vt 0.839907 0.617441
vt 0.505796 0.141131
vt 0.507961 0.138932
vt 0.508278 0.140920
vt 0.450238 0.911384
vt 0.450736 0.915584
vt 0.449940 0.911404
vt 0.694030 0.844735
vt 0.693685 0.840498
vt 0.694327 0.844711
vt 0.454050 0.915583
vt 0.454842 0.911404
vt 0.507896 0.165573
vt 0.505922 0.165881
vt 0.847711 0.118449
vt 0.847366 0.114213
vt 0.848008 0.118425
vt 0.637882 0.909014
vt 0.638674 0.904835
vt 0.581674 0.281914
vt 0.579701 0.282218
vt 0.852876 0.452421
vt 0.853522 0.448210
vt 0.634070 0.904815
vt 0.634567 0.909014
vt 0.633772 0.904835
vt 0.739668 0.934469
vt 0.739171 0.930271
vt 0.739966 0.934449
vt 0.579567 0.257471
vt 0.581729 0.255272
vt 0.582047 0.257260
vt 0.846161 0.518055
vt 0.845522 0.522265
vt 0.527442 0.281910
vt 0.527123 0.279922
vt 0.735856 0.930271
vt 0.527497 0.255272
vt 0.529467 0.254965
vt 0.846120 0.452418
vt 0.846365 0.452452
vt 0.933936 0.850671
vt 0.168179 0.909908
vt 0.168972 0.905729
vt 0.230485 0.546861
vt 0.228513 0.547167
vt 0.847364 0.095697
vt 0.848009 0.091485
vt 0.228379 0.522418
vt 0.230543 0.520218
vt 0.230860 0.522206
vt 0.164368 0.905709
vt 0.164865 0.909908
vt 0.164070 0.905729
vt 0.837580 0.114213
vt 0.836941 0.118425
vt 0.401190 0.919797
vt 0.400693 0.915599
vt 0.401488 0.919777
vt 0.397378 0.915599
vt 0.151953 0.546861
vt 0.151635 0.544871
vt 0.152009 0.520218
vt 0.153980 0.519912
vt 0.837578 0.095697
vt 0.837824 0.095730
vt 0.834618 0.851714
vt 0.834863 0.851747
vt 0.936246 0.044786
vt 0.572128 0.617666
vt 0.574099 0.617358
vt 0.848420 0.822217
vt 0.847781 0.826427
vt 0.572064 0.644302
vt 0.571747 0.642314
vt 0.940058 0.048984
vt 0.939561 0.044786
vt 0.940355 0.048964
vt 0.840476 0.851714
vt 0.841121 0.847504
vt 0.616997 0.619881
vt 0.619162 0.617679
vt 0.619476 0.619665
vt 0.911905 0.067435
vt 0.912402 0.071635
vt 0.911608 0.067456
vt 0.854622 0.826451
vt 0.854278 0.822217
vt 0.854919 0.826427
vt 0.915717 0.071635
vt 0.916510 0.067456
vt 0.619097 0.644317
vt 0.617124 0.644620
vt 0.854817 0.234610
vt 0.855063 0.234643
vt 0.922482 0.362556
vt 0.613070 0.303778
vt 0.615041 0.303470
vt 0.494999 0.853570
vt 0.494360 0.857779
vt 0.613012 0.330412
vt 0.612693 0.328423
vt 0.926293 0.366754
vt 0.925796 0.362556
vt 0.926591 0.366734
vt 0.859938 0.234610
vt 0.860582 0.230401
vt 0.652026 0.305979
vt 0.654191 0.303779
vt 0.654510 0.305769
vt 0.890147 0.114216
vt 0.890645 0.118416
vt 0.889849 0.114237
vt 0.500464 0.857803
vt 0.500120 0.853570
vt 0.500761 0.857779
vt 0.893959 0.118415
vt 0.894752 0.114236
vt 0.654127 0.330415
vt 0.652158 0.330723
vt 0.519845 0.851292
vt 0.520091 0.851325
vt 0.421443 0.934100
vt 0.532984 0.472629
vt 0.534953 0.472325
vt 0.545760 0.847092
vt 0.545121 0.851302
vt 0.532925 0.499269
vt 0.532606 0.497279
vt 0.425255 0.938297
vt 0.424757 0.934099
vt 0.425553 0.938277
vt 0.526026 0.851294
vt 0.526672 0.847085
vt 0.580446 0.474829
vt 0.582607 0.472627
vt 0.582925 0.474617
vt 0.913499 0.114216
vt 0.913997 0.118415
vt 0.913201 0.114236
vt 0.552285 0.851325
vt 0.551941 0.847092
vt 0.552583 0.851302
vt 0.917311 0.118415
vt 0.918104 0.114236
vt 0.582550 0.499266
vt 0.580578 0.499573
vt 0.793768 0.452423
vt 0.794014 0.452456
vt 0.929285 0.617488
vt 0.010830 0.383076
vt 0.012802 0.382769
vt 0.793811 0.518055
vt 0.793172 0.522270
vt 0.010773 0.409724
vt 0.010456 0.407737
vt 0.933097 0.621686
vt 0.932600 0.617488
vt 0.933395 0.621667
vt 0.826390 0.452423
vt 0.827036 0.448208
vt 0.270311 0.385277
vt 0.272478 0.383077
vt 0.272794 0.385064
vt 0.294450 0.892031
vt 0.294948 0.896230
vt 0.294152 0.892051
vt 0.826775 0.522294
vt 0.826430 0.518055
vt 0.827072 0.522270
vt 0.298262 0.896230
vt 0.299054 0.892051
vt 0.272413 0.409725
vt 0.270443 0.410031
vt 0.271395 0.850836
vt 0.271641 0.850869
vt 0.421443 0.911417
vt 0.532483 0.383076
vt 0.534455 0.382769
vt 0.302149 0.846635
vt 0.301510 0.850845
vt 0.532411 0.409712
vt 0.532094 0.407728
vt 0.425255 0.915616
vt 0.424757 0.911417
vt 0.425552 0.915596
vt 0.277622 0.850836
vt 0.278267 0.846626
vt 0.580303 0.385293
vt 0.582466 0.383090
vt 0.582783 0.385080
vt 0.010794 0.900027
vt 0.011292 0.904227
vt 0.010496 0.900048
vt 0.308720 0.850869
vt 0.308376 0.846635
vt 0.309017 0.850845
vt 0.014606 0.904227
vt 0.015399 0.900048
vt 0.582393 0.409729
vt 0.580422 0.410037
vt 0.855781 0.735936
vt 0.856027 0.735969
vt 0.883715 0.915626
vt 0.107052 0.625547
vt 0.109023 0.625240
vt 0.856272 0.014659
vt 0.855633 0.018867
vt 0.106987 0.652183
vt 0.106670 0.650194
vt 0.887527 0.919824
vt 0.887029 0.915626
vt 0.887824 0.919804
vt 0.860539 0.735936
vt 0.861184 0.731727
vt 0.143095 0.627747
vt 0.145261 0.625547
vt 0.145575 0.627536
vt 0.704208 0.908610
vt 0.704706 0.912810
vt 0.703911 0.908631
vt 0.861374 0.018891
vt 0.861030 0.014659
vt 0.861670 0.018867
vt 0.708021 0.912810
vt 0.708813 0.908631
vt 0.145191 0.652183
vt 0.143220 0.652488
vt 0.846524 0.672273
vt 0.846770 0.672307
vt 0.928301 0.470970
vt 0.531365 0.518328
vt 0.533339 0.518026
vt 0.846528 0.645357
vt 0.845889 0.649567
vt 0.531291 0.544963
vt 0.530973 0.542979
vt 0.932113 0.475168
vt 0.931616 0.470970
vt 0.932411 0.475148
vt 0.852751 0.672273
vt 0.853397 0.668064
vt 0.579192 0.520546
vt 0.581356 0.518342
vt 0.581673 0.520332
vt 0.190070 0.890033
vt 0.190568 0.894232
vt 0.189772 0.890053
vt 0.853099 0.649590
vt 0.852755 0.645357
vt 0.853397 0.649567
vt 0.193882 0.894232
vt 0.194675 0.890053
vt 0.581282 0.544983
vt 0.579309 0.545290
vt 0.944099 0.826421
vt 0.944345 0.826453
vt 0.839935 0.544171
vt 0.010823 0.561722
vt 0.010516 0.559751
vt 0.704551 0.954008
vt 0.703911 0.958211
vt 0.077582 0.561728
vt 0.075608 0.562046
vt 0.848253 0.544135
vt 0.848945 0.548337
vt 0.947399 0.826421
vt 0.948045 0.822214
vt 0.012991 0.537350
vt 0.010754 0.535192
vt 0.012754 0.534870
vt 0.837299 0.044731
vt 0.837902 0.048917
vt 0.837000 0.044751
vt 0.708193 0.958234
vt 0.707851 0.954009
vt 0.708490 0.958213
vt 0.846219 0.048953
vt 0.846907 0.044750
vt 0.077512 0.535192
vt 0.077833 0.537166
vt 0.450576 0.847506
vt 0.450822 0.847539
vt 0.190565 0.935430
vt 0.527117 0.138929
vt 0.529086 0.138622
vt 0.421289 0.843304
vt 0.420650 0.847515
vt 0.527045 0.165567
vt 0.526728 0.163580
vt 0.194377 0.939629
vt 0.193880 0.935430
vt 0.194675 0.939608
vt 0.458351 0.847506
vt 0.458997 0.843295
vt 0.587357 0.141131
vt 0.589522 0.138929
vt 0.589841 0.140921
vt 0.890672 0.594403
vt 0.891170 0.598603
vt 0.890375 0.594423
vt 0.429410 0.847539
vt 0.429065 0.843304
vt 0.429707 0.847515
vt 0.894485 0.598603
vt 0.895277 0.594423
vt 0.589452 0.165570
vt 0.587480 0.165876
vt 0.923886 0.758386
vt 0.190815 0.916948
vt 0.193634 0.916948
vt 0.668038 0.779379
vt 0.640891 0.756797
vt 0.774722 0.542964
vt 0.747573 0.520386
vt 0.773089 0.161968
vt 0.745933 0.139393
vt 0.755018 0.596549
vt 0.727864 0.573974
vt 0.458873 0.775186
vt 0.431721 0.752609
vt 0.774670 0.420372
vt 0.747519 0.397793
vt 0.762234 0.687929
vt 0.735079 0.665349
vt 0.236754 0.754471
vt 0.209595 0.731889
vt 0.773087 0.070584
vt 0.745936 0.048001
vt 0.774675 0.374615
vt 0.747519 0.352033
vt 0.397837 0.761103
vt 0.370682 0.738524
vt 0.088221 0.741574
vt 0.061065 0.718995
vt 0.510415 0.775188
vt 0.483262 0.752607
vt 0.769118 0.209566
vt 0.741965 0.186991
vt 0.748684 0.328416
vt 0.721529 0.305832
vt 0.762221 0.733683
vt 0.735063 0.711110
vt 0.714439 0.257279
vt 0.744450 0.279932
vt 0.265102 0.714169
vt 0.295113 0.736829
vt 0.155301 0.718926
vt 0.185318 0.741580
vt 0.637974 0.711037
vt 0.667992 0.733693
vt 0.699010 0.397779
vt 0.729025 0.420433
vt 0.571795 0.711059
vt 0.601815 0.733712
vt 0.686557 0.665349
vt 0.716573 0.688001
vt 0.155289 0.673237
vt 0.185304 0.695891
vt 0.679343 0.573961
vt 0.709362 0.596614
vt 0.571805 0.665365
vt 0.601821 0.688019
vt 0.265107 0.668474
vt 0.295124 0.691132
vt 0.370738 0.647072
vt 0.400759 0.669722
vt 0.648849 0.047929
vt 0.678869 0.070588
vt 0.313688 0.714165
vt 0.343702 0.736821
vt 0.480360 0.706848
vt 0.510370 0.729500
vt 0.697421 0.093629
vt 0.727431 0.116278
vt 0.431770 0.706850
vt 0.461785 0.729505
vt 0.106724 0.673230
vt 0.136736 0.695887
vt 0.686554 0.619653
vt 0.716571 0.642307
vt 0.010510 0.674198
vt 0.040526 0.696848
vt 0.650488 0.520313
vt 0.680501 0.542967
vt 0.480344 0.661158
vt 0.510362 0.683812
vt 0.650436 0.352087
vt 0.680453 0.374741
vt 0.644875 0.186976
vt 0.674896 0.209633
vt 0.010512 0.628502
vt 0.040531 0.651156
vt 0.716565 0.733692
vt 0.686550 0.711038
vt 0.714322 0.708742
vt 0.699057 0.474619
vt 0.729072 0.497273
vt 0.370735 0.692759
vt 0.400749 0.715415
vt 0.697421 0.139323
vt 0.727439 0.161978
vt 0.209649 0.686128
vt 0.239668 0.708778
vt 0.693447 0.186976
vt 0.723463 0.209631
vt 0.313678 0.668475
vt 0.343692 0.691127
vt 0.665868 0.257278
vt 0.695888 0.279929
vt 0.637979 0.665348
vt 0.668000 0.688002
vt 0.650486 0.474620
vt 0.680505 0.497272
vt 0.637981 0.619654
vt 0.668002 0.642308
vt 0.729026 0.374740
vt 0.699008 0.352088
vt 0.726783 0.349792
vt 0.699062 0.520314
vt 0.729079 0.542967
vt 0.697420 0.047934
vt 0.727436 0.070586
vt 0.673012 0.305766
vt 0.703025 0.328419
vt 0.431774 0.661157
vt 0.461790 0.683812
vt 0.648848 0.139323
vt 0.678863 0.161975
vt 0.650434 0.397777
vt 0.680450 0.420435
vt 0.648850 0.093629
vt 0.678866 0.116281
vt 0.209652 0.640432
vt 0.239674 0.663087
vt 0.209650 0.594737
vt 0.239668 0.617390
vt 0.818492 0.116251
vt 0.791476 0.093790
vt 0.814585 0.209406
vt 0.787567 0.186949
vt 0.807694 0.733719
vt 0.780675 0.711260
vt 0.397697 0.806706
vt 0.370682 0.784246
vt 0.807702 0.687778
vt 0.780684 0.665322
vt 0.807647 0.642208
vt 0.780626 0.619751
vt 0.236754 0.800068
vt 0.209737 0.777611
vt 0.780668 0.756771
vt 0.807645 0.779289
vt 0.773521 0.573879
vt 0.800496 0.596394
vt 0.767186 0.305747
vt 0.794160 0.328263
vt 0.155313 0.764605
vt 0.182281 0.787122
vt 0.010509 0.765509
vt 0.037486 0.788024
vt 0.818551 0.070427
vt 0.791537 0.047967
vt 0.061118 0.764671
vt 0.088094 0.787186
vt 0.106728 0.764550
vt 0.133704 0.787059
vt 0.745990 0.093785
vt 0.772966 0.116296
vt 0.735136 0.619752
vt 0.762117 0.642266
vt 0.790051 0.279872
vt 0.762946 0.257331
vt 0.598855 0.779344
vt 0.571748 0.756809
vt 0.774682 0.497213
vt 0.747572 0.474680
vt 0.292165 0.782455
vt 0.265059 0.759914
vt 0.343746 0.782457
vt 0.316640 0.759920
vt 0.762174 0.779385
vt 0.735063 0.756849
vt 0.713615 0.779325
vt 0.686505 0.756791
vt 0.010512 0.719887
vt 0.040500 0.742501
vt 0.191146 0.650130
vt 0.164035 0.627593
vt 0.106735 0.718924
vt 0.136720 0.741529
vt 0.600548 0.257258
vt 0.647311 0.279933
vt 0.504457 0.339360
vt 0.570975 0.362026
vt 0.010518 0.582788
vt 0.060649 0.605465
vt 0.431775 0.474614
vt 0.514103 0.497284
vt 0.407109 0.140918
vt 0.508221 0.163587
vt 0.581999 0.279922
vt 0.527171 0.257257
vt 0.579758 0.254965
vt 0.230811 0.544873
vt 0.151683 0.522206
vt 0.228572 0.519912
vt 0.571801 0.619652
vt 0.619425 0.642328
vt 0.612743 0.305764
vt 0.654452 0.328428
vt 0.532657 0.474617
vt 0.582873 0.497279
vt 0.010503 0.385063
vt 0.272742 0.407738
vt 0.532157 0.385063
vt 0.582721 0.407743
vt 0.106725 0.627534
vt 0.145518 0.650194
vt 0.531039 0.520316
vt 0.581610 0.542995
vt 0.075537 0.534878
vt 0.526786 0.140921
vt 0.589779 0.163584
vt 0.955020 0.146743
vt 0.955266 0.146776
vt 0.516112 0.303470
vt 0.458377 0.824438
vt 0.407053 0.120173
vt 0.672717 0.820224
vt 0.149141 0.209337
vt 0.331567 0.284455
vt 0.800878 0.233925
vt 0.601435 0.800147
vt 0.487415 0.796001
vt 0.807542 0.007352
vt 0.354587 0.877881
vt 0.529085 0.770665
vt 0.122073 0.868837
vt 0.714122 0.831266
vt 0.856492 0.373113
vt 0.126045 0.534870
vt 0.487415 0.808339
vt 0.014447 0.808747
vt 0.818998 0.544102
vt 0.609878 0.165876
vt 0.269301 0.626322
vt 0.412852 0.120173
vt 0.413272 0.429371
vt 0.609878 0.045638
vt 0.096593 0.534870
vt 0.777727 0.007352
vt 0.412852 0.079181
vt 0.269375 0.209337
vt 0.782496 0.843077
vt 0.779329 0.843077
vt 0.777454 0.843077
vt 0.775567 0.843077
vt 0.798641 0.541062
vt 0.799870 0.543122
vt 0.575609 0.568948
vt 0.576718 0.570441
vt 0.354607 0.903717
vt 0.826194 0.645355
vt 0.431843 0.639936
vt 0.126442 0.322159
vt 0.431843 0.640409
vt 0.735063 0.803384
vt 0.410161 0.263364
vt 0.290465 0.209337
vt 0.287825 0.263364
vt 0.404871 0.284455
vt 0.789630 0.822184
vt 0.628327 0.149720
vt 0.601375 0.453874
vt 0.528823 0.007352
vt 0.531054 0.113665
vt 0.528823 0.115896
vt 0.458997 0.820870
vt 0.458060 0.819763
vt 0.247064 0.825809
vt 0.247344 0.825572
vt 0.247055 0.820851
vt 0.247990 0.821957
vt 0.421296 0.824558
vt 0.209733 0.821956
vt 0.210668 0.820851
vt 0.308091 0.828149
vt 0.308371 0.827914
vt 0.420650 0.820868
vt 0.421588 0.819763
vt 0.210658 0.825808
vt 0.210378 0.825571
vt 0.271404 0.827912
vt 0.271684 0.828148
vt 0.421561 0.801310
vt 0.421237 0.801030
vt 0.457953 0.796002
vt 0.458873 0.797059
vt 0.789491 0.800325
vt 0.526333 0.796001
vt 0.081705 0.654059
vt 0.796621 0.422671
vt 0.080855 0.580496
vt 0.082133 0.580713
vt 0.566398 0.433821
vt 0.796539 0.471326
vt 0.519340 0.828609
vt 0.547543 0.828549
vt 0.547543 0.827393
vt 0.815173 0.404128
vt 0.815448 0.424105
vt 0.816280 0.424121
vt 0.122138 0.887439
vt 0.412055 0.611897
vt 0.060219 0.684008
vt 0.530121 0.739900
vt 0.529808 0.658858
vt 0.529089 0.658945
vt 0.564057 0.434147
vt 0.533414 0.450079
vt 0.885575 0.984885
vt 0.884985 0.986553
vt 0.793554 0.897062
vt 0.411788 0.582394
vt 0.793553 0.919744
vt 0.082133 0.663437
vt 0.550032 0.658905
vt 0.640887 0.801764
vt 0.227059 0.501312
vt 0.265053 0.593185
vt 0.249927 0.091409
vt 0.340522 0.091417
vt 0.433929 0.409149
vt 0.300076 0.525496
vt 0.369946 0.455564
vt 0.221424 0.007352
vt 0.010456 0.007352
vt 0.809055 0.829031
vt 0.808080 0.827920
vt 0.826699 0.822529
vt 0.588164 0.007352
vt 0.739000 0.452466
vt 0.348684 0.823712
vt 0.327473 0.830118
vt 0.327758 0.823595
vt 0.403910 0.455564
vt 0.383568 0.587830
vt 0.625903 0.472324
vt 0.268504 0.537778
vt 0.343699 0.804659
vt 0.388604 0.072959
vt 0.617305 0.770033
vt 0.557540 0.007352
vt 0.345328 0.344044
vt 0.230860 0.573992
vt 0.222402 0.566117
vt 0.013781 0.510981
vt 0.266403 0.644772
vt 0.659492 0.598909
vt 0.265779 0.647068
vt 0.625853 0.440714
vt 0.547535 0.621365
vt 0.291548 0.574735
vt 0.836446 0.363752
vt 0.594243 0.307736
vt 0.521135 0.190760
vt 0.122986 0.494658
vt 0.010456 0.515591
vt 0.556742 0.564526
vt 0.441083 0.572860
vt 0.547647 0.573100
vt 0.631982 0.563678
vt 0.601375 0.577266
vt 0.554895 0.598610
vt 0.438095 0.591619
vt 0.812840 0.330366
vt 0.382417 0.091409
vt 0.599790 0.209337
vt 0.814318 0.271908
vt 0.606709 0.007352
vt 0.548571 0.804356
vt 0.550849 0.745725
vt 0.731918 0.230378
vt 0.033113 0.836150
vt 0.662067 0.840940
vt 0.735063 0.843681
vt 0.931826 0.732427
vt 0.989398 0.447518
vt 0.935918 0.210057
vt 0.122215 0.953065
vt 0.118897 0.952335
vt 0.120705 0.950826
vt 0.370682 0.827484
vt 0.955080 0.277019
vt 0.236950 0.845371
vt 0.954450 0.277624
vt 0.959809 0.277624
vt 0.353079 0.943972
vt 0.973652 0.165725
vt 0.795087 0.939877
vt 0.954703 0.165725
vt 0.508673 0.209412
vt 0.090064 0.838700
vt 0.093215 0.831507
vt 0.164070 0.838640
vt 0.167221 0.831447
vt 0.061065 0.838701
vt 0.064216 0.831507
vt 0.571747 0.838568
vt 0.574898 0.831375
vt 0.135070 0.838639
vt 0.138221 0.831447
vt 0.612064 0.841925
vt 0.604871 0.838774
vt 0.840520 0.338643
vt 0.833328 0.335491
vt 0.840520 0.309643
vt 0.833328 0.306491
vt 0.657624 0.574264
vt 0.650432 0.571112
vt 0.833034 0.191814
vt 0.836186 0.184622
vt 0.833328 0.277448
vt 0.836480 0.270257
vt 0.832567 0.144220
vt 0.835719 0.137029
vt 0.826631 0.021817
vt 0.829784 0.014626
vt 0.828372 0.478097
vt 0.831525 0.470906
vt 0.826144 0.716121
vt 0.829296 0.708929
vt 0.825179 0.237569
vt 0.828332 0.230378
vt 0.758847 0.450678
vt 0.762000 0.443487
vt 0.485022 0.835088
vt 0.087543 0.686585
vt 0.494339 0.835088
vt 0.500761 0.833331
vt 0.101031 0.807912
vt 0.456498 0.326713
vt 0.406624 0.346044
vt 0.411737 0.346034
vt 0.431721 0.543334
vt 0.434009 0.545622
vt 0.510236 0.518026
vt 0.272794 0.567012
vt 0.952307 0.915616
vt 0.396586 0.984291
vt 0.095670 0.951827
vt 0.572071 0.951696
vt 0.848006 0.544102
vt 0.882942 0.938274
vt 0.665745 0.754434
vt 0.643178 0.781735
vt 0.735064 0.952942
vt 0.906965 0.938274
vt 0.772431 0.518022
vt 0.749864 0.545327
vt 0.657447 0.950872
vt 0.927529 0.493650
vt 0.770795 0.137029
vt 0.748226 0.164332
vt 0.949126 0.230401
vt 0.213145 0.935397
vt 0.752726 0.571603
vt 0.730158 0.598909
vt 0.703909 0.885921
vt 0.918610 0.668070
vt 0.456580 0.750247
vt 0.434014 0.777552
vt 0.954851 0.184676
vt 0.937099 0.589523
vt 0.772378 0.395424
vt 0.749813 0.422731
vt 0.141000 0.951096
vt 0.934979 0.067435
vt 0.759942 0.662989
vt 0.737375 0.690292
vt 0.945040 0.362546
vt 0.941290 0.644654
vt 0.234455 0.729525
vt 0.211887 0.756830
vt 0.604871 0.883111
vt 0.929725 0.846811
vt 0.770792 0.045638
vt 0.748227 0.072943
vt 0.952386 0.847475
vt 0.657814 0.927496
vt 0.772382 0.349673
vt 0.749813 0.376975
vt 0.072641 0.951157
vt 0.942123 0.518022
vt 0.395544 0.736157
vt 0.372975 0.763463
vt 0.950860 0.470963
vt 0.936574 0.114216
vt 0.085929 0.716633
vt 0.063360 0.743941
vt 0.919674 0.754527
vt 0.508123 0.750247
vt 0.485556 0.777551
vt 0.954851 0.207388
vt 0.605562 0.928482
vt 0.766827 0.184622
vt 0.744258 0.211926
vt 0.495819 0.944353
vt 0.931724 0.142514
vt 0.746396 0.303470
vt 0.723825 0.330777
vt 0.951844 0.617478
vt 0.937510 0.544124
vt 0.759928 0.708742
vt 0.737358 0.736047
vt 0.936574 0.090792
vt 0.716684 0.282226
vt 0.742208 0.254983
vt 0.888094 0.397803
vt 0.941292 0.668070
vt 0.267345 0.739117
vt 0.292871 0.711872
vt 0.885721 0.276404
vt 0.095690 0.928451
vt 0.157544 0.743876
vt 0.183075 0.716634
vt 0.885556 0.299116
vt 0.926624 0.708991
vt 0.640218 0.735984
vt 0.665746 0.708744
vt 0.885428 0.207359
vt 0.373212 0.938249
vt 0.701249 0.422731
vt 0.726779 0.395485
vt 0.164070 0.883020
vt 0.918609 0.644654
vt 0.574038 0.736004
vt 0.599576 0.708763
vt 0.882962 0.847504
vt 0.932191 0.184653
vt 0.688800 0.690292
vt 0.714335 0.663052
vt 0.879860 0.709015
vt 0.450632 0.934066
vt 0.157529 0.698179
vt 0.183066 0.670937
vt 0.880120 0.014650
vt 0.934857 0.420538
vt 0.681582 0.598909
vt 0.707119 0.571668
vt 0.808080 0.870221
vt 0.929646 0.915592
vt 0.574040 0.690313
vt 0.599581 0.663069
vt 0.864702 0.397804
vt 0.140677 0.932602
vt 0.267342 0.693423
vt 0.292885 0.666179
vt 0.010456 0.854624
vt 0.010496 0.926921
vt 0.372978 0.672014
vt 0.398523 0.644776
vt 0.164070 0.860307
vt 0.925774 0.234590
vt 0.651084 0.072883
vt 0.676635 0.045642
vt 0.329555 0.962062
vt 0.373192 0.919779
vt 0.315931 0.739118
vt 0.341459 0.711873
vt 0.770046 0.884263
vt 0.859570 0.942485
vt 0.482595 0.731798
vt 0.508126 0.704553
vt 0.657123 0.882125
vt 0.164029 0.932602
vt 0.699661 0.118577
vt 0.725194 0.091333
vt 0.873369 0.822207
vt 0.813557 0.938273
vt 0.434010 0.731797
vt 0.459547 0.704554
vt 0.872910 0.754520
vt 0.703911 0.935503
vt 0.108963 0.698183
vt 0.134501 0.670937
vt 0.866983 0.594427
vt 0.929704 0.874408
vt 0.688796 0.644601
vt 0.714334 0.617358
vt 0.859570 0.847504
vt 0.906274 0.919804
vt 0.012747 0.699145
vt 0.038289 0.671902
vt 0.189693 0.867343
vt 0.680557 0.935503
vt 0.652723 0.545259
vt 0.678261 0.518017
vt 0.140677 0.860307
vt 0.929625 0.897121
vt 0.482583 0.686104
vt 0.508125 0.658863
vt 0.033848 0.854624
vt 0.920051 0.798699
vt 0.652674 0.377036
vt 0.678217 0.349792
vt 0.862035 0.207359
vt 0.547641 0.942064
vt 0.647112 0.211928
vt 0.672656 0.184681
vt 0.858357 0.617441
vt 0.920112 0.826399
vt 0.012747 0.653451
vt 0.038295 0.626208
vt 0.966494 0.822240
vt 0.688797 0.735987
vt 0.294152 0.918926
vt 0.140677 0.883020
vt 0.880766 0.470929
vt 0.918751 0.522233
vt 0.701299 0.499565
vt 0.726838 0.472324
vt 0.885428 0.184646
vt 0.519210 0.919384
vt 0.372974 0.717707
vt 0.398506 0.690463
vt 0.396584 0.870197
vt 0.836218 0.942484
vt 0.699660 0.164270
vt 0.725197 0.137027
vt 0.836179 0.870220
vt 0.236476 0.936110
vt 0.211887 0.711076
vt 0.237425 0.683832
vt 0.862164 0.299116
vt 0.770046 0.933846
vt 0.695686 0.211926
vt 0.721224 0.184681
vt 0.857374 0.470929
vt 0.072318 0.932663
vt 0.315916 0.693424
vt 0.341456 0.666179
vt 0.865357 0.044754
vt 0.859570 0.919804
vt 0.668108 0.282225
vt 0.693649 0.254983
vt 0.862164 0.321830
vt 0.519210 0.942064
vt 0.640218 0.690294
vt 0.665763 0.663052
vt 0.095670 0.860367
vt 0.926863 0.018870
vt 0.652724 0.499568
vt 0.678270 0.472324
vt 0.862035 0.184646
vt 0.932299 0.326018
vt 0.640216 0.644603
vt 0.665767 0.617358
vt 0.834786 0.397804
vt 0.932484 0.253667
vt 0.701254 0.377033
vt 0.881749 0.617448
vt 0.874945 0.362546
vt 0.633772 0.931708
vt 0.701303 0.545259
vt 0.726837 0.518017
vt 0.329555 0.871307
vt 0.812866 0.919804
vt 0.699659 0.072881
vt 0.725200 0.045638
vt 0.867394 0.544126
vt 0.942087 0.447518
vt 0.675250 0.330715
vt 0.700788 0.303470
vt 0.633731 0.859413
vt 0.934857 0.397111
vt 0.434008 0.686101
vt 0.459553 0.658862
vt 0.420650 0.866012
vt 0.329555 0.920890
vt 0.651085 0.164272
vt 0.676625 0.137032
vt 0.866458 0.114203
vt 0.918715 0.452398
vt 0.652671 0.422731
vt 0.678215 0.395485
vt 0.857374 0.493643
vt 0.932298 0.303304
vt 0.651085 0.118577
vt 0.676632 0.091333
vt 0.862328 0.276404
vt 0.396606 0.938246
vt 0.211887 0.665382
vt 0.237435 0.638135
vt 0.396584 0.847480
vt 0.572439 0.928321
vt 0.211884 0.619686
vt 0.237434 0.592441
vt 0.373192 0.961620
vt 0.661483 0.973571
vt 0.816210 0.091461
vt 0.793756 0.118577
vt 0.836727 0.983648
vt 0.979714 0.961667
vt 0.812312 0.184622
vt 0.789852 0.211739
vt 0.373192 0.984294
vt 0.168065 0.973795
vt 0.805412 0.708929
vt 0.782952 0.736046
vt 0.190081 0.980756
vt 0.976351 0.709072
vt 0.395426 0.781913
vt 0.372962 0.809034
vt 0.450250 0.980095
vt 0.980122 0.870245
vt 0.805425 0.662989
vt 0.782961 0.690111
vt 0.420650 0.979425
vt 0.122349 0.974525
vt 0.805369 0.617417
vt 0.782908 0.644539
vt 0.213125 0.981426
vt 0.576650 0.974395
vt 0.234478 0.775279
vt 0.212013 0.802401
vt 0.983214 0.544134
vt 0.609578 0.974557
vt 0.782892 0.781564
vt 0.805425 0.754496
vt 0.982802 0.590218
vt 0.638340 0.976927
vt 0.775749 0.598671
vt 0.798276 0.571603
vt 0.982277 0.090803
vt 0.977280 0.014641
vt 0.769411 0.330539
vt 0.791943 0.303470
vt 0.704461 0.976694
vt 0.145036 0.973795
vt 0.157533 0.789396
vt 0.180069 0.762326
vt 0.981848 0.044779
vt 0.981451 0.142524
vt 0.012733 0.790297
vt 0.035262 0.763229
vt 0.975677 0.984310
vt 0.077220 0.973855
vt 0.816272 0.045638
vt 0.793815 0.072754
vt 0.980560 0.420473
vt 0.099852 0.978551
vt 0.063342 0.789462
vt 0.085886 0.762391
vt 0.978679 0.321855
vt 0.982062 0.188689
vt 0.108948 0.789338
vt 0.131485 0.762265
vt 0.978678 0.299074
vt 0.977890 0.207365
vt 0.748211 0.118574
vt 0.770746 0.091504
vt 0.978173 0.254386
vt 0.974885 0.617455
vt 0.737357 0.644539
vt 0.759904 0.617468
vt 0.294152 0.964275
vt 0.787766 0.254983
vt 0.765235 0.282219
vt 0.952835 0.961676
vt 0.547641 0.964732
vt 0.596568 0.754453
vt 0.574033 0.781697
vt 0.906783 0.961645
vt 0.859570 0.965153
vt 0.772394 0.472324
vt 0.749858 0.499566
vt 0.839038 0.594427
vt 0.190081 0.962278
vt 0.289881 0.757566
vt 0.267346 0.784803
vt 0.964784 0.518710
vt 0.958805 0.048968
vt 0.341458 0.757567
vt 0.318928 0.784806
vt 0.963951 0.645341
vt 0.959760 0.571741
vt 0.759890 0.754496
vt 0.737352 0.781736
vt 0.847828 0.794508
vt 0.213125 0.962948
vt 0.711331 0.754437
vt 0.688793 0.781679
vt 0.942336 0.754546
vt 0.960171 0.548323
vt 0.012740 0.744777
vt 0.038276 0.717594
vt 0.882760 0.961646
vt 0.519520 0.964734
vt 0.188861 0.625240
vt 0.166324 0.652483
vt 0.929626 0.938963
vt 0.271109 0.964275
vt 0.108962 0.743816
vt 0.134495 0.716633
vt 0.826096 0.617441
vt 0.836218 0.919803
vt 0.602787 0.282216
vt 0.645074 0.254976
vt 0.370682 0.847480
vt 0.270800 0.941606
vt 0.506691 0.364320
vt 0.568742 0.337066
vt 0.294152 0.941606
vt 0.012746 0.607747
vt 0.058425 0.580510
vt 0.033848 0.926920
vt 0.434011 0.499576
vt 0.511869 0.472321
vt 0.495819 0.925859
vt 0.409341 0.165881
vt 0.505990 0.138622
vt 0.529413 0.282218
vt 0.735063 0.934449
vt 0.845485 0.448208
vt 0.396586 0.919777
vt 0.153927 0.547167
vt 0.836941 0.091485
vt 0.833982 0.847504
vt 0.935453 0.048964
vt 0.574041 0.644609
vt 0.617189 0.617372
vt 0.854181 0.230401
vt 0.921688 0.366734
vt 0.614985 0.330718
vt 0.652216 0.303474
vt 0.519210 0.847082
vt 0.420650 0.938278
vt 0.534900 0.499574
vt 0.580635 0.472321
vt 0.793131 0.448208
vt 0.928492 0.621666
vt 0.012746 0.410031
vt 0.270504 0.382770
vt 0.270760 0.846626
vt 0.420650 0.915595
vt 0.534382 0.410020
vt 0.580495 0.382784
vt 0.855146 0.731727
vt 0.882922 0.919804
vt 0.108960 0.652488
vt 0.143292 0.625240
vt 0.845889 0.668064
vt 0.927508 0.475148
vt 0.533263 0.545273
vt 0.579384 0.518037
vt 0.943464 0.822214
vt 0.839038 0.548336
vt 0.012824 0.562046
vt 0.077893 0.559757
vt 0.010456 0.537164
vt 0.449940 0.843295
vt 0.189772 0.939608
vt 0.529018 0.165876
vt 0.587551 0.138622
vt 0.954386 0.142538
vt 0.458352 0.824561
s 1
usemtl retro_computer_setup_Mat
f 35/1/1 420/2/1 2/3/1
f 812/4/2 638/5/3 452/6/3
f 32/7/4 38/8/4 51/9/4
f 824/10/5 823/11/5 825/12/6
f 447/13/7 9/14/8 448/15/8
f 456/16/9 10/17/10 449/18/10
f 449/18/10 11/19/11 450/20/12
f 450/20/12 12/21/13 451/22/14
f 36/23/4 41/24/4 53/25/4
f 25/26/4 43/27/4 41/24/4
f 185/28/4 45/29/4 187/30/4
f 27/31/4 47/32/4 45/29/4
f 28/33/4 49/34/4 47/32/4
f 437/35/15 37/36/15 443/37/15
f 438/38/15 8/39/15 437/35/15
f 444/40/15 10/41/15 183/42/15
f 439/43/15 11/44/15 10/41/15
f 440/45/15 12/46/15 11/44/15
f 22/47/1 421/48/1 181/49/1
f 22/47/1 422/50/1 423/51/1
f 23/52/1 419/53/1 24/54/1
f 442/55/15 811/56/16 33/57/15
f 4/58/1 32/59/1 92/60/1
f 17/61/1 28/62/1 16/63/1
f 28/62/1 15/64/1 16/63/1
f 184/65/1 26/66/1 14/67/1
f 26/66/1 13/68/1 14/67/1
f 25/69/1 91/70/1 13/68/1
f 181/49/1 418/71/1 23/52/1
f 829/72/17 671/73/18 821/74/17
f 5/75/4 53/25/4 39/76/4
f 40/77/4 177/78/4 163/79/4
f 39/76/4 125/80/4 122/81/4
f 49/82/1 61/83/1 47/84/1
f 48/85/4 173/86/4 171/87/4
f 186/88/15 58/89/15 188/90/15
f 46/91/4 171/87/4 169/92/4
f 52/93/18 106/94/18 100/95/18
f 186/96/4 169/92/4 202/97/4
f 42/98/4 167/99/4 165/100/4
f 43/101/1 55/102/1 41/103/1
f 54/104/4 165/100/4 177/78/4
f 53/25/4 123/105/4 125/80/4
f 52/106/4 180/107/4 175/108/4
f 51/9/4 121/109/4 124/110/4
f 58/89/4 68/111/4 70/112/4
f 126/113/4 67/114/4 128/115/4
f 60/116/4 74/117/4 62/118/4
f 59/119/4 191/120/4 189/121/4
f 45/122/1 189/121/1 187/123/1
f 48/124/15 60/116/15 62/118/15
f 41/125/19 126/113/3 123/126/3
f 44/127/15 56/128/15 58/89/15
f 466/129/15 64/130/15 468/131/15
f 47/84/1 59/119/1 45/122/1
f 50/132/15 62/118/15 64/130/15
f 67/133/18 130/134/18 128/135/18
f 72/136/1 86/137/1 74/138/1
f 191/139/15 83/140/15 193/141/15
f 470/142/1 88/143/1 472/144/1
f 59/119/4 73/145/4 71/146/4
f 62/118/4 76/147/4 64/130/4
f 57/148/4 67/114/4 55/102/4
f 106/94/4 78/149/4 200/150/4
f 188/90/4 70/112/4 190/151/4
f 61/83/4 75/152/4 73/145/4
f 64/130/4 470/153/4 468/131/4
f 85/154/4 134/155/4 133/156/4
f 83/140/4 133/156/4 132/157/4
f 193/141/4 132/157/4 196/158/4
f 79/159/4 131/160/4 130/134/4
f 68/161/1 82/162/1 70/163/1
f 73/164/15 83/140/15 71/165/15
f 74/138/1 88/143/1 76/166/1
f 69/167/15 79/159/15 67/168/15
f 78/169/3 120/170/3 200/171/3
f 70/163/1 192/172/1 190/173/1
f 75/174/15 85/154/15 73/164/15
f 91/70/1 36/175/1 5/176/1
f 454/177/20 8/178/7 447/13/7
f 474/179/1 29/180/1 17/61/1
f 110/181/4 82/162/4 80/182/4
f 109/183/4 145/184/4 144/185/4
f 194/186/4 84/187/4 192/172/4
f 195/188/4 146/189/4 197/190/4
f 114/191/4 86/137/4 84/187/4
f 113/192/4 147/193/4 146/189/4
f 86/137/4 118/194/4 88/143/4
f 147/193/4 117/195/4 148/196/4
f 105/197/4 129/198/4 127/199/4
f 142/200/4 200/150/4 160/201/4
f 481/202/18 80/182/21 68/203/21
f 107/204/18 144/185/21 143/205/21
f 98/206/3 56/128/3 42/207/3
f 97/208/3 141/209/3 138/210/3
f 104/211/4 68/111/4 56/128/4
f 141/209/4 107/212/4 143/213/4
f 100/214/4 652/215/4 52/106/4
f 99/216/4 136/217/4 139/218/4
f 102/219/4 42/98/4 54/104/4
f 101/220/4 138/221/4 140/222/4
f 99/223/18 127/199/18 124/224/18
f 100/95/18 142/200/18 139/225/18
f 96/226/4 54/104/4 40/77/4
f 95/227/4 140/222/4 137/228/4
f 124/224/18 65/229/18 51/230/18
f 127/199/4 77/231/4 65/229/4
f 129/232/22 89/233/3 77/234/3
f 145/184/1 143/235/1 144/185/1
f 197/190/1 155/236/1 145/184/1
f 476/237/15 480/238/15 151/239/15
f 123/126/3 103/240/3 97/208/3
f 103/240/4 128/115/4 107/212/4
f 124/110/4 94/241/4 99/216/4
f 125/80/4 97/242/4 101/220/4
f 122/81/4 101/220/4 95/227/4
f 137/228/4 102/219/4 96/226/4
f 139/225/18 105/197/18 99/223/18
f 140/222/4 98/243/4 102/219/4
f 139/218/4 93/244/4 100/214/4
f 141/209/4 481/245/4 104/211/4
f 138/210/3 104/211/3 98/206/3
f 142/200/4 108/246/4 105/197/4
f 143/213/4 153/247/4 481/245/4
f 477/248/1 199/249/1 134/155/1
f 162/250/1 197/190/1 146/189/1
f 155/251/4 157/252/4 153/247/4
f 160/253/3 119/254/3 108/255/3
f 475/256/15 200/257/15 120/170/15
f 475/256/15 152/258/15 156/259/15
f 118/194/15 198/260/15 152/258/15
f 116/261/15 161/262/15 198/260/15
f 150/263/4 108/246/4 151/264/4
f 836/265/4 480/266/4 837/267/4
f 162/250/1 147/193/1 479/268/1
f 159/269/4 161/270/4 157/252/4
f 148/196/1 479/268/1 147/193/1
f 162/271/4 198/272/4 161/270/4
f 175/108/4 236/273/4 218/274/4
f 177/78/4 214/275/4 220/276/4
f 572/277/23 586/278/24 590/279/25
f 169/280/1 212/281/1 202/282/1
f 172/283/15 208/284/15 174/285/15
f 202/286/3 234/287/3 223/288/3
f 170/289/15 211/290/15 204/291/15
f 163/79/4 220/276/4 249/292/4
f 167/99/4 223/293/4 216/294/4
f 154/295/1 478/296/1 158/297/1
f 161/262/15 194/186/15 157/298/15
f 154/299/4 156/300/4 152/301/4
f 129/302/1 477/248/1 135/303/1
f 111/304/4 197/190/4 145/184/4
f 112/305/4 192/172/4 82/162/4
f 190/173/1 84/187/1 72/136/1
f 81/306/4 196/158/4 131/160/4
f 60/116/4 190/151/4 72/307/4
f 69/167/15 193/141/15 81/306/15
f 187/123/1 57/148/1 43/101/1
f 189/121/4 69/308/4 57/148/4
f 44/309/4 202/97/4 167/99/4
f 46/310/15 188/90/15 60/116/15
f 27/311/1 184/65/1 15/64/1
f 444/40/15 9/312/15 438/38/15
f 26/313/4 187/30/4 43/27/4
f 448/15/8 183/314/9 456/16/9
f 240/315/26 386/316/4 385/317/4
f 208/284/4 486/318/27 484/319/4
f 205/320/4 391/321/4 390/322/4
f 234/287/4 388/323/4 394/324/4
f 174/285/15 484/319/15 482/325/15
f 176/326/18 240/315/18 251/327/18
f 171/328/1 207/329/1 205/320/1
f 172/283/15 204/291/15 206/330/15
f 171/328/1 203/331/1 169/280/1
f 249/292/4 250/332/4 254/333/4
f 254/333/4 178/334/4 164/335/4
f 252/336/4 201/337/4 168/338/4
f 206/330/4 384/339/4 208/284/4
f 205/320/4 389/340/4 203/331/4
f 556/341/28 575/342/29 557/343/30
f 232/344/26 392/345/4 209/346/4
f 206/330/4 382/347/4 383/348/4
f 573/349/31 590/279/25 591/350/32
f 565/351/33 585/352/34 583/353/35
f 556/354/36 614/355/37 559/356/37
f 570/357/15 628/358/38 569/359/39
f 559/356/37 615/360/40 562/361/40
f 571/362/41 628/358/38 626/363/41
f 545/364/42 609/365/43 546/366/44
f 566/367/45 616/368/46 565/369/46
f 539/370/15 593/371/39 594/372/15
f 251/327/18 232/344/18 218/373/18
f 563/374/47 617/375/48 566/367/45
f 554/376/45 603/377/49 555/378/47
f 568/379/50 613/380/51 558/381/52
f 543/382/40 606/383/53 607/384/54
f 572/385/55 621/386/56 620/387/55
f 538/388/39 596/389/41 593/371/39
f 552/390/1 610/391/57 604/392/1
f 543/382/40 608/393/37 553/394/58
f 554/376/45 601/395/59 602/396/60
f 555/378/47 606/383/53 542/397/61
f 216/294/4 247/398/4 252/336/4
f 549/399/52 598/400/50 547/401/62
f 247/402/3 211/290/3 201/403/3
f 240/315/26 395/404/4 232/344/26
f 203/331/4 388/323/4 212/281/4
f 239/405/4 387/406/4 211/290/4
f 204/291/4 387/406/4 382/347/4
f 218/373/18 209/346/18 175/407/18
f 251/408/4 179/409/4 176/410/4
f 250/332/4 166/411/4 178/334/4
f 223/288/3 239/405/3 247/402/3
f 220/276/4 253/412/4 250/332/4
f 218/274/4 248/413/4 251/408/4
f 539/414/15 595/415/63 540/416/64
f 546/366/44 597/417/65 544/418/65
f 545/364/42 599/419/66 600/420/42
f 523/421/4 544/422/4 541/423/4
f 537/424/4 542/425/4 524/426/4
f 535/427/4 551/428/4 533/429/4
f 520/430/4 541/423/4 538/431/4
f 525/432/4 542/425/4 543/433/4
f 533/429/4 552/434/4 534/435/4
f 253/412/4 216/294/4 252/336/4
f 216/294/4 165/100/4 167/99/4
f 521/436/4 540/437/4 522/438/4
f 531/439/4 552/434/4 549/440/4
f 532/441/4 554/442/4 536/443/4
f 521/436/4 538/431/4 539/444/4
f 536/443/4 555/445/4 537/424/4
f 531/439/4 547/446/4 529/447/4
f 522/438/4 550/448/4 532/441/4
f 528/449/26 545/450/26 546/451/26
f 530/452/4 545/450/26 527/453/26
f 526/454/4 546/451/26 544/422/4
f 529/447/4 548/455/4 530/452/4
f 525/432/4 553/456/4 535/427/4
f 253/412/4 168/338/4 166/411/4
f 243/457/66 267/458/50 271/459/66
f 245/460/67 271/459/66 272/461/67
f 225/462/49 263/463/53 227/464/68
f 229/465/69 265/466/48 230/467/48
f 245/460/67 259/468/70 221/469/71
f 237/470/39 269/471/15 238/472/15
f 238/472/15 266/473/64 233/474/64
f 225/462/49 265/466/48 262/475/49
f 215/476/1 255/477/36 256/478/1
f 217/479/52 267/458/50 235/480/50
f 217/479/52 256/481/1 257/482/52
f 222/483/65 270/484/41 241/485/41
f 237/470/39 270/484/41 268/486/38
f 233/474/64 264/487/69 229/465/69
f 213/488/36 258/489/58 255/477/36
f 227/464/68 261/490/40 224/491/40
f 219/492/72 261/490/40 258/489/58
f 221/469/71 260/493/65 222/483/65
f 260/494/4 288/495/4 270/496/4
f 264/497/4 283/498/4 265/499/4
f 263/500/26 279/501/4 261/502/4
f 265/499/4 280/503/26 262/504/26
f 262/504/26 281/505/26 263/500/26
f 257/506/4 285/507/4 267/508/4
f 264/497/4 284/509/4 282/510/4
f 272/511/4 289/512/4 290/513/4
f 255/514/4 274/515/4 256/516/4
f 271/517/4 285/507/4 289/512/4
f 266/518/4 287/519/4 284/509/4
f 256/516/4 275/520/4 257/506/4
f 269/521/4 286/522/4 287/519/4
f 260/494/4 277/523/4 278/524/4
f 258/525/4 273/526/4 255/514/4
f 268/527/4 288/495/4 286/522/4
f 259/528/4 290/513/4 277/523/4
f 261/502/4 276/529/4 258/525/4
f 292/530/66 532/531/62 536/532/66
f 283/533/66 353/534/67 280/535/67
f 281/536/43 350/537/65 279/538/65
f 307/539/1 522/540/52 306/541/52
f 275/542/64 347/543/15 348/544/64
f 284/545/52 351/546/50 282/547/50
f 305/548/37 526/549/40 523/550/58
f 290/551/73 359/552/53 277/553/68
f 289/554/45 354/555/59 355/556/45
f 293/557/41 533/558/39 295/559/39
f 278/560/40 361/561/37 288/562/37
f 294/563/15 531/564/64 297/565/64
f 308/566/36 523/550/58 520/567/36
f 286/568/36 357/569/1 287/570/1
f 291/571/56 524/572/71 304/573/71
f 307/574/1 520/567/36 521/575/1
f 301/576/47 528/577/61 300/578/74
f 273/579/39 349/580/41 346/581/39
f 296/582/50 522/540/52 532/531/62
f 325/583/55 374/584/56 373/585/55
f 277/553/68 360/586/40 278/560/40
f 300/578/74 526/549/40 302/587/40
f 321/588/50 366/589/52 311/590/52
f 289/554/45 356/591/49 290/551/73
f 297/565/64 529/592/59 299/593/46
f 316/594/73 370/595/45 319/596/45
f 274/597/15 346/581/39 347/598/15
f 303/599/75 524/572/71 525/600/75
f 318/601/59 370/595/45 369/602/59
f 280/535/67 362/603/43 281/536/43
f 324/604/41 381/605/39 379/606/41
f 312/607/37 368/608/40 315/609/40
f 292/530/66 537/610/56 291/571/56
f 323/611/15 381/605/39 322/612/39
f 309/613/36 367/614/37 312/607/37
f 298/615/45 529/592/59 530/616/45
f 320/617/76 336/618/35 318/619/33
f 325/620/23 344/621/32 326/622/31
f 310/623/77 327/624/78 328/625/29
f 321/626/79 343/627/80 325/620/23
f 320/617/76 341/628/81 338/629/34
f 310/623/77 329/630/82 311/631/83
f 322/632/84 341/628/81 323/633/85
f 314/634/86 331/635/87 332/636/88
f 309/637/28 330/638/89 327/624/78
f 324/639/90 340/640/91 322/632/84
f 326/622/31 331/635/87 313/641/92
f 315/642/93 330/638/89 312/643/94
f 324/639/90 332/636/88 342/644/95
f 319/645/96 336/618/35 337/646/97
f 315/642/93 335/647/98 333/648/99
f 319/645/96 334/649/100 316/650/101
f 316/650/101 335/647/98 317/651/102
f 321/626/79 329/630/82 339/652/24
f 328/625/29 345/653/4 329/630/82
f 340/640/91 345/653/4 341/628/81
f 331/635/87 345/653/4 332/636/88
f 330/638/89 345/653/4 327/624/78
f 342/644/95 345/653/4 340/640/91
f 344/621/32 345/653/4 331/635/87
f 333/648/99 345/653/4 330/638/89
f 574/654/78 592/655/4 575/342/29
f 332/636/88 345/653/4 342/644/95
f 336/618/35 345/653/4 337/646/97
f 335/647/98 345/653/4 333/648/99
f 337/646/97 345/653/4 334/649/100
f 334/649/100 345/653/4 335/647/98
f 329/630/82 345/653/4 339/652/24
f 338/629/34 345/653/4 336/618/35
f 343/627/80 345/653/4 344/621/32
f 339/652/24 345/653/4 343/627/80
f 341/628/81 345/653/4 338/629/34
f 353/656/4 380/657/4 362/658/4
f 348/659/4 372/660/103 354/661/103
f 358/662/4 369/663/104 351/664/104
f 356/665/4 373/666/26 374/667/4
f 347/668/4 364/669/4 365/670/4
f 354/661/103 373/666/26 355/671/26
f 357/672/4 376/673/4 358/662/4
f 348/659/4 365/670/4 366/674/4
f 363/675/4 375/676/4 357/672/4
f 359/677/4 378/678/26 360/679/26
f 346/680/4 367/681/27 364/669/4
f 361/682/105 381/683/4 363/675/4
f 356/665/4 377/684/4 359/677/4
f 349/685/27 368/686/4 367/681/27
f 360/679/26 379/687/105 361/682/105
f 351/664/104 370/688/4 352/689/4
f 350/690/4 380/657/4 368/686/4
f 353/656/4 370/688/4 371/691/4
f 288/562/37 363/692/36 286/568/36
f 323/611/15 376/693/64 375/694/15
f 279/538/65 349/580/41 276/695/41
f 313/696/71 378/697/65 377/698/71
f 283/533/66 351/546/50 352/699/66
f 313/696/71 374/584/56 326/700/56
f 303/599/75 535/701/106 293/557/41
f 314/702/65 379/606/41 378/697/65
f 287/570/1 358/703/52 284/545/52
f 317/704/53 368/608/40 380/705/53
f 285/706/59 348/544/64 354/555/59
f 317/704/53 371/707/73 316/594/73
f 301/576/47 530/616/45 527/708/47
f 309/613/36 365/709/1 364/710/36
f 320/711/64 369/602/59 376/693/64
f 294/563/15 533/558/39 534/712/15
f 310/713/1 366/589/52 365/714/1
f 325/583/55 372/715/50 321/588/50
f 403/716/15 487/717/15 392/718/15
f 384/719/1 488/720/1 486/721/1
f 391/722/15 401/723/15 390/724/15
f 383/725/1 226/726/1 384/719/1
f 395/727/22 403/716/22 392/728/22
f 390/724/15 400/729/15 389/730/15
f 383/725/1 244/731/1 231/732/1
f 388/733/21 405/734/21 394/735/21
f 389/730/15 399/736/15 388/737/15
f 393/738/18 398/739/21 387/740/21
f 382/741/1 398/739/1 244/731/1
f 78/149/4 468/131/4 470/153/4
f 239/405/4 394/324/4 393/742/4
f 399/736/4 409/743/4 405/734/4
f 400/729/4 408/744/4 409/743/4
f 401/723/4 407/745/4 408/744/4
f 194/186/15 153/746/15 157/298/15
f 404/747/4 244/731/4 398/739/4
f 246/748/4 231/732/4 244/731/4
f 242/749/4 226/726/4 231/732/4
f 472/144/4 120/170/4 90/750/4
f 407/745/1 413/751/1 408/744/1
f 386/752/22 396/753/3 385/754/3
f 477/248/4 89/233/4 135/303/4
f 246/748/15 492/755/15 242/749/15
f 491/756/1 414/757/1 407/745/1
f 409/743/1 413/751/1 412/758/1
f 24/54/1 424/759/1 35/1/1
f 21/760/1 425/761/1 422/50/1
f 30/762/1 417/763/1 426/764/1
f 671/765/1 420/766/1 446/767/1
f 654/768/1 445/769/1 659/770/1
f 659/770/1 417/771/1 648/772/1
f 670/773/1 446/767/1 436/774/1
f 434/775/15 438/38/15 428/776/15
f 670/777/18 821/74/17 671/73/18
f 77/231/4 469/778/4 65/229/4
f 431/779/15 440/45/15 430/780/15
f 430/780/15 439/43/15 429/781/15
f 429/781/15 444/40/15 434/775/15
f 427/782/15 438/38/15 437/35/15
f 427/782/15 443/37/15 433/783/15
f 639/784/3 823/785/2 690/786/3
f 14/787/8 456/16/9 184/788/9
f 92/789/107 452/790/108 4/791/108
f 91/792/20 447/13/7 13/793/7
f 16/794/12 451/22/14 17/795/109
f 15/796/10 450/20/12 16/794/12
f 184/788/9 449/18/10 15/796/10
f 13/793/7 448/15/8 14/787/8
f 5/797/110 454/177/20 91/792/20
f 814/798/111 442/55/15 432/799/15
f 467/800/4 32/7/4 51/9/4
f 491/756/4 403/716/4 406/801/4
f 416/802/1 654/768/1 677/803/1
f 494/804/112 33/805/113 455/806/113
f 488/720/4 396/753/4 397/807/4
f 7/808/15 462/809/15 431/779/15
f 474/810/114 455/806/113 92/789/107
f 780/811/115 757/812/116 786/813/117
f 777/814/118 745/815/119 722/816/120
f 701/817/121 751/818/122 718/819/123
f 674/820/1 670/773/1 436/774/1
f 442/55/15 462/809/15 432/799/15
f 386/316/4 484/319/4 486/318/27
f 397/807/1 486/721/1 488/720/1
f 462/809/15 31/821/15 432/799/15
f 33/57/15 463/822/15 442/55/15
f 242/749/15 493/823/15 228/824/15
f 209/346/1 483/825/1 175/826/1
f 92/60/1 464/827/1 474/179/1
f 469/778/1 51/828/1 65/229/1
f 476/237/15 108/829/15 119/254/15
f 89/233/15 471/830/15 77/831/15
f 478/296/4 119/254/4 149/832/4
f 478/296/1 160/833/1 158/297/1
f 479/834/4 152/301/4 198/272/4
f 210/835/15 482/325/15 484/319/15
f 78/836/1 472/144/1 90/750/1
f 483/837/4 52/106/4 175/108/4
f 392/345/4 485/838/104 209/346/4
f 426/764/1 459/839/1 30/762/1
f 451/22/14 465/840/124 494/804/112
f 29/841/4 467/800/4 49/34/4
f 441/842/15 465/843/15 12/46/15
f 20/844/1 461/845/1 425/761/1
f 50/846/4 483/837/4 173/86/4
f 467/847/1 63/848/1 49/82/1
f 63/848/4 471/849/4 75/152/4
f 471/830/15 87/850/15 75/174/15
f 87/850/4 477/248/4 134/155/4
f 118/194/4 472/144/4 88/143/4
f 117/195/4 478/296/4 148/196/4
f 112/305/15 481/851/15 153/746/15
f 158/852/4 200/150/4 156/300/4
f 199/853/4 151/264/4 480/266/4
f 173/854/1 485/838/1 207/329/1
f 391/722/15 489/855/15 402/856/15
f 207/329/4 487/857/104 391/321/4
f 402/856/4 491/756/4 407/745/4
f 228/824/4 488/720/4 226/726/4
f 228/824/15 411/858/15 490/859/15
f 431/779/15 463/822/15 441/842/15
f 17/795/109 494/804/112 474/810/114
f 1/860/15 430/780/15 429/781/15
f 1/860/15 434/775/15 182/861/15
f 182/861/15 428/776/15 18/862/15
f 19/863/15 428/776/15 427/782/15
f 34/864/15 427/782/15 433/783/15
f 670/777/18 833/865/125 817/866/125
f 6/867/15 431/779/15 430/780/15
f 52/868/15 468/131/15 66/869/15
f 495/870/126 514/871/127 501/872/127
f 633/873/128 512/874/129 496/875/129
f 512/874/129 497/876/130 496/875/129
f 511/877/130 498/878/131 497/876/130
f 510/879/131 499/880/132 498/878/131
f 509/881/132 500/882/133 499/880/132
f 500/882/133 507/883/126 495/870/126
f 514/871/127 502/884/134 501/872/127
f 502/884/134 518/885/135 503/886/135
f 503/886/135 517/887/136 504/888/137
f 517/887/136 505/889/138 504/888/137
f 505/889/138 515/890/139 506/891/139
f 515/890/139 634/892/140 506/891/139
f 515/893/18 511/894/18 512/895/18
f 513/896/18 512/895/18 635/897/18
f 511/894/18 517/898/18 510/899/18
f 517/898/18 509/900/21 510/899/18
f 518/901/18 508/902/18 509/900/21
f 519/903/18 507/904/141 508/902/18
f 496/905/3 634/906/3 633/907/3
f 505/908/3 496/905/3 497/909/3
f 504/910/3 497/909/3 498/911/3
f 499/912/3 504/910/3 498/911/3
f 502/913/3 499/912/3 500/914/22
f 501/915/19 500/914/22 495/916/19
f 567/917/76 588/918/81 585/352/34
f 557/343/30 576/919/82 558/920/83
f 569/921/142 588/918/81 570/922/143
f 561/923/86 578/924/87 579/925/88
f 559/926/94 574/654/78 556/341/28
f 571/927/90 587/928/91 569/921/142
f 573/349/31 578/924/87 560/929/92
f 562/930/93 577/931/89 559/926/94
f 571/927/90 579/925/88 589/932/95
f 565/351/33 584/933/97 566/934/96
f 562/930/93 582/935/98 580/936/99
f 566/934/96 581/937/144 563/938/101
f 564/939/102 581/937/144 582/935/98
f 558/920/83 586/278/24 568/940/79
f 575/342/29 592/655/4 576/919/82
f 587/928/91 592/655/4 588/918/81
f 578/924/87 592/655/4 579/925/88
f 577/931/89 592/655/4 574/654/78
f 589/932/95 592/655/4 587/928/91
f 591/350/32 592/655/4 578/924/87
f 580/936/99 592/655/4 577/931/89
f 579/925/88 592/655/4 589/932/95
f 583/353/35 592/655/4 584/933/97
f 582/935/98 592/655/4 580/936/99
f 584/933/97 592/655/4 581/937/144
f 581/937/144 592/655/4 582/935/98
f 576/919/82 592/655/4 586/278/24
f 585/352/34 592/655/4 583/353/35
f 590/279/25 592/655/4 591/350/32
f 586/278/24 592/655/4 590/279/25
f 588/918/81 592/655/4 585/352/34
f 600/941/4 627/942/4 609/943/4
f 601/944/103 613/945/4 619/946/103
f 598/947/104 623/948/4 616/949/104
f 603/950/4 620/951/103 621/952/4
f 594/953/4 611/954/4 612/955/4
f 602/956/103 619/946/103 620/951/103
f 604/957/4 623/948/4 605/958/4
f 595/959/4 612/955/4 613/945/4
f 610/960/4 622/961/4 604/957/4
f 606/962/4 625/963/105 607/964/105
f 596/965/27 611/954/4 593/966/4
f 608/967/105 628/968/26 610/960/4
f 606/962/4 621/952/4 624/969/4
f 597/970/27 614/971/27 596/965/27
f 607/964/105 626/972/105 608/967/105
f 598/947/104 617/973/4 599/974/4
f 609/943/4 615/975/27 597/970/27
f 599/974/4 618/976/4 600/941/4
f 551/977/36 608/393/37 610/391/57
f 570/357/15 623/978/145 622/979/15
f 544/418/65 596/389/41 541/980/41
f 561/981/65 624/982/44 560/983/44
f 547/401/62 599/419/66 548/984/66
f 573/985/42 624/982/44 621/386/56
f 571/362/41 625/986/75 561/981/65
f 549/399/52 604/392/1 605/987/52
f 564/988/61 615/360/40 627/989/61
f 540/416/64 601/395/59 550/990/69
f 564/988/61 618/991/47 563/374/47
f 557/992/1 611/993/36 556/354/36
f 567/994/64 616/368/46 623/978/145
f 557/995/1 613/380/51 612/996/1
f 568/379/50 620/387/55 619/997/50
f 632/998/18 635/897/18 631/999/18
f 631/1000/15 633/873/128 629/1001/15
f 630/1002/1 513/1003/140 632/1004/1
f 629/1005/3 634/906/3 630/1006/3
f 457/1007/5 458/1008/5 698/1009/5
f 663/1010/146 661/1011/147 656/1012/148
f 662/1013/147 660/1014/149 657/1015/150
f 433/783/15 820/1016/151 818/1017/152
f 31/821/15 814/798/111 432/799/15
f 4/1018/3 662/1019/3 38/1020/3
f 652/1021/3 663/1022/3 180/1023/3
f 656/1012/148 658/1024/153 663/1010/146
f 657/1015/150 660/1014/149 655/1025/154
f 666/1026/5 665/1027/5 664/1028/5
f 645/1029/5 640/1030/5 644/1031/5
f 641/1032/155 646/1033/156 640/1030/156
f 655/1034/157 646/1033/5 657/1035/5
f 656/1036/5 646/1033/5 647/1037/5
f 658/1038/158 647/1037/5 668/1039/159
f 667/1040/160 642/1041/161 669/1042/161
f 646/1033/156 642/1041/162 640/1030/156
f 666/1026/163 643/1043/164 645/1029/163
f 647/1037/155 643/1043/165 668/1039/165
f 664/1028/5 668/1044/159 666/1026/5
f 655/1034/157 667/1040/5 669/1042/166
f 644/1031/160 666/1026/163 645/1029/163
f 652/1021/3 662/1019/3 661/1045/3
f 643/1043/5 641/1032/5 645/1029/5
f 644/1031/5 640/1030/5 642/1041/5
f 452/6/3 660/1046/3 4/1018/3
f 638/5/3 655/1047/3 660/1046/3
f 639/1048/5 636/1049/5 655/1050/5
f 826/1051/2 639/784/3 638/5/3
f 694/1052/167 639/1053/167 690/1054/167
f 636/1049/3 694/1052/3 695/1055/3
f 665/1056/3 649/1057/3 650/1058/3
f 661/1011/147 657/1015/150 656/1012/148
f 658/1059/3 651/1060/3 653/1061/3
f 649/1062/15 636/1049/15 695/1055/15
f 665/1056/3 651/1060/3 664/1063/3
f 180/1023/3 659/1064/3 648/1065/3
f 658/1059/3 659/1064/3 663/1022/3
f 658/1059/3 677/1066/3 654/1067/3
f 692/1068/5 823/11/5 31/1069/5
f 443/37/15 830/1070/168 820/1016/151
f 832/1071/152 433/783/15 818/1017/152
f 672/1072/18 674/1073/18 420/1074/18
f 416/1075/5 675/1076/5 673/1077/5
f 673/1077/1 672/1072/1 676/1078/1
f 676/1078/3 416/1079/3 673/1077/3
f 672/1072/4 417/1080/4 676/1078/4
f 683/1081/5 679/1082/5 677/1083/5
f 686/1084/5 3/1085/5 682/1086/5
f 679/1087/1 416/1088/1 677/1089/1
f 682/1090/1 674/1091/1 689/1092/1
f 693/1093/5 678/1094/5 681/1095/5
f 692/1068/5 695/1096/5 694/1097/5
f 685/1098/5 649/1099/5 680/1100/5
f 684/1101/5 681/1102/5 678/1103/5
f 686/1104/15 457/1007/15 698/1009/15
f 685/1105/18 696/1106/18 457/1007/18
f 698/1009/3 681/1107/3 686/1108/3
f 685/1109/5 682/1086/5 679/1082/5
f 696/1106/1 681/1110/1 458/1008/1
f 692/1068/5 681/1095/5 680/1111/5
f 31/1069/5 693/1093/5 692/1068/5
f 682/1090/1 687/1112/1 679/1087/1
f 706/1113/169 741/1114/170 736/1115/171
f 726/1116/172 753/1117/173 766/1118/174
f 717/1119/175 742/1120/176 774/1121/177
f 801/1122/178 797/1123/179 810/1124/180
f 22/1125/4 172/1126/4 21/1127/4
f 21/1127/4 174/1128/4 20/1129/4
f 20/1129/4 482/1130/4 459/1131/4
f 482/1130/4 30/1132/4 459/1131/4
f 30/1132/4 179/409/4 648/1133/4
f 170/1134/4 181/1135/4 201/337/4
f 23/1136/4 201/337/4 181/1135/4
f 24/1137/4 168/338/4 23/1136/4
f 35/1138/4 166/411/4 24/1137/4
f 2/1139/4 178/334/4 35/1138/4
f 700/1140/181 747/1141/182 701/817/121
f 705/1142/183 735/1143/184 704/1144/185
f 699/1145/186 700/1140/187 701/817/121
f 736/1115/171 705/1142/183 706/1113/169
f 703/1146/188 705/1142/189 704/1144/190
f 709/1147/191 759/1148/192 708/1149/193
f 760/1150/194 709/1147/191 710/1151/195
f 707/1152/196 709/1147/197 708/1149/193
f 739/1153/171 712/1154/198 714/1155/199
f 712/1154/198 738/1156/200 713/1157/201
f 751/818/122 716/1158/202 718/819/123
f 711/1159/203 712/1154/204 713/1157/205
f 716/1158/202 750/1160/206 717/1119/175
f 745/815/119 720/1161/207 722/816/120
f 715/1162/208 716/1158/209 717/1119/210
f 720/1161/207 744/1163/170 721/1164/211
f 725/1165/212 765/1166/213 724/1167/214
f 719/1168/215 720/1161/216 721/1164/217
f 766/1118/174 725/1165/212 726/1116/172
f 723/1169/218 725/1165/219 724/1167/214
f 728/1170/220 754/1171/221 755/1172/222
f 753/1117/173 728/1170/220 755/1173/222
f 732/1174/223 788/1175/224 789/1176/225
f 727/1177/226 728/1170/227 729/1178/228
f 787/1179/229 732/1174/223 789/1180/225
f 742/1120/176 772/1181/230 774/1121/177
f 731/1182/231 732/1174/232 733/1183/233
f 772/1181/230 741/1114/170 773/1184/234
f 763/1185/235 776/1186/236 778/1187/237
f 771/1188/238 772/1181/239 773/1184/240
f 776/1186/236 762/1189/241 777/814/118
f 781/1190/242 768/1191/243 780/811/115
f 775/1192/244 776/1186/245 777/814/246
f 769/1193/247 781/1190/242 782/1194/248
f 779/1195/249 781/1190/250 780/811/251
f 784/1196/252 757/812/116 758/1197/253
f 756/1198/170 784/1196/252 758/1199/253
f 791/1200/254 800/1201/255 802/1202/256
f 783/1203/257 784/1196/258 785/1204/259
f 800/1201/255 790/1205/260 801/1122/178
f 794/1206/261 804/1207/262 806/1208/263
f 799/1209/264 800/1201/265 801/1122/266
f 804/1207/262 793/1210/267 805/1211/268
f 808/1212/269 797/1123/179 798/1213/270
f 803/1214/271 804/1207/272 805/1211/273
f 796/1215/274 808/1212/269 798/1216/270
f 735/1143/184 702/1217/275 704/1144/185
f 807/1218/276 808/1212/277 809/1219/278
f 699/1145/186 704/1144/190 702/1217/279
f 710/1151/195 738/1156/200 760/1150/194
f 707/1152/196 713/1157/205 710/1151/280
f 723/1169/218 729/1178/228 726/1116/281
f 731/1182/231 805/1211/273 734/1220/282
f 734/1220/283 793/1210/267 788/1175/224
f 715/1162/208 703/1146/188 699/1145/186
f 722/816/284 775/1192/244 777/814/246
f 774/1121/285 715/1162/208 717/1119/210
f 786/813/286 779/1195/249 780/811/251
f 771/1188/238 706/1113/287 703/1146/188
f 810/1124/288 799/1209/264 801/1122/266
f 724/1167/214 769/1193/247 782/1194/248
f 752/1221/5 747/1141/5 749/1222/5
f 701/817/121 715/1162/208 699/1145/186
f 832/1223/5 834/1224/5 34/1225/5
f 818/1017/152 822/1226/289 819/1227/289
f 819/1228/289 821/74/17 817/866/125
f 820/1016/151 831/1229/290 822/1226/289
f 831/1230/290 821/74/17 822/1231/289
f 827/1232/291 816/1233/292 828/1234/292
f 816/1235/292 826/1051/2 828/1236/292
f 827/1232/291 813/1237/293 811/56/16
f 828/1236/292 812/4/2 813/1238/293
f 815/1239/2 825/1240/294 823/785/2
f 816/1233/292 824/1241/111 825/1242/294
f 832/1071/152 819/1227/289 835/1243/295
f 819/1228/289 833/865/125 835/1244/296
f 829/1245/297 454/177/20 453/1246/110
f 830/1247/298 829/1245/299 831/1248/300
f 455/806/113 812/1249/301 452/790/108
f 812/1249/301 811/1250/302 813/1251/303
f 693/1093/5 834/1224/5 691/1252/5
f 785/1204/304 754/1171/221 730/1253/305
f 782/1194/248 723/1169/218 724/1167/214
f 779/1195/249 727/1177/226 723/1169/218
f 727/1177/226 785/1204/259 730/1253/306
f 721/1164/211 739/1153/171 714/1155/199
f 763/1185/235 708/1149/193 759/1148/192
f 719/1168/215 714/1155/307 711/1159/203
f 775/1192/244 711/1159/203 707/1152/196
f 778/1187/237 707/1152/196 708/1149/193
f 802/1202/256 787/1179/229 791/1200/254
f 809/1219/308 794/1206/261 806/1208/263
f 802/1202/256 731/1182/231 733/1183/233
f 731/1182/231 807/1218/276 803/1214/271
f 807/1218/276 806/1208/309 803/1214/271
f 838/1254/4 837/267/4 839/1255/4
f 117/195/15 837/1256/15 480/238/15
f 134/155/1 836/1257/1 133/156/1
f 840/1258/4 839/1255/4 841/1259/4
f 133/156/1 838/1260/1 132/157/1
f 115/1261/15 839/1262/15 837/1256/15
f 842/1263/4 841/1259/4 843/1264/4
f 132/157/1 840/1265/1 196/158/1
f 195/188/15 839/1262/15 113/192/15
f 128/115/4 843/1264/4 107/212/4
f 196/158/1 842/1266/1 131/160/1
f 195/188/15 843/1267/15 841/1268/15
f 842/1266/1 130/134/1 131/160/1
f 111/304/15 107/1269/15 843/1267/15
f 490/859/15 385/1270/310 396/753/310
f 415/1271/15 404/747/15 393/1272/15
f 405/734/1 412/758/1 394/1273/1
f 395/1274/1 491/756/1 406/801/1
f 385/317/4 410/1275/4 395/404/4
f 411/1276/4 414/1277/4 410/1275/4
f 493/1278/4 413/1279/4 414/1277/4
f 492/1280/4 412/1281/4 413/1279/4
f 394/324/4 415/1282/4 393/742/4
f 865/1283/311 862/1284/312 866/1285/313
f 855/1286/314 848/1287/315 852/1288/316
f 867/1289/317 862/1284/318 863/1290/319
f 902/1291/320 899/1292/321 903/1293/322
f 847/1294/323 1712/1295/324 844/1296/325
f 844/1297/326 1713/1298/327 845/1299/328
f 845/1299/329 1714/1300/330 846/1301/331
f 846/1301/332 1715/1302/333 847/1294/334
f 856/1303/335 855/1286/314 852/1288/316
f 857/1304/336 852/1305/337 853/1306/338
f 857/1304/339 854/1307/340 858/1308/341
f 858/1308/342 855/1286/343 859/1309/344
f 848/1287/315 847/1294/323 844/1296/325
f 845/1299/328 848/1310/345 844/1297/326
f 849/1311/346 846/1301/331 850/1312/347
f 851/1313/348 846/1301/332 847/1294/334
f 868/1314/349 867/1289/350 864/1315/351
f 868/1316/352 865/1283/353 869/1317/354
f 869/1317/355 866/1285/313 870/1318/356
f 871/1319/357 866/1285/358 867/1289/317
f 860/1320/359 859/1309/360 856/1303/335
f 861/1321/361 856/1322/362 857/1304/336
f 861/1321/363 858/1308/341 862/1284/312
f 862/1284/318 859/1309/344 863/1290/319
f 849/1311/364 852/1305/337 848/1310/345
f 855/1286/343 850/1312/365 851/1313/348
f 854/1307/340 849/1311/346 850/1312/347
f 864/1323/366 861/1321/361 865/1283/353
f 872/1324/367 871/1319/368 868/1314/349
f 869/1317/354 872/1325/369 868/1316/352
f 874/1326/370 869/1317/355 870/1318/356
f 871/1319/357 874/1326/371 870/1318/372
f 872/1324/367 879/1327/373 875/1328/374
f 877/1329/375 872/1325/369 873/1330/376
f 878/1331/377 873/1330/378 874/1326/370
f 879/1327/379 874/1326/371 875/1328/380
f 922/1332/381 917/1333/382 918/1334/383
f 896/1335/384 895/1336/385 892/1337/386
f 898/1338/387 901/1339/388 897/1340/389
f 901/1339/390 896/1341/391 897/1340/392
f 880/1342/393 879/1327/373 876/1343/394
f 900/1344/395 899/1292/396 896/1335/384
f 878/1331/377 881/1345/397 877/1329/398
f 882/1346/399 879/1327/379 883/1347/400
f 892/1337/386 891/1348/401 888/1349/402
f 893/1350/403 888/1351/404 889/1352/405
f 890/1353/406 893/1350/407 889/1352/408
f 894/1354/409 891/1348/410 895/1336/411
f 884/1355/412 883/1347/413 880/1342/393
f 881/1345/414 884/1356/415 880/1357/416
f 882/1346/417 885/1358/418 881/1345/397
f 887/1359/419 882/1346/399 883/1347/400
f 904/1360/420 903/1293/421 900/1344/395
f 905/1361/422 900/1362/423 901/1339/390
f 902/1291/424 905/1361/425 901/1339/388
f 906/1363/426 903/1293/322 907/1364/427
f 881/1345/414 876/1365/428 877/1329/375
f 893/1350/403 896/1341/391 892/1366/429
f 897/1340/389 894/1354/430 898/1338/387
f 899/1292/321 894/1354/409 895/1336/411
f 908/1367/431 907/1364/432 904/1360/420
f 909/1368/433 904/1369/434 905/1361/422
f 906/1363/435 909/1368/436 905/1361/425
f 910/1370/437 907/1364/427 911/1371/438
f 919/1372/439 922/1332/440 918/1334/441
f 921/1373/442 916/1374/443 917/1333/444
f 889/1352/405 884/1356/415 885/1358/445
f 923/1375/446 916/1376/447 920/1377/448
f 888/1349/402 887/1359/449 884/1355/412
f 886/1378/450 889/1352/408 885/1358/418
f 890/1353/451 887/1359/419 891/1348/410
f 912/1379/452 911/1371/453 908/1367/431
f 913/1380/454 908/1381/455 909/1368/433
f 913/1380/456 910/1370/457 914/1382/458
f 911/1371/438 914/1382/459 910/1370/437
f 919/1372/460 912/1379/452 916/1376/447
f 917/1333/444 912/1383/461 913/1380/454
f 918/1334/383 913/1380/456 914/1382/458
f 915/1384/462 918/1334/441 914/1382/459
f 937/1385/463 932/1386/464 933/1387/465
f 920/1377/448 927/1388/466 923/1375/446
f 925/1389/467 920/1390/468 921/1373/442
f 922/1332/381 925/1389/469 921/1373/470
f 928/1391/471 991/1392/472 989/1393/473
f 929/1394/474 989/1395/475 990/1396/476
f 988/1397/477 929/1394/478 990/1396/479
f 991/1392/480 930/1398/481 988/1397/482
f 923/1375/483 926/1399/484 922/1332/440
f 932/1400/485 931/1401/486 928/1391/471
f 933/1387/465 928/1402/487 929/1394/474
f 930/1398/488 933/1387/489 929/1394/478
f 934/1403/490 931/1401/491 935/1404/492
f 938/1405/493 933/1387/489 934/1403/494
f 939/1406/495 932/1400/485 936/1407/496
f 938/1405/497 935/1404/492 939/1406/498
f 963/1408/499 956/1409/500 960/1410/501
f 936/1407/496 943/1411/502 939/1406/495
f 941/1412/503 936/1413/504 937/1385/463
f 942/1414/505 937/1385/506 938/1405/493
f 939/1406/498 942/1414/507 938/1405/497
f 940/1415/508 947/1416/509 943/1411/502
f 945/1417/510 940/1418/511 941/1412/503
f 946/1419/512 941/1412/513 942/1414/505
f 943/1411/514 946/1419/515 942/1414/507
f 944/1420/516 951/1421/517 947/1416/509
f 945/1417/510 948/1422/518 944/1423/519
f 950/1424/520 945/1417/521 946/1419/512
f 951/1421/522 946/1419/515 947/1416/523
f 952/1425/524 951/1421/517 948/1426/525
f 949/1427/526 952/1428/527 948/1422/518
f 950/1424/520 953/1429/528 949/1427/529
f 955/1430/530 950/1424/531 951/1421/522
f 957/1431/532 954/1432/533 958/1433/534
f 956/1434/535 953/1429/536 957/1431/537
f 962/1435/538 957/1431/532 958/1433/534
f 960/1436/539 957/1431/537 961/1437/540
f 1434/1438/541 1437/1439/542 1433/1440/543
f 963/1408/544 958/1433/545 959/1441/546
f 956/1409/500 955/1430/547 952/1425/524
f 959/1441/546 954/1432/548 955/1430/530
f 960/1410/501 967/1442/549 963/1408/499
f 961/1437/540 964/1443/550 960/1436/539
f 966/1444/551 961/1437/552 962/1435/538
f 967/1442/553 962/1435/554 963/1408/544
f 964/1445/555 971/1446/556 967/1442/549
f 965/1447/557 968/1448/558 964/1443/550
f 970/1449/559 965/1447/560 966/1444/551
f 971/1446/561 966/1444/562 967/1442/553
f 968/1450/563 975/1451/564 971/1446/556
f 969/1452/565 972/1453/566 968/1448/558
f 974/1454/567 969/1452/568 970/1449/559
f 975/1451/569 970/1449/570 971/1446/561
f 976/1455/571 975/1451/564 972/1456/572
f 973/1457/573 976/1458/574 972/1453/566
f 974/1454/567 977/1459/575 973/1457/576
f 979/1460/577 974/1454/578 975/1451/569
f 976/1455/571 983/1461/579 979/1460/580
f 977/1459/581 980/1462/582 976/1458/574
f 982/1463/583 977/1459/575 978/1464/584
f 983/1461/585 978/1464/586 979/1460/577
f 980/1465/587 984/1466/588 983/1461/579
f 981/1467/589 987/1468/590 980/1462/582
f 983/1461/585 985/1469/591 982/1463/592
f 982/1463/583 986/1470/593 981/1467/594
f 927/1388/595 988/1471/482 926/1399/484
f 926/1399/596 990/1472/479 925/1389/469
f 990/1472/476 924/1473/597 925/1389/467
f 989/1474/473 927/1388/466 924/1475/598
f 1036/1476/599 1152/1477/600 1030/1478/601
f 1191/1479/602 1088/1480/603 1035/1481/604
f 1193/1482/605 1148/1483/1 1206/1484/1
f 1631/1485/606 1011/1486/607 1624/1487/608
f 1021/1488/609 1169/1489/610 1082/1490/611
f 1144/1491/612 1064/1492/613 1003/1493/614
f 1037/1494/615 1202/1495/616 1192/1496/617
f 1070/1497/618 1034/1498/619 1086/1499/620
f 1030/1478/601 1092/1500/621 1036/1476/599
f 1059/1501/622 1104/1502/623 1096/1503/624
f 1134/1504/625 1158/1505/626 1175/1506/627
f 1155/1507/628 1601/1508/629 1064/1509/613
f 1023/1510/630 1614/1511/631 1027/1512/632
f 1210/1513/633 1068/1514/605 1193/1482/605
f 1226/1515/634 1234/1516/635 1220/1517/636
f 1641/1518/637 1186/1519/638 1142/1520/638
f 1058/1521/639 1626/1522/640 1103/1523/641
f 1641/1518/642 1665/1524/643 1652/1525/642
f 1159/1526/644 1150/1527/645 1177/1528/646
f 1060/1529/647 1172/1530/648 1108/1531/649
f 1623/1532/650 1061/1533/651 1111/1534/652
f 1034/1498/619 1130/1535/653 1035/1481/604
f 1147/1536/654 1037/1494/615 1146/1537/655
f 1657/1538/656 1101/1539/657 1204/1540/658
f 1638/1541/659 995/1542/660 1126/1543/661
f 1613/1544/662 1098/1545/663 1101/1539/657
f 996/1546/664 1628/1547/665 1014/1548/666
f 1176/1549/667 1060/1529/647 1138/1550/668
f 1062/1551/669 1149/1552/670 1069/1553/671
f 1140/1554/672 1067/1555/673 1133/1556/670
f 1065/1557/674 1178/1558/667 1154/1559/675
f 1610/1560/676 1171/1561/677 1645/1562/678
f 1710/1563/679 1221/1564/680 1231/1565/681
f 1117/1566/682 1599/1567/683 1063/1568/684
f 1086/1499/620 1035/1481/604 1088/1480/603
f 1036/1476/599 1090/1569/685 1037/1494/615
f 1063/1568/684 1643/1570/686 1157/1571/687
f 1596/1572/688 1127/1573/689 1639/1574/690
f 1151/1575/691 1021/1488/609 1022/1576/692
f 1646/1577/693 1223/1578/694 1163/1579/695
f 1132/1580/1 1194/1581/696 1211/1582/1
f 1010/1583/697 1629/1584/698 1625/1585/699
f 1066/1586/696 1203/1587/700 1194/1581/696
f 1149/1552/670 1068/1514/605 1069/1553/671
f 1010/1583/697 1604/1588/701 994/1589/702
f 1064/1509/613 1622/1590/703 1121/1591/704
f 1662/1592/705 1643/1570/706 1599/1567/707
f 1016/1593/708 1615/1594/709 1023/1510/630
f 1597/1595/710 1139/1596/711 1061/1533/651
f 995/1542/660 1624/1487/608 1011/1486/607
f 1066/1586/696 1096/1503/624 1095/1597/712
f 1091/1598/713 1202/1495/616 1090/1569/685
f 1141/1599/714 1603/1600/715 1058/1521/639
f 1606/1601/716 1008/1602/717 1026/1603/718
f 1616/1604/719 1115/1605/720 1098/1545/663
f 1654/1606/721 1094/1607/722 1608/1608/723
f 1627/1609/724 1119/1610/725 1634/1611/726
f 1146/1537/655 1192/1496/617 1212/1612/727
f 1611/1613/728 1107/1614/729 1630/1615/730
f 993/1616/731 1621/1617/732 1602/1618/733
f 1648/1619/734 1204/1540/658 1174/1620/735
f 1083/1621/736 1169/1489/610 1170/1622/737
f 1071/1623/738 1008/1602/717 1009/1624/739
f 1070/1497/618 1071/1623/738 1072/1625/740
f 1080/1626/741 1078/1627/742 1079/1628/743
f 1074/1629/744 1076/1630/745 1077/1631/746
f 1609/1632/747 1012/1633/748 1631/1634/606
f 1076/1630/745 1013/1635/749 1077/1631/746
f 1075/1636/750 1012/1637/748 1076/1630/745
f 1080/1626/741 1016/1593/708 1081/1638/751
f 1018/1639/752 1085/1640/753 1084/1641/754
f 1633/1642/755 1014/1548/666 1628/1547/665
f 1617/1643/756 1015/1644/757 1633/1645/755
f 1079/1628/743 1015/1646/757 1080/1626/741
f 1084/1641/754 1082/1490/611 1083/1621/736
f 1018/1647/752 1620/1648/758 1635/1649/759
f 1019/1650/760 1635/1651/759 1621/1617/732
f 1017/1652/761 1084/1641/754 1083/1621/736
f 1618/1653/762 1119/1654/725 1115/1605/720
f 1089/1655/763 1207/1656/764 1201/1657/765
f 1655/1658/766 1020/1659/767 1197/1660/768
f 1632/1661/769 1111/1534/652 1113/1662/770
f 1610/1560/676 1113/1663/770 1109/1664/771
f 1022/1576/692 1082/1490/611 1085/1640/753
f 1619/1665/772 1125/1666/773 1636/1667/774
f 1163/1579/775 1077/1631/746 1013/1635/749
f 1197/1660/768 1089/1655/763 1201/1657/765
f 1208/1668/776 1233/1669/777 1202/1495/778
f 1072/1625/740 1024/1670/779 1070/1497/618
f 1081/1638/751 1092/1500/621 1078/1627/742
f 1636/1671/774 1121/1591/704 1622/1590/703
f 1644/1672/780 997/1673/781 1596/1572/688
f 1153/1674/782 1030/1478/601 1152/1477/600
f 1022/1576/692 1019/1650/760 993/1616/731
f 1142/1520/783 1022/1576/692 993/1616/731
f 1126/1543/661 1029/1675/784 1135/1676/785
f 1081/1638/751 1023/1510/630 1093/1677/786
f 1087/1678/787 1088/1480/603 1089/1655/763
f 1105/1679/788 1605/1680/789 1097/1681/790
f 1073/1682/791 1086/1499/620 1087/1678/787
f 1641/1518/792 993/1616/731 1602/1618/733
f 1031/1683/793 1078/1627/742 1030/1478/601
f 1135/1676/785 1028/1684/794 1134/1504/625
f 1025/1685/795 1010/1583/697 994/1589/702
f 1127/1573/689 1025/1685/795 994/1589/702
f 1026/1603/718 1073/1682/791 1087/1678/787
f 1607/1686/796 1026/1603/718 1020/1659/767
f 1020/1659/767 1087/1678/787 1089/1655/763
f 1017/1652/761 1647/1687/797 1620/1648/758
f 1102/1688/798 1046/1689/799 1106/1690/800
f 1093/1677/786 1090/1569/685 1092/1500/621
f 1164/1691/801 1083/1621/736 1170/1622/737
f 1198/1692/802 1091/1598/713 1027/1512/632
f 1150/1527/638 1188/1693/803 1177/1528/638
f 1093/1677/786 1027/1512/632 1091/1598/713
f 1096/1503/624 1038/1694/804 1095/1597/712
f 1029/1675/784 1074/1629/744 1028/1684/794
f 1011/1486/607 1029/1675/784 995/1542/660
f 1106/1690/800 1048/1695/805 1104/1502/623
f 1112/1696/806 1051/1697/807 1050/1698/808
f 1136/1699/809 1025/1685/795 1137/1700/810
f 1143/1701/811 1031/1683/793 1153/1674/782
f 996/1546/664 1079/1628/743 1031/1683/793
f 1024/1670/779 1131/1702/812 1034/1498/619
f 1097/1703/790 1048/1695/805 1105/1704/788
f 1097/1681/790 1608/1608/723 1094/1607/722
f 1094/1705/722 1039/1706/813 1097/1703/790
f 1099/1707/814 1041/1708/815 1040/1709/816
f 1101/1710/657 1040/1709/816 1041/1708/815
f 1001/1711/817 1138/1550/668 1060/1529/647
f 1061/1712/651 1128/1713/818 1001/1711/817
f 1129/1714/819 1058/1715/639 1000/1716/820
f 1003/1493/614 1154/1559/675 1144/1491/612
f 1002/1717/821 1156/1718/822 1062/1551/669
f 1002/1717/821 1157/1719/687 1145/1720/823
f 1072/1625/740 1009/1721/739 1010/1583/697
f 1000/1716/820 1140/1554/672 1129/1714/819
f 1107/1722/729 1047/1723/824 1103/1724/641
f 1110/1725/825 1050/1698/808 1049/1726/826
f 1105/1704/788 1046/1689/799 1107/1722/729
f 1118/1727/827 1057/1728/828 1056/1729/829
f 1113/1730/770 1049/1726/826 1050/1698/808
f 1120/1731/830 1053/1732/831 1124/1733/832
f 1109/1734/771 1050/1698/808 1051/1697/807
f 1124/1733/832 1052/1735/833 1122/1736/834
f 1123/1737/835 1053/1732/831 1125/1738/773
f 1110/1725/825 1108/1531/649 1112/1696/806
f 1125/1738/773 1054/1739/836 1121/1740/704
f 1116/1741/837 1056/1729/829 1055/1742/838
f 1119/1743/725 1055/1742/838 1056/1729/829
f 1122/1736/834 1120/1731/830 1124/1733/832
f 1115/1744/720 1056/1729/829 1057/1728/828
f 1104/1502/623 1102/1688/798 1106/1690/800
f 1104/1502/623 1039/1706/813 1096/1503/624
f 1098/1745/663 1057/1728/828 1040/1709/816
f 1000/1716/820 1103/1724/641 1047/1723/824
f 1047/1723/824 1059/1501/622 1000/1716/820
f 1060/1529/647 1049/1726/826 1001/1711/817
f 1001/1711/817 1111/1746/652 1061/1712/651
f 1038/1694/804 1209/1747/839 1199/1748/840
f 1172/1530/648 1051/1697/807 1108/1531/649
f 1052/1735/833 1173/1749/841 1122/1736/834
f 1199/1748/840 1095/1597/712 1038/1694/804
f 1062/1551/669 1055/1742/838 1002/1717/821
f 1055/1742/838 1063/1750/684 1002/1717/821
f 1114/1751/842 1040/1709/816 1057/1728/828
f 1005/1752/843 1136/1699/809 1032/1753/844
f 1200/1754/845 1100/1755/846 1210/1513/633
f 1174/1756/735 1052/1735/833 1123/1737/835
f 1134/1504/847 1190/1757/848 1182/1758/849
f 1204/1759/658 1041/1708/815 1200/1754/845
f 1003/1493/614 1121/1740/704 1054/1739/836
f 1054/1739/836 1065/1557/674 1003/1493/614
f 1133/1556/670 1006/1760/1 1007/1761/670
f 1045/1762/850 1640/1763/851 1141/1599/714
f 1116/1741/837 1114/1751/842 1118/1727/827
f 1151/1575/852 1187/1764/638 1150/1527/638
f 1140/1554/672 1007/1761/670 1044/1765/853
f 1162/1766/667 1138/1550/668 1042/1767/854
f 999/1768/855 1141/1769/714 1129/1714/819
f 1129/1714/819 1044/1765/853 999/1768/855
f 998/1770/856 1139/1771/711 1043/1772/857
f 998/1770/856 1138/1550/668 1128/1713/818
f 1143/1701/811 1600/1773/858 996/1546/664
f 997/1673/781 1137/1700/810 1127/1573/689
f 1149/1552/670 1044/1765/853 1007/1761/670
f 1051/1697/807 1171/1774/677 1109/1734/771
f 1126/1543/859 1185/1775/849 1184/1776/860
f 1612/1777/861 1009/1624/739 1008/1602/717
f 1196/1778/862 1130/1535/653 1004/1779/863
f 1190/1757/864 1179/1780/865 1182/1758/866
f 1147/1536/654 1032/1753/844 1152/1477/600
f 1157/1571/687 1595/1781/867 1045/1762/850
f 1032/1753/844 1137/1700/810 1033/1782/868
f 1148/1483/1 1007/1761/670 1006/1760/1
f 1195/1783/1 1132/1580/1 1211/1582/1
f 1154/1559/675 1162/1766/667 1042/1767/854
f 1004/1779/863 1131/1702/812 1005/1752/843
f 1139/1596/711 992/1784/869 1043/1785/857
f 1145/1720/823 1045/1786/850 999/1768/855
f 999/1768/855 1156/1718/822 1145/1720/823
f 998/1770/856 1155/1787/628 1144/1491/612
f 1144/1491/612 1042/1767/854 998/1770/856
f 1013/1635/749 1646/1577/870 1163/1579/775
f 997/1673/781 1153/1674/782 1033/1782/868
f 1219/1788/871 1188/1693/872 1189/1789/873
f 1182/1758/866 1180/1790/874 1185/1775/875
f 1004/1779/863 1212/1612/727 1196/1778/862
f 1619/1665/772 1174/1620/735 1123/1791/835
f 1219/1788/871 1190/1757/876 1220/1517/636
f 1152/1477/600 1033/1782/868 1153/1674/782
f 1206/1484/1 1006/1760/1 1195/1783/1
f 1077/1631/746 1167/1792/877 1074/1629/744
f 1146/1537/655 1005/1752/843 1147/1536/654
f 992/1784/869 1155/1507/628 1043/1785/857
f 1142/1520/638 1183/1793/852 1151/1575/852
f 1160/1794/878 1206/1484/1 1178/1558/667
f 1655/1658/879 1230/1795/880 1709/1796/881
f 1181/1797/882 1185/1775/875 1180/1790/874
f 1187/1764/883 1180/1790/874 1179/1780/865
f 1179/1780/865 1188/1693/884 1187/1764/883
f 1649/1798/885 1184/1776/886 1181/1797/882
f 1181/1797/882 1183/1793/887 1186/1519/888
f 1620/1648/889 1698/1799/890 1635/1649/891
f 1639/1574/690 994/1589/702 1604/1588/701
f 1178/1558/667 1195/1783/1 1162/1766/667
f 1212/1612/892 1229/1800/893 1196/1778/893
f 1195/1783/1 1176/1549/667 1162/1766/667
f 1166/1801/894 1204/1759/658 1200/1754/845
f 1166/1801/894 1210/1513/633 1173/1749/841
f 1165/1802/895 1203/1587/700 1199/1748/840
f 1165/1802/895 1209/1747/839 1171/1774/677
f 1170/1622/896 1222/1803/897 1216/1804/898
f 1197/1660/899 1232/1805/900 1230/1795/880
f 1231/1565/901 1656/1806/902 1710/1563/903
f 1232/1805/904 1214/1807/905 1224/1808/906
f 1167/1792/907 1226/1515/908 1158/1505/909
f 1159/1526/910 1218/1809/911 1225/1810/912
f 1649/1798/885 1186/1519/888 1652/1525/913
f 1188/1693/803 1218/1809/914 1177/1528/638
f 1184/1776/860 1638/1541/915 1126/1543/859
f 1205/1811/916 1035/1481/604 1130/1535/653
f 1158/1505/909 1220/1517/917 1175/1506/917
f 1194/1581/696 1172/1530/648 1161/1812/918
f 1209/1813/839 1645/1562/678 1171/1561/677
f 1173/1749/841 1193/1482/605 1160/1794/878
f 1198/1692/919 1215/1814/920 1208/1668/776
f 1161/1812/918 1211/1582/1 1194/1581/696
f 1027/1512/632 1656/1806/921 1198/1692/802
f 1229/1800/922 1218/1809/923 1219/1788/871
f 1220/1517/636 1229/1800/922 1219/1788/871
f 1709/1796/924 1223/1578/694 1705/1815/925
f 1216/1804/926 1231/1565/681 1221/1564/680
f 1201/1657/927 1213/1816/928 1232/1805/900
f 1221/1564/680 1647/1687/929 1164/1691/930
f 1230/1795/931 1224/1808/906 1223/1578/694
f 1222/1803/932 1215/1814/933 1216/1804/926
f 1192/1496/934 1217/1817/935 1212/1612/892
f 1225/1810/936 1217/1817/937 1228/1818/938
f 1228/1818/938 1222/1803/932 1225/1810/936
f 1214/1807/905 1227/1819/939 1226/1515/634
f 1202/1495/778 1228/1818/940 1192/1496/934
f 1164/1691/930 1216/1804/898 1221/1564/680
f 1234/1516/941 1191/1479/942 1205/1811/941
f 1168/1820/943 1214/1807/944 1167/1792/907
f 1205/1811/941 1229/1800/893 1234/1516/941
f 1644/1672/945 1663/1821/946 1600/1773/947
f 1207/1656/948 1227/1819/949 1213/1816/928
f 1163/1579/695 1224/1808/950 1168/1820/943
f 1631/1485/951 1687/1822/952 1694/1823/953
f 1175/1506/848 1220/1517/848 1190/1757/848
f 1169/1489/954 1225/1810/912 1222/1803/897
f 1242/1824/955 1236/1825/956 1235/1826/957
f 1242/1827/958 1238/1828/959 1239/1829/960
f 1239/1829/961 1237/1830/962 1240/1831/963
f 1241/1832/964 1237/1830/965 1236/1825/966
f 1243/1833/967 1242/1827/958 1239/1829/960
f 1240/1831/963 1243/1833/968 1239/1829/961
f 1241/1832/964 1244/1834/969 1240/1831/970
f 1246/1835/971 1241/1832/972 1242/1824/955
f 1247/1836/973 1246/1837/974 1243/1833/967
f 1248/1838/975 1243/1833/968 1244/1834/976
f 1245/1839/977 1248/1838/978 1244/1834/969
f 1246/1835/971 1249/1840/979 1245/1839/980
f 1252/1841/981 1249/1840/982 1253/1842/983
f 1251/1843/984 1250/1844/985 1247/1836/973
f 1250/1845/986 1253/1842/987 1249/1840/979
f 1261/1846/988 1264/1847/989 1260/1848/990
f 1260/1848/991 1255/1849/992 1256/1850/993
f 1262/1851/994 1265/1852/995 1261/1846/996
f 1285/1853/997 1288/1854/998 1284/1855/999
f 1254/1856/1000 1257/1857/1001 1253/1842/987
f 1264/1847/1002 1259/1858/1003 1260/1848/991
f 1256/1850/993 1251/1843/1004 1252/1841/1005
f 1255/1849/1006 1254/1859/1007 1251/1843/984
f 1253/1842/983 1256/1850/1008 1252/1841/981
f 1261/1846/996 1258/1860/1009 1262/1851/994
f 1260/1848/990 1257/1857/1010 1261/1846/988
f 1263/1861/1011 1262/1862/1012 1259/1858/1013
f 1259/1858/1013 1258/1863/1014 1255/1849/1006
f 1267/1864/1015 1266/1865/1016 1263/1861/1011
f 1268/1866/1017 1263/1861/1018 1264/1847/1002
f 1265/1852/1019 1268/1866/1020 1264/1847/989
f 1266/1867/1021 1269/1868/1022 1265/1852/995
f 1271/1869/1023 1270/1870/1024 1267/1864/1015
f 1272/1871/1025 1267/1864/1026 1268/1866/1017
f 1269/1868/1027 1272/1871/1028 1268/1866/1020
f 1270/1872/1029 1273/1873/1030 1269/1868/1022
f 1275/1874/1031 1274/1875/1032 1271/1869/1023
f 1272/1871/1025 1275/1874/1033 1271/1869/1034
f 1273/1873/1035 1276/1876/1036 1272/1871/1028
f 1278/1877/1037 1273/1873/1030 1274/1878/1038
f 1275/1874/1031 1282/1879/1039 1278/1880/1040
f 1276/1876/1041 1279/1881/1042 1275/1874/1033
f 1281/1882/1043 1276/1876/1036 1277/1883/1044
f 1282/1884/1045 1277/1883/1046 1278/1877/1037
f 1283/1885/1047 1282/1879/1039 1279/1881/1048
f 1284/1886/1049 1279/1881/1042 1280/1887/1050
f 1281/1882/1043 1284/1886/999 1280/1887/1051
f 1282/1884/1045 1285/1888/1052 1281/1882/1053
f 1293/1889/1054 1288/1854/998 1289/1890/1055
f 1294/1891/1056 1289/1890/1057 1290/1892/1058
f 1288/1854/1059 1283/1893/1060 1284/1855/1049
f 1287/1894/1061 1294/1895/1062 1290/1896/1063
f 1467/1897/1064 1464/1898/1065 1468/1899/1066
f 1289/1890/1057 1286/1900/1067 1290/1892/1058
f 1291/1901/1068 1288/1854/1059 1292/1902/1069
f 1287/1894/1061 1286/1903/1070 1283/1893/1047
f 1295/1904/1071 1294/1895/1062 1291/1901/1072
f 1292/1902/1069 1295/1904/1073 1291/1901/1068
f 1293/1889/1054 1296/1905/1074 1292/1902/1075
f 1298/1906/1076 1293/1889/1077 1294/1891/1056
f 1299/1907/1078 1298/1908/1079 1295/1904/1071
f 1296/1905/1080 1299/1907/1081 1295/1904/1073
f 1297/1909/1082 1300/1910/1083 1296/1905/1074
f 1302/1911/1084 1297/1909/1085 1298/1906/1076
f 1303/1912/1086 1302/1913/1087 1299/1907/1078
f 1300/1910/1088 1303/1912/1089 1299/1907/1081
f 1301/1914/1090 1304/1915/1091 1300/1910/1083
f 1306/1916/1092 1301/1914/1093 1302/1911/1084
f 1303/1912/1086 1310/1917/1094 1306/1918/1095
f 1308/1919/1096 1303/1912/1089 1304/1915/1097
f 1309/1920/1098 1304/1915/1091 1305/1921/1099
f 1306/1916/1092 1309/1920/1100 1305/1921/1101
f 1312/1922/1102 1307/1923/1103 1308/1919/1096
f 1310/1924/1104 1313/1925/1105 1309/1920/1100
f 1314/1926/1106 1307/1923/1107 1311/1927/1108
f 1344/1928/1109 1339/1929/1110 1340/1930/1111
f 1340/1930/1111 1335/1931/1112 1336/1932/1113
f 1318/1933/1114 1311/1927/1108 1315/1934/1115
f 1331/1935/1116 1338/1936/1117 1334/1937/1118
f 1341/1938/1119 1338/1939/1120 1342/1940/1121
f 1336/1932/1113 1331/1935/1122 1332/1941/1123
f 1323/1942/1124 1320/1943/1125 1324/1944/1126
f 1342/1945/1127 1335/1931/1128 1339/1929/1129
f 1339/1929/1129 1346/1946/1130 1342/1945/1127
f 1322/1947/1131 1315/1934/1115 1319/1948/1132
f 1317/1949/1133 1314/1950/1134 1318/1951/1135
f 1341/1938/1136 1336/1932/1137 1337/1952/1138
f 1323/1942/1139 1330/1953/1140 1326/1954/1141
f 1324/1944/1126 1327/1955/1142 1323/1942/1124
f 1329/1956/1143 1324/1944/1144 1325/1957/1145
f 1330/1958/1146 1325/1957/1147 1326/1959/1148
f 1313/1925/1149 1308/1919/1150 1309/1920/1098
f 1321/1960/1151 1318/1951/1135 1322/1961/1152
f 1321/1960/1153 1316/1962/1154 1317/1949/1155
f 1326/1954/1141 1319/1948/1132 1323/1942/1139
f 1345/1963/1156 1340/1930/1157 1341/1938/1136
f 1325/1957/1145 1320/1943/1158 1321/1960/1153
f 1342/1940/1121 1345/1963/1159 1341/1938/1119
f 1316/1962/1160 1311/1927/1161 1312/1922/1102
f 1331/1935/1116 1330/1953/1140 1327/1955/1162
f 1332/1941/1123 1327/1955/1142 1328/1964/1163
f 1332/1941/1164 1329/1956/1143 1333/1965/1165
f 1333/1965/1166 1330/1958/1146 1334/1966/1167
f 1320/1943/1125 1315/1934/1168 1316/1962/1160
f 1334/1966/1167 1337/1952/1169 1333/1965/1166
f 1337/1952/1138 1332/1941/1164 1333/1965/1165
f 1317/1949/1155 1312/1922/1170 1313/1925/1149
f 1343/1967/1171 1350/1968/1172 1346/1946/1130
f 1348/1969/1173 1343/1967/1174 1344/1928/1109
f 1349/1970/1175 1344/1928/1176 1345/1963/1156
f 1346/1971/1177 1349/1970/1178 1345/1963/1159
f 1347/1972/1179 1354/1973/1180 1350/1968/1172
f 1352/1974/1181 1347/1972/1182 1348/1969/1173
f 1353/1975/1183 1348/1969/1184 1349/1970/1175
f 1350/1976/1185 1353/1975/1186 1349/1970/1178
f 1357/1977/1187 1352/1974/1188 1353/1975/1183
f 1354/1978/1189 1357/1977/1190 1353/1975/1186
f 1356/1979/1191 1351/1980/1192 1352/1974/1181
f 1355/1981/1193 1362/1982/1194 1358/1983/1195
f 1360/1984/1196 1355/1981/1197 1356/1979/1191
f 1361/1985/1198 1356/1979/1199 1357/1977/1187
f 1358/1986/1200 1361/1985/1201 1357/1977/1190
f 1359/1987/1202 1366/1988/1203 1362/1982/1194
f 1364/1989/1204 1359/1987/1205 1360/1984/1196
f 1365/1990/1206 1360/1984/1207 1361/1985/1198
f 1362/1991/1208 1365/1990/1209 1361/1985/1201
f 1370/1992/1210 1809/1993/1211 1811/1994/1212
f 1368/1995/1213 1809/1993/1214 1369/1996/1215
f 1351/1980/1216 1358/1983/1195 1354/1973/1180
f 1367/1997/1217 1806/1998/1218 1368/1995/1219
f 1364/1989/1204 1804/1999/1220 1363/2000/1221
f 1810/2001/1222 1365/1990/1209 1366/2002/1223
f 1365/1990/1206 1807/2003/1224 1364/1989/1225
f 1367/1997/1226 1811/2004/1227 1805/2005/1228
f 1372/2006/1229 1369/1996/1215 1373/2007/1230
f 1371/2008/1231 1370/2009/1232 1367/1997/1226
f 1374/2010/1233 1369/1996/1234 1370/1992/1210
f 1371/2008/1235 1368/1995/1219 1372/2006/1236
f 1375/2011/1237 1374/2012/1238 1371/2008/1231
f 1375/2011/1239 1372/2006/1236 1376/2013/1240
f 1378/2014/1241 1373/2007/1242 1374/2010/1233
f 1376/2013/1243 1373/2007/1230 1377/2015/1244
f 1375/2011/1237 1382/2016/1245 1378/2017/1246
f 1378/2014/1241 1381/2018/1247 1377/2015/1248
f 1380/2019/1249 1375/2011/1239 1376/2013/1240
f 1381/2018/1250 1376/2013/1243 1377/2015/1244
f 1385/2020/1251 1380/2019/1252 1381/2018/1250
f 1382/2021/1253 1385/2020/1254 1381/2018/1247
f 1384/2022/1255 1379/2023/1256 1380/2019/1249
f 1386/2024/1257 1379/2023/1258 1383/2025/1257
f 1389/2026/1259 1384/2022/1251 1385/2020/1251
f 1389/2026/1260 1386/2027/1254 1390/2028/1260
f 1388/2029/1261 1383/2025/1255 1384/2022/1255
f 1390/2030/1262 1383/2025/1257 1387/2031/1262
f 1392/2032/1263 1389/2026/1259 1393/2033/1263
f 1391/2034/1264 1390/2030/1262 1387/2031/1262
f 1394/2035/1265 1389/2026/1260 1390/2028/1260
f 1391/2034/1266 1388/2029/1261 1392/2032/1266
f 1405/2036/1267 1400/2037/1268 1401/2038/1268
f 1395/2039/1269 1402/2040/1270 1398/2041/1269
f 1396/2042/1271 1391/2034/1266 1392/2032/1266
f 1401/2038/1272 1398/2043/1273 1402/2044/1272
f 1397/2045/1274 1392/2032/1263 1393/2033/1263
f 1399/2046/1275 1404/2047/1276 1403/2048/1277
f 1397/2045/1273 1394/2035/1265 1398/2043/1273
f 1406/2049/1278 1399/2046/1270 1403/2048/1279
f 1398/2041/1269 1391/2034/1264 1395/2039/1269
f 1400/2037/1275 1395/2039/1271 1396/2042/1271
f 1401/2038/1268 1396/2042/1274 1397/2045/1274
f 1404/2047/1276 1407/2050/1280 1403/2048/1277
f 1403/2048/1279 1410/2051/1281 1406/2049/1278
f 1409/2052/1282 1404/2047/1283 1405/2036/1267
f 1407/2050/1284 1414/2053/1285 1410/2051/1281
f 1408/2054/1286 1411/2055/1287 1407/2050/1280
f 1413/2056/1288 1408/2054/1289 1409/2052/1282
f 1414/2057/1290 1409/2052/1291 1410/2058/1292
f 1411/2055/1293 1418/2059/1294 1414/2053/1285
f 1416/2060/1295 1411/2055/1287 1412/2061/1296
f 1417/2062/1297 1412/2061/1298 1413/2056/1288
f 1414/2057/1290 1417/2062/1299 1413/2056/1300
f 1416/2063/1301 1429/2064/1302 1415/2065/1303
f 1421/2066/1304 1425/2067/1304 1423/2068/1304
f 1418/2069/1305 1429/2064/1302 1427/2070/1306
f 1417/2071/1307 1428/2072/1308 1416/2063/1301
f 1429/2064/1309 1424/2073/1310 1427/2070/1309
f 1425/2067/1311 1429/2064/1312 1428/2072/1312
f 1423/2068/1313 1428/2072/1314 1430/2074/1314
f 1427/2075/1315 1423/2068/1316 1430/2074/1315
f 1417/2071/1307 1427/2075/1306 1430/2074/1317
f 1421/2066/1318 1424/2076/1318 1422/2077/1318
f 1422/2078/1319 1426/2079/1319 1419/2080/1319
f 1420/2081/1320 1426/2079/1320 1425/2067/1320
f 1433/1440/1321 1436/2082/1322 1432/2083/1323
f 1435/2084/1324 1434/2085/1325 1431/2086/1326
f 1252/1841/1005 1247/1836/1327 1248/1838/975
f 1436/2082/1328 1431/2086/1329 1432/2083/1330
f 1435/2084/1324 1442/2087/1331 1438/2088/1332
f 1440/2089/1333 1435/2084/1334 1436/2082/1328
f 1441/2090/1335 1436/2082/1322 1437/1439/1336
f 1438/2091/1337 1441/2090/1338 1437/1439/542
f 1450/2092/1339 1453/2093/1340 1449/2094/1341
f 1449/2094/1342 1452/2095/1343 1448/2096/1344
f 1448/2096/1345 1443/2097/1346 1444/2098/1347
f 1447/2099/1348 1446/2100/1349 1443/2097/1350
f 1442/2101/1351 1445/2102/1352 1441/2090/1338
f 1449/2094/1341 1446/2103/1353 1450/2092/1339
f 1452/2095/1354 1447/2099/1355 1448/2096/1345
f 1444/2098/1347 1439/2104/1356 1440/2089/1333
f 1451/2105/1357 1450/2106/1358 1447/2099/1348
f 1443/2097/1350 1442/2087/1331 1439/2104/1359
f 1441/2090/1335 1444/2098/1360 1440/2089/1361
f 1455/2107/1362 1454/2108/1363 1451/2105/1357
f 1456/2109/1364 1451/2105/1365 1452/2095/1354
f 1453/2093/1366 1456/2109/1367 1452/2095/1343
f 1454/2110/1368 1457/2111/1369 1453/2093/1340
f 1459/2112/1370 1458/2113/1371 1455/2107/1362
f 1460/2114/1372 1455/2107/1373 1456/2109/1364
f 1457/2111/1374 1460/2114/1375 1456/2109/1367
f 1458/2115/1376 1461/2116/1377 1457/2111/1369
f 1459/2112/1370 1466/2117/1378 1462/2118/1379
f 1460/2114/1372 1463/2119/1380 1459/2112/1381
f 1465/2120/1382 1460/2114/1375 1461/2116/1383
f 1466/2121/1384 1461/2116/1377 1462/2122/1385
f 1468/1899/1386 1465/2120/1382 1469/2123/1387
f 1467/1897/1388 1466/2117/1378 1463/2119/1389
f 1470/2124/1390 1465/2120/1391 1466/2121/1384
f 1448/2096/1344 1445/2102/1392 1449/2094/1342
f 1471/2125/1393 1470/2126/1394 1467/2127/1388
f 1472/2128/1395 1467/2127/1064 1468/2129/1066
f 1469/2130/1387 1472/2128/1396 1468/2129/1386
f 1470/2131/1390 1473/2132/1397 1469/2130/1398
f 1471/2125/1393 1478/2133/1399 1474/2134/1400
f 1472/2128/1395 1475/2135/1401 1471/2125/1402
f 1477/2136/1403 1472/2128/1396 1473/2132/1404
f 1478/2137/1405 1473/2132/1397 1474/2138/1406
f 1479/2139/1407 1478/2133/1399 1475/2135/1408
f 1476/2140/1409 1479/2139/1410 1475/2135/1401
f 1477/2136/1403 1480/2141/1411 1476/2140/1412
f 1482/2142/1413 1477/2136/1414 1478/2137/1405
f 1483/2143/1415 1482/2144/1416 1479/2139/1407
f 1484/2145/1417 1479/2139/1410 1480/2141/1418
f 1481/2146/1419 1484/2145/1420 1480/2141/1411
f 1482/2142/1413 1485/2147/1421 1481/2146/1422
f 1505/2148/1423 1500/2149/1424 1501/2150/1425
f 1522/2151/1426 1525/2152/1427 1521/2153/1428
f 1524/2154/1429 1529/2155/1430 1528/2156/1431
f 1540/2157/1432 1535/2158/1433 1536/2159/1434
f 1545/2160/1435 1542/2161/1436 1546/2162/1437
f 1530/2163/1438 1523/2164/1439 1527/2165/1440
f 1549/2166/1441 1546/2162/1437 1550/2167/1442
f 1511/2168/1443 1510/2169/1444 1507/2170/1445
f 1534/2171/1446 1537/2172/1447 1533/2173/1448
f 1528/2156/1431 1533/2174/1449 1532/2175/1450
f 1523/2164/1451 1528/2156/1452 1527/2165/1453
f 1541/2176/1454 1536/2159/1455 1537/2172/1456
f 1517/2177/1457 1512/2178/1458 1513/2179/1459
f 1538/2180/1460 1541/2176/1461 1537/2172/1447
f 1545/2160/1462 1540/2157/1463 1541/2176/1454
f 1546/2181/1464 1539/2182/1465 1543/2183/1466
f 1508/2184/1467 1503/2185/1468 1504/2186/1469
f 1550/2167/1442 1553/2187/1470 1549/2166/1441
f 1494/2188/1471 1489/2189/1472 1490/2190/1473
f 1512/2178/1474 1515/2191/1475 1511/2168/1476
f 1491/2192/1477 1498/2193/1478 1494/2194/1479
f 1536/2159/1434 1531/2195/1480 1532/2196/1481
f 1492/2197/1482 1495/2198/1483 1491/2192/1484
f 1548/2199/1485 1543/2183/1486 1544/2200/1487
f 1556/2201/1488 1559/2202/1489 1555/2203/1490
f 1496/2204/1491 1499/2205/1492 1495/2198/1483
f 1559/2202/1493 1558/2206/1494 1555/2203/1495
f 1526/2207/1496 1519/2208/1497 1523/2164/1439
f 1493/2209/1498 1488/2210/1499 1489/2189/1500
f 1533/2174/1448 1530/2211/1501 1534/2212/1446
f 1511/2168/1443 1518/2213/1502 1514/2214/1503
f 1509/2215/1504 1512/2178/1458 1508/2184/1504
f 1502/2216/1505 1495/2198/1506 1499/2205/1507
f 1566/2217/1508 1561/2218/1509 1562/2219/1509
f 1494/2194/1479 1487/2220/1510 1491/2192/1477
f 1563/2221/1511 1562/2222/1493 1559/2202/1493
f 1529/2155/1512 1526/2223/1513 1530/2211/1501
f 1564/2224/1514 1561/2218/1515 1565/2225/1516
f 1535/2158/1517 1542/2226/1518 1538/2227/1519
f 1552/2228/1520 1547/2229/1521 1548/2199/1485
f 1558/2230/1522 1553/2187/1470 1554/2231/1523
f 1507/2170/1445 1506/2232/1524 1503/2185/1525
f 1553/2187/1526 1548/2199/1527 1549/2166/1528
f 1484/2145/1417 1487/2220/1529 1483/2143/1530
f 1532/2196/1450 1537/2172/1456 1536/2159/1455
f 1534/2233/1531 1527/2165/1440 1531/2234/1532
f 1520/2235/1533 1525/2152/1534 1524/2154/1429
f 1488/2210/1535 1491/2192/1484 1487/2220/1529
f 1549/2166/1528 1544/2200/1536 1545/2160/1462
f 1509/2215/1537 1506/2236/1538 1510/2237/1539
f 1499/2205/1507 1506/2232/1524 1502/2216/1505
f 1557/2238/1540 1560/2239/1541 1556/2201/1542
f 1502/2240/1543 1497/2241/1544 1498/2242/1545
f 1501/2150/1425 1496/2204/1546 1497/2241/1547
f 1514/2243/1548 1509/2215/1537 1510/2237/1539
f 1502/2240/1543 1505/2148/1549 1501/2150/1550
f 1553/2187/1526 1556/2201/1542 1552/2228/1551
f 1497/2241/1547 1492/2197/1552 1493/2209/1498
f 1508/2184/1467 1511/2168/1476 1507/2170/1467
f 1554/2244/1553 1547/2229/1554 1551/2245/1555
f 1485/2147/1556 1488/2210/1499 1484/2145/1420
f 1504/2186/1469 1499/2205/1492 1500/2149/1557
f 1532/2175/1481 1527/2165/1453 1528/2156/1452
f 1520/2235/1558 1515/2191/1475 1516/2246/1559
f 1550/2247/1560 1543/2183/1466 1547/2229/1554
f 1555/2203/1495 1554/2244/1553 1551/2245/1555
f 1524/2154/1561 1519/2208/1562 1520/2235/1558
f 1562/2219/1509 1557/2238/1563 1558/2230/1522
f 1505/2148/1423 1508/2184/1504 1504/2186/1564
f 1518/2248/1565 1513/2179/1566 1514/2243/1548
f 1518/2248/1565 1521/2153/1428 1517/2177/1567
f 1487/2220/1510 1486/2249/1568 1483/2143/1415
f 1490/2190/1473 1485/2147/1421 1486/2250/1569
f 1515/2191/1570 1522/2251/1571 1518/2213/1502
f 1498/2242/1545 1493/2209/1572 1494/2188/1471
f 1563/2221/1573 1560/2239/1574 1564/2224/1575
f 1538/2227/1519 1531/2195/1532 1535/2158/1517
f 1555/2203/1490 1552/2228/1520 1556/2201/1488
f 1521/2153/1576 1516/2246/1577 1517/2177/1457
f 1565/2225/1516 1568/2252/1578 1564/2224/1514
f 1570/2253/1579 1565/2225/1580 1566/2217/1508
f 1567/2254/1581 1566/2255/1582 1563/2221/1511
f 1569/2256/1583 1572/2257/1584 1568/2252/1578
f 1564/2224/1575 1567/2254/1585 1563/2221/1573
f 1571/2258/1586 1568/2252/1587 1572/2257/1588
f 1571/2258/1589 1570/2259/1590 1567/2254/1581
f 1571/2258/1589 1578/2260/1591 1574/2261/1592
f 1576/2262/1593 1571/2258/1586 1572/2257/1588
f 1577/2263/1594 1572/2257/1584 1573/2264/1595
f 1574/2265/1596 1577/2263/1597 1573/2264/1598
f 1574/2265/1596 1569/2256/1599 1570/2253/1579
f 1794/2266/1600 1575/2267/1601 1789/2268/1602
f 1802/2269/1603 1581/2270/1604 1801/2271/1605
f 1790/2272/1606 1575/2267/1607 1576/2262/1593
f 1793/2273/1608 1576/2262/1609 1577/2263/1594
f 1803/2274/1610 1788/2275/1611 1796/2276/1612
f 1799/2277/1613 1788/2275/1614 1791/2278/1615
f 1800/2279/1616 1791/2278/1617 1792/2280/1618
f 1800/2279/1619 1795/2281/1620 1803/2282/1621
f 1580/2283/1622 1797/2284/1623 1798/2285/1624
f 1797/2284/1625 1582/2286/1626 1802/2287/1627
f 1581/2270/1628 1798/2285/1629 1801/2271/1630
f 1579/2288/1631 1586/2289/1632 1582/2286/1626
f 1584/2290/1633 1579/2288/1634 1580/2283/1622
f 1585/2291/1635 1580/2283/1636 1581/2270/1628
f 1582/2292/1637 1585/2291/1638 1581/2270/1604
f 1583/2293/1639 1590/2294/1640 1586/2289/1632
f 1588/2295/1641 1583/2293/1642 1584/2290/1633
f 1589/2296/1643 1584/2290/1644 1585/2291/1635
f 1586/2297/1645 1589/2296/1646 1585/2291/1638
f 1787/2298/1647 1587/2299/1648 1780/2300/1649
f 1592/2301/1650 1781/2302/1651 1783/2303/1652
f 1786/2304/1653 1593/2305/1654 1784/2306/1655
f 1782/2307/1656 1587/2299/1657 1588/2295/1641
f 1593/2305/1658 1783/2303/1659 1784/2306/1660
f 1785/2308/1661 1588/2295/1662 1589/2296/1643
f 1590/2309/1663 1785/2308/1664 1589/2296/1646
f 1611/1613/1665 1693/2310/1666 1674/2311/1667
f 1617/1643/1668 1696/2312/1669 1680/2313/1670
f 1120/1731/830 1173/1749/841 1160/1794/878
f 1647/1687/1671 1683/2314/1672 1620/1648/889
f 1667/2315/1673 1639/1574/1674 1604/1588/1675
f 1632/1661/1676 1686/2316/1677 1623/1532/1678
f 1607/1686/1679 1669/2317/1680 1606/1601/1681
f 1606/1601/1681 1675/2318/1682 1612/1777/1683
f 1635/1651/891 1684/2319/1684 1621/1617/1685
f 1598/2320/1686 1687/1822/952 1624/1487/1687
f 1699/2321/1688 1619/1665/1689 1636/1667/1690
f 1597/1595/1691 1686/2316/1677 1660/2322/1692
f 1694/2323/1693 1673/2324/1694 1672/2325/1695
f 1637/2326/1696 1660/2322/1692 1650/2327/1697
f 1661/2328/1698 1650/2327/1697 1660/2322/1692
f 1693/2310/1699 1675/2318/1700 1674/2311/1701
f 1648/1619/1702 1682/2329/1703 1707/2330/1704
f 1685/2331/1705 1636/1671/1690 1622/1590/1706
f 1707/2330/1707 1683/2314/1708 1706/2332/1709
f 1633/1642/1710 1691/2333/1711 1696/2334/1669
f 1614/1511/1712 1710/1563/1713 1656/1806/1713
f 1613/1544/1714 1711/2335/1715 1676/2336/1716
f 1600/1773/947 1691/2333/1711 1628/1547/1717
f 1634/1611/1718 1690/2337/1719 1627/1609/1720
f 1599/1567/707 1690/2337/1719 1662/1592/705
f 1689/2338/1721 1692/2339/1722 1693/2340/1699
f 1642/2341/1723 1664/2342/1724 1601/1508/1725
f 1605/1680/1726 1674/2311/1667 1668/2343/1727
f 1638/1541/1728 1661/2328/1729 1598/2320/1686
f 1679/2344/1730 1680/2313/1731 1681/2345/1732
f 1602/1618/1733 1684/2319/1684 1665/1524/643
f 1601/1508/1725 1685/2331/1705 1622/1590/1706
f 1630/2346/1734 1689/2338/1735 1693/2340/1666
f 1676/2336/1736 1678/2347/1737 1679/2344/1730
f 1707/2330/1707 1710/1563/679 1711/2335/1738
f 1704/2348/1739 1709/1796/924 1705/1815/925
f 1672/2325/1695 1704/2348/1739 1705/1815/925
f 1645/1562/1740 1673/2324/1741 1610/1560/1742
f 1702/2349/1743 1659/2350/1744 1658/2351/1745
f 1658/2351/1745 1700/2352/1746 1701/2353/1747
f 1613/1544/1714 1679/2344/1748 1616/1604/1749
f 1616/1604/1749 1681/2345/1750 1618/1653/1751
f 1629/1584/1752 1688/2354/1753 1625/1585/1754
f 1691/2333/1755 1697/2355/1756 1696/2334/1757
f 1610/1560/1742 1695/2356/1758 1632/2357/1676
f 1684/2319/1759 1699/2358/1760 1685/2331/1705
f 1618/1653/1751 1697/2359/1761 1634/2360/1718
f 1698/1799/1762 1682/2329/1763 1699/2321/1760
f 1696/2312/1757 1681/2345/1732 1680/2313/1731
f 1708/2361/1764 1670/2362/1765 1709/1796/924
f 1674/2311/1701 1669/2317/1766 1668/2343/1766
f 1666/2363/1767 1688/2354/1768 1689/2338/1721
f 1640/1763/1769 1666/2363/1770 1603/1600/1771
f 1671/2364/1772 1669/2317/1766 1670/2362/1765
f 1662/1592/1773 1703/2365/1774 1702/2349/1743
f 1653/2366/1775 1665/1524/1776 1664/2342/1724
f 1665/1524/1776 1685/2331/1705 1664/2342/1724
f 1701/2353/1747 1667/2315/1777 1666/2363/1767
f 1690/2337/1778 1663/1821/1779 1662/1592/1773
f 1711/2335/1738 1677/2367/1780 1676/2336/1736
f 1686/2316/1677 1661/2328/1698 1660/2322/1692
f 1687/1822/1781 1695/2368/1782 1694/1823/1693
f 1609/1632/1783 1694/2323/953 1672/2325/1784
f 1657/1538/1785 1707/2330/1704 1711/2335/1715
f 1612/1777/1683 1692/2369/1786 1629/2370/1752
f 1630/2346/730 1103/1523/641 1626/1522/640
f 1654/1606/1787 1704/2348/1788 1645/1562/1740
f 1646/1577/1789 1672/2325/1784 1705/1815/1789
f 1135/1676/849 1182/1758/849 1185/1775/849
f 1608/1608/1790 1708/2361/1791 1654/1606/1787
f 1607/1686/1679 1709/1796/1792 1670/2362/1793
f 1615/1594/1794 1680/2313/1670 1678/2347/1795
f 1099/1707/814 1068/1514/605 1100/1755/846
f 1595/1781/1796 1702/2349/1797 1658/2351/1798
f 1603/1600/1771 1689/2338/1735 1626/1522/1799
f 1596/1572/1800 1703/2365/1801 1644/1672/945
f 1604/1588/1675 1688/2354/1753 1667/2315/1673
f 1652/1525/913 1653/2366/1775 1649/1798/885
f 1640/1763/1769 1658/2351/1798 1701/2353/1769
f 1614/1511/1712 1678/2347/1795 1677/2367/1802
f 1639/1574/1674 1659/2350/1803 1596/1572/1800
f 1608/1608/1790 1668/2343/1727 1671/2364/1804
f 1167/1792/877 1028/1684/794 1074/1629/744
f 1651/2371/1805 1649/1798/885 1650/2327/1697
f 1650/2327/1697 1649/1798/885 1653/2366/1775
f 1637/2326/1806 1642/2341/1807 992/1784/869
f 1650/2327/1697 1642/2341/1723 1637/2326/1696
f 984/2372/1808 1717/2373/1809 985/2374/1810
f 985/2374/1810 1718/2375/1811 986/2376/1812
f 984/2372/1808 1719/2377/1813 1716/2378/1814
f 987/2379/1815 1718/2375/1811 1719/2377/1813
f 1716/2378/1816 1721/2380/1816 1717/2373/1816
f 1716/2378/1817 1723/2381/1817 1720/2382/1817
f 1719/2377/1818 1722/2383/1818 1723/2384/1818
f 1717/2373/1819 1722/2385/1819 1718/2375/1819
f 1238/2386/1820 1733/2387/1821 1727/2388/1822
f 1237/2389/1823 1734/2390/1824 1726/2391/1825
f 1235/2392/1826 1735/2393/1827 1724/2394/1828
f 1236/2395/1829 1732/2396/1830 1725/2397/1831
f 1749/2398/1832 1760/2399/1833 1753/2400/1834
f 1735/2401/1835 1728/2402/1836 1724/2403/1837
f 1733/2404/1838 1731/2405/1839 1727/2406/1840
f 1726/2407/1841 1738/2408/1842 1730/2409/1843
f 1732/2410/1844 1730/2409/1843 1736/2411/1833
f 1734/2412/1845 1731/2405/1839 1738/2408/1842
f 1724/2413/1837 1737/2414/1846 1733/2404/1838
f 1725/2415/1832 1739/2416/1847 1735/2401/1835
f 1732/2396/1830 1236/2395/1829 1237/2389/1823
f 1237/2389/1823 1726/2391/1825 1732/2396/1830
f 1735/2393/1827 1235/2392/1826 1236/2395/1829
f 1236/2395/1829 1725/2397/1831 1735/2393/1827
f 1733/2387/1821 1235/2392/1826 1724/2394/1828
f 1235/2392/1826 1733/2387/1821 1238/2386/1820
f 1734/2390/1824 1237/2389/1823 1238/2386/1820
f 1238/2386/1820 1727/2388/1822 1734/2390/1824
f 1747/2417/1848 1741/2418/1849 1740/2419/1850
f 1747/2420/1851 1743/2421/1852 1744/2422/1853
f 1744/2422/1854 1742/2423/1855 1745/2424/1856
f 1746/2425/1857 1742/2423/1858 1741/2418/1859
f 1743/2426/1820 1757/2427/1821 1751/2428/1860
f 1742/2429/1823 1758/2430/1824 1750/2431/1825
f 1740/2432/1826 1759/2433/1827 1748/2434/1825
f 1741/2435/1861 1756/2436/1830 1749/2437/1860
f 1759/2438/1835 1752/2439/1836 1748/2440/1837
f 1757/2441/1838 1755/2442/1839 1751/2443/1840
f 1750/2444/1841 1762/2445/1842 1754/2446/1843
f 1756/2447/1844 1754/2446/1843 1760/2399/1833
f 1758/2448/1845 1755/2442/1839 1762/2445/1842
f 1748/2449/1837 1761/2450/1846 1757/2441/1838
f 1749/2398/1832 1763/2451/1847 1759/2438/1835
f 1756/2436/1830 1741/2435/1861 1742/2429/1823
f 1742/2429/1823 1750/2431/1825 1756/2436/1830
f 1759/2433/1827 1740/2432/1826 1741/2435/1861
f 1741/2435/1861 1749/2437/1860 1759/2433/1827
f 1757/2427/1821 1740/2432/1826 1748/2434/1825
f 1740/2432/1826 1757/2427/1821 1743/2426/1820
f 1758/2430/1824 1742/2429/1823 1743/2426/1820
f 1743/2426/1820 1751/2428/1860 1758/2430/1824
f 1431/2086/1329 1745/2424/1856 1432/2083/1330
f 1433/1440/1321 1745/2424/1862 1746/2425/1857
f 1433/1440/543 1747/2417/1848 1434/1438/541
f 1434/2085/1325 1744/2422/1853 1431/2086/1326
f 1768/2452/1863 1773/2453/1864 1765/2454/1865
f 1767/2455/1866 1779/2456/1867 1777/2457/1868
f 1770/2458/1869 1764/2459/1870 1769/2460/1871
f 1771/2461/1872 1765/2454/1865 1766/2462/1873
f 1713/1298/1874 1771/2463/1872 1714/1300/330
f 1712/1295/324 1770/2464/1869 1769/2465/1871
f 1714/1300/1875 1770/2464/1876 1715/1302/333
f 1712/2466/1877 1768/2467/1878 1713/1298/327
f 1774/2468/1879 1773/2453/1880 1775/2469/1881
f 1768/2452/1882 1774/2468/1883 1775/2469/1884
f 1765/2454/1885 1772/2470/1886 1764/2459/1887
f 1769/2460/1888 1772/2470/1889 1774/2468/1890
f 1779/2456/1891 1776/2471/1892 1777/2457/1893
f 1766/2462/1894 1778/2472/1895 1771/2461/1896
f 1767/2455/1897 1776/2471/1898 1766/2462/1899
f 1771/2461/1900 1779/2456/1901 1770/2458/1902
f 1067/1555/673 1132/1580/1 1133/1556/670
f 1062/1551/669 1099/1707/814 1114/1751/842
f 1786/2473/1903 1780/2300/1649 1781/2302/1904
f 1780/2300/1905 1783/2303/1652 1781/2302/1651
f 1787/2474/1906 1784/2306/1655 1785/2308/1664
f 1782/2307/1907 1784/2306/1660 1783/2303/1659
f 1781/2302/1904 1594/2475/1908 1786/2473/1903
f 1793/2273/1909 1578/2476/1910 1794/2477/1911
f 1789/2268/1912 1791/2278/1615 1788/2275/1614
f 1794/2477/1911 1792/2280/1913 1793/2273/1909
f 1795/2478/1914 1789/2268/1602 1788/2275/1611
f 1790/2272/1915 1792/2280/1618 1791/2278/1617
f 1799/2277/1916 1801/2271/1630 1798/2285/1629
f 1802/2287/1627 1796/2276/1612 1797/2284/1625
f 1796/2276/1917 1798/2285/1624 1797/2284/1623
f 1803/2282/1621 1801/2271/1605 1800/2279/1619
f 1410/2058/1292 1405/2036/1918 1406/2479/1919
f 1725/2415/1832 1736/2411/1833 1729/2480/1834
f 864/1315/351 863/1290/1920 860/1320/359
f 1808/2481/1921 1806/2482/1922 1807/2003/1224
f 1808/2481/1923 1811/2483/1212 1809/2484/1211
f 1805/2485/1228 1810/2486/1924 1804/1999/1925
f 1807/2003/1926 1805/2485/1927 1804/1999/1220
f 1804/1999/1925 1366/1988/1203 1363/2000/1928
f 1326/1959/1148 1321/1960/1151 1322/1961/1152
f 1405/2036/1918 1402/2044/1272 1406/2479/1919
f 1544/2200/1487 1539/2182/1929 1540/2157/1432
f 1908/2487/1930 1915/2488/1931 2029/2489/1932
f 1813/2490/1933 1819/2491/1933 1822/2492/1933
f 1820/2493/1934 1821/2494/1935 1823/2495/1936
f 1911/2496/1937 2125/2497/1937 1910/2498/1937
f 2075/2499/1938 2066/2500/1939 2061/2501/1940
f 1822/2502/1941 1820/2493/1934 1823/2495/1936
f 1814/2503/1942 1818/2504/1943 1816/2505/1944
f 1818/2504/1943 1815/2506/1945 1816/2505/1944
f 1860/2507/1946 1835/2508/1946 1836/2509/1946
f 1842/2510/1946 1860/2507/1946 1836/2509/1946
f 1828/2511/1947 1848/2512/1947 1832/2513/1947
f 1830/2514/1947 1857/2515/1947 1829/2516/1947
f 1851/2517/1947 1830/2514/1947 1831/2518/1947
f 1863/2519/1946 1834/2520/1946 1835/2508/1946
f 1829/2516/1947 1857/2515/1947 1845/2521/1947
f 1869/2522/1946 1834/2520/1946 1866/2523/1946
f 1849/2524/1948 1853/2525/1949 1850/2526/1950
f 1875/2527/1951 1847/2528/1952 1859/2529/1953
f 1872/2530/1954 1871/2531/1955 1873/2532/1956
f 1859/2529/1953 1846/2533/1957 1858/2534/1958
f 1846/2533/1957 1857/2535/1959 1858/2534/1958
f 1839/2536/1960 1870/2537/1961 1871/2531/1955
f 1838/2538/1962 1869/2539/1963 1870/2537/1961
f 1872/2530/1954 1849/2524/1948 1840/2540/1964
f 1840/2540/1964 1850/2526/1950 1841/2541/1965
f 1841/2541/1965 1848/2542/1966 1828/2543/1967
f 1984/2544/1 1989/2545/1 1988/2546/1
f 1850/2526/1950 1851/2547/1968 1848/2542/1966
f 1852/2548/1969 1856/2549/1970 1853/2525/1949
f 1873/2532/1956 1852/2548/1969 1849/2524/1948
f 1853/2525/1949 1854/2550/1971 1851/2547/1968
f 1855/2551/1972 1858/2534/1958 1856/2549/1970
f 1876/2552/1973 1855/2551/1972 1852/2548/1969
f 1856/2549/1970 1857/2535/1959 1854/2550/1971
f 1877/2553/1974 1861/2554/1975 1875/2527/1951
f 1875/2527/1951 1843/2555/1976 1874/2556/1977
f 1864/2557/1978 1862/2558/1979 1861/2554/1975
f 1861/2554/1975 1844/2559/1980 1843/2555/1976
f 1844/2559/1980 1860/2560/1981 1842/2561/1982
f 1865/2562/1983 1860/2560/1981 1862/2558/1979
f 1876/2552/1973 1864/2557/1978 1877/2553/1974
f 1867/2563/1984 1865/2562/1983 1864/2557/1978
f 1868/2564/1985 1863/2565/1986 1865/2562/1983
f 1873/2532/1956 1867/2563/1984 1876/2552/1973
f 1871/2531/1955 1868/2564/1985 1867/2563/1984
f 1870/2537/1961 1866/2566/1987 1868/2564/1985
f 1877/2553/1974 1859/2529/1953 1855/2551/1972
f 1833/2567/1946 1869/2522/1946 1837/2568/1946
f 1890/2569/1988 1889/2570/1989 1902/2571/1990
f 1885/2572/1991 1902/2571/1990 1898/2573/1992
f 1898/2573/1992 1895/2574/1993 1886/2575/1994
f 1902/2571/1990 1884/2576/1995 1895/2574/1993
f 1897/2577/1996 1895/2574/1993 1901/2578/1997
f 1882/2579/1998 1901/2578/1997 1887/2580/1999
f 1887/2580/1999 1893/2581/2000 1879/2582/2001
f 1883/2583/2002 1900/2584/2003 1892/2585/2004
f 1892/2585/2004 1891/2586/2005 1878/2587/2006
f 1900/2584/2003 1882/2579/1998 1891/2586/2005
f 1888/2588/2007 1894/2589/2008 1899/2590/2009
f 1883/2583/2002 1899/2590/2009 1896/2591/2010
f 1896/2591/2010 1898/2573/1992 1886/2575/1994
f 1899/2590/2009 1885/2572/1991 1898/2573/1992
f 1896/2591/2010 1897/2577/1996 1900/2584/2003
f 2006/2592/2011 1903/2593/2012 1923/2594/2013
f 2109/2595/2014 2115/2596/2015 2102/2597/2016
f 2082/2598/2017 1930/2599/2018 1932/2600/2019
f 2032/2601/2020 1914/2602/2020 1916/2603/2020
f 2072/2604/2021 1933/2605/2022 1931/2606/2022
f 1917/2607/2023 2130/2608/2024 2129/2609/2025
f 2031/2610/2026 2007/2611/2027 2008/2612/2028
f 2088/2613/2029 2000/2614/2030 2090/2615/2031
f 1927/2616/2032 2067/2617/2033 1929/2618/2034
f 2018/2619/2035 2026/2620/2036 2027/2621/2037
f 1911/2622/1937 2123/2623/1937 2124/2624/1937
f 2079/2625/2038 1932/2600/2019 1933/2605/2039
f 2001/2626/2040 1906/2627/2040 1913/2628/2040
f 1993/2629/1994 1922/2630/1994 1918/2631/1994
f 1926/2632/1994 1993/2633/1994 1918/2634/1994
f 1913/2628/2040 2096/2635/2040 2001/2626/2040
f 2011/2636/1937 2046/2637/1937 1908/2638/2041
f 1930/2639/2018 2004/2640/2042 1923/2641/2043
f 2010/2642/2044 2108/2643/2045 2012/2644/2046
f 1909/2645/2047 1917/2646/2023 2129/2647/2025
f 1903/2648/2048 2029/2649/2049 2028/2650/2050
f 1922/2630/2051 1920/2651/2052 1918/2631/2052
f 2030/2652/2053 1916/2603/2054 1917/2653/2055
f 2029/2654/2056 1914/2602/2057 2028/2655/2058
f 2040/2656/2059 2044/2657/2060 2042/2658/2059
f 2020/2659/2040 2186/2660/2040 2017/2661/2040
f 1904/2662/2061 2030/2663/2062 1909/2664/2063
f 1931/2606/1994 1995/2665/1994 2002/2666/1994
f 1927/2667/2032 2008/2668/2064 2014/2669/2065
f 2081/2670/2066 2069/2671/2067 2066/2500/1939
f 2069/2671/2068 2073/2672/2069 2063/2673/2070
f 2085/2674/2071 2100/2675/2072 2091/2676/2073
f 2097/2677/2074 2055/2678/2074 2087/2679/2074
f 2013/2680/1937 2121/2681/1937 2114/2682/1937
f 2003/2683/2075 2096/2684/2076 2099/2685/2077
f 1927/2616/2032 1921/2686/2078 1919/2687/2079
f 1929/2618/2034 1920/2688/2080 1921/2686/2078
f 1928/2689/2081 1918/2634/2082 1920/2688/2083
f 1922/2690/2084 1933/2605/2022 1924/2691/2084
f 1924/2691/2085 1932/2600/2019 1925/2692/2086
f 1925/2692/2086 1930/2599/2018 1923/2693/2043
f 1924/2694/2087 1921/2695/2088 1920/2651/2089
f 1925/2696/2090 1919/2697/2091 1921/2695/2088
f 1994/2698/2092 1995/2699/2093 1993/2629/2093
f 2007/2700/1937 1909/2664/2063 2013/2680/1937
f 2041/2701/2060 2043/2702/2094 2044/2657/2060
f 2022/2703/2074 2184/2704/2074 2185/2705/2074
f 2017/2706/2095 2183/2707/2095 2133/2708/2095
f 1937/2709/2095 2139/2710/2095 1935/2711/2095
f 1917/2712/1937 2019/2713/1937 1915/2714/1937
f 1916/2715/1937 2023/2716/1937 1917/2717/1937
f 1928/2689/2081 2064/2718/2096 1926/2632/2097
f 1929/2618/2034 2070/2719/2098 1928/2689/2099
f 1931/2606/1994 2094/2720/1994 2072/2604/1994
f 2088/2721/2100 1912/2722/2100 1999/2723/2100
f 1927/2667/2032 2112/2724/2101 2060/2725/2102
f 2044/2726/2103 2036/2727/2104 2038/2728/2105
f 2037/2729/2106 2044/2726/2103 2038/2728/2105
f 2042/2658/2107 2032/2730/2107 2040/2656/2107
f 1904/2731/2107 2040/2656/2107 2032/2730/2107
f 1923/2732/2108 2031/2733/2109 1919/2734/2110
f 2042/2735/2111 1907/2736/2112 1903/2737/2111
f 2049/2738/1937 1911/2739/1937 1910/2740/1937
f 2028/2741/2107 2042/2658/2107 1903/2742/2107
f 2022/2743/2100 2133/2744/2100 2134/2745/2100
f 2218/2746/1937 2184/2747/1937 2222/2748/1937
f 2102/2597/1937 2120/2749/1937 2045/2750/1937
f 2043/2702/2094 2033/2751/2113 2036/2727/2104
f 1938/2752/2114 1949/2753/2115 1942/2754/2116
f 1959/2755/2117 1943/2756/2118 1958/2757/2119
f 1955/2758/2120 1959/2755/2121 1952/2759/2122
f 1960/2760/2123 1947/2761/2124 1940/2762/2125
f 1940/2762/2125 1944/2763/2126 1959/2755/2117
f 1958/2757/2119 1945/2764/2127 1939/2765/2128
f 1941/2766/2129 1945/2767/2127 1949/2753/2115
f 1954/2768/2130 1961/2769/2131 1960/2760/2132
f 1938/2752/2133 1956/2770/2134 1950/2771/2135
f 1954/2768/2130 1940/2762/2136 1955/2758/2120
f 1953/2772/2137 1958/2757/2138 1939/2765/2139
f 1953/2773/2137 1941/2766/2140 1957/2774/2141
f 1957/2774/2141 1938/2752/2133 1950/2771/2135
f 1960/2760/2123 1948/2775/2142 1946/2776/2143
f 1942/2754/2116 1961/2769/2144 1938/2752/2114
f 1838/2777/2145 1963/2778/2145 1962/2779/2145
f 1840/2780/2145 1970/2781/2145 1872/2782/2145
f 1970/2781/2145 1839/2783/2145 1872/2782/2145
f 1843/2784/2146 1971/2785/2146 1874/2786/2146
f 1844/2787/2146 1966/2788/2146 1843/2784/2146
f 1847/2789/2146 1971/2785/2146 1969/2790/2146
f 1846/2791/2146 1969/2790/2146 1968/2792/2146
f 1841/2793/2145 1964/2794/2145 1840/2780/2145
f 1966/2788/1 1975/2795/1 1971/2785/1
f 1964/2794/1 1983/2796/1 1979/2797/1
f 1987/2798/1 1967/2799/1 1991/2800/1
f 1963/2778/1 1988/2546/1 1962/2779/1
f 1985/2801/1 1990/2802/1 1989/2545/1
f 1986/2803/1 1991/2800/1 1990/2802/1
f 1977/2804/1 1980/2805/1 1976/2806/1
f 1973/2807/1 1986/2803/1 1985/2801/1
f 1974/2808/1 1987/2798/1 1986/2803/1
f 1830/2514/1 1982/2809/1 1831/2518/1
f 1979/2797/1 1970/2781/1 1964/2794/1
f 1976/2806/1 1968/2792/1 1969/2790/1
f 1978/2810/1 1981/2811/1 1977/2804/1
f 1979/2797/1 1982/2809/1 1978/2810/1
f 1972/2812/1 1978/2810/1 1973/2807/1
f 1972/2812/1 1985/2801/1 1984/2544/1
f 1974/2808/1 1976/2806/1 1975/2795/1
f 1973/2807/1 1977/2804/1 1974/2808/1
f 1970/2781/1 1984/2544/1 1963/2778/1
f 1969/2790/1 1975/2795/1 1976/2806/1
f 1831/2518/1 1983/2796/1 1832/2513/1
f 1829/2516/1 1981/2811/1 1830/2514/1
f 1832/2513/1 1965/2813/1 1828/2511/1
f 1989/2545/1 1835/2508/1 1834/2520/1
f 1845/2521/1 1980/2805/1 1829/2516/1
f 1836/2509/1 1990/2802/1 1991/2800/1
f 1988/2546/1 1834/2520/1 1833/2567/1
f 1842/2510/1 1991/2800/1 1967/2799/1
f 1833/2567/1 1962/2779/1 1988/2546/1
f 1844/2787/2146 1842/2510/2146 1967/2799/2146
f 1846/2791/2146 1968/2792/2146 1845/2521/2146
f 1841/2793/2145 1828/2511/2145 1965/2813/2145
f 1838/2777/2145 1962/2779/2145 1837/2568/2145
f 2091/2676/2073 2097/2814/2147 2087/2815/2148
f 2002/2666/2149 1997/2816/2077 2003/2683/2075
f 2003/2683/2075 1996/2817/2076 2001/2818/2076
f 2002/2666/2149 2099/2685/2077 2094/2720/2150
f 1926/2632/1994 2084/2819/1994 1998/2820/1994
f 2106/2821/2151 2118/2822/2152 2109/2595/2014
f 1992/2823/2153 2000/2614/2030 1999/2824/2153
f 1994/2825/2031 1998/2820/2154 2000/2614/2030
f 1996/2826/2155 1994/2698/2092 1992/2827/2155
f 1996/2828/2095 1905/2829/2095 1906/2830/2095
f 2073/2672/1994 2085/2674/1994 2063/2673/1994
f 1998/2820/2154 2090/2615/2031 2000/2614/2030
f 1992/2831/2100 1912/2722/2100 1905/2832/2100
f 2011/2636/2156 2006/2833/2157 2012/2644/2046
f 2012/2644/2046 2004/2834/2042 2010/2642/2044
f 2014/2835/2065 2117/2836/2158 2112/2837/2101
f 2106/2838/2151 2061/2839/1940 2111/2840/2159
f 2012/2644/2046 2103/2841/2160 2011/2636/2156
f 2114/2682/2161 2015/2842/2162 2013/2680/2163
f 2008/2843/2064 2015/2842/2162 2014/2835/2065
f 2009/2844/2164 2013/2680/2163 2015/2842/2162
f 2076/2845/2165 2010/2846/2044 1930/2639/2018
f 2005/2847/1937 1908/2638/2166 1903/2648/2048
f 2016/2848/2167 2027/2621/2037 2025/2849/2168
f 2024/2850/2169 2020/2851/2170 2021/2852/2169
f 2025/2853/2171 2024/2854/2172 2023/2716/2171
f 2027/2855/2172 2022/2743/2173 2024/2854/2172
f 2019/2713/2174 2024/2850/2169 2021/2852/2169
f 2016/2848/1937 1916/2856/1937 1914/2857/1937
f 2020/2659/2175 2018/2858/2176 2021/2859/2176
f 2021/2859/2176 2016/2860/2177 2019/2861/2177
f 1915/2862/1937 2016/2860/1937 1914/2863/1937
f 2038/2728/2178 2033/2751/2113 2035/2864/2178
f 2037/2865/2179 2035/2864/2178 2034/2866/2179
f 2031/2867/1994 2037/2865/1994 2034/2866/1994
f 2033/2751/2113 2041/2868/2180 2035/2864/2181
f 2041/2868/2180 2034/2869/2182 2035/2864/2181
f 2040/2870/2183 2031/2871/2184 2034/2869/2185
f 2061/2501/1940 2068/2872/2186 2062/2873/2187
f 2068/2872/2186 2060/2874/2102 2062/2873/2187
f 2066/2500/1939 2071/2875/2188 2068/2872/2186
f 2071/2875/2188 2067/2876/2033 2068/2872/2186
f 2069/2671/2068 2065/2877/2189 2071/2875/2190
f 2065/2877/2189 2070/2878/2191 2071/2875/2190
f 2078/2879/2192 2074/2880/2193 2073/2672/2069
f 2074/2880/2193 2079/2881/2194 2072/2882/2021
f 2081/2670/2066 2080/2883/2195 2078/2879/2196
f 2080/2883/2195 2082/2884/2017 2079/2881/2038
f 2075/2499/1938 2083/2885/2197 2081/2670/2066
f 2083/2885/2197 2076/2886/2165 2082/2884/2017
f 2091/2676/2198 2089/2887/2199 2092/2888/2200
f 2089/2887/2199 2090/2889/2201 2092/2888/2200
f 2085/2674/2202 2092/2888/2200 2086/2890/2203
f 2092/2888/2200 2084/2891/2204 2086/2890/2203
f 2094/2892/2205 2101/2893/2206 2095/2894/2207
f 2101/2893/2206 2093/2895/2208 2095/2894/2207
f 2099/2896/2209 2098/2897/2210 2101/2893/2206
f 2098/2897/2210 2100/2675/2211 2101/2893/2206
f 2064/2898/1994 2086/2890/1994 2084/2891/1994
f 2086/2890/1994 2063/2673/1994 2085/2674/1994
f 2087/2679/2212 2056/2899/2213 2089/2900/2213
f 2056/2901/2213 2088/2721/2214 2089/2902/2213
f 2072/2882/1994 2095/2894/1994 2074/2880/1994
f 2095/2894/1994 2073/2672/1994 2074/2880/1994
f 2058/2903/2215 2098/2904/2216 2096/2635/2217
f 2098/2905/2216 2057/2906/2218 2097/2677/2218
f 2108/2907/2045 2104/2908/2219 2103/2909/2160
f 2104/2908/2219 2109/2595/2014 2102/2597/2016
f 2105/2910/2220 2110/2911/2221 2108/2907/2045
f 2110/2911/2221 2106/2821/2151 2109/2595/2014
f 2112/2912/2101 2119/2913/2222 2113/2914/2223
f 2119/2913/2222 2111/2915/2159 2113/2914/2223
f 2117/2916/2158 2116/2917/2224 2119/2913/2222
f 2116/2917/2224 2118/2822/2152 2119/2913/2222
f 2103/2909/1937 2047/2918/1937 2046/2919/1937
f 2047/2918/1937 2102/2597/1937 2045/2750/1937
f 2105/2920/2220 2077/2921/2225 2107/2922/2226
f 2107/2922/2226 2075/2923/1938 2106/2838/2151
f 2060/2725/2102 2113/2924/2223 2062/2925/2187
f 2062/2925/2187 2111/2840/2159 2061/2839/1940
f 2114/2926/1937 2122/2927/1937 2116/2917/1937
f 2122/2927/1937 2115/2596/1937 2116/2917/1937
f 2128/2928/1937 2052/2929/1937 2127/2930/1937
f 2132/2931/1937 2048/2932/1937 2050/2933/2227
f 1910/2934/1937 2126/2935/1937 2049/2936/1937
f 2051/2937/1937 2126/2938/1937 2123/2939/1937
f 2123/2940/1937 2127/2930/1937 2129/2941/1937
f 2124/2942/1937 2130/2943/1937 2125/2944/1937
f 2125/2945/1937 2131/2946/1937 2132/2931/1937
f 2123/2947/1937 2132/2948/1937 2128/2949/1937
f 1827/2950/2228 1821/2494/1935 1824/2951/2229
f 1934/2952/1937 2133/2953/1937 1935/2954/1937
f 1934/2952/1937 2184/2747/1937 2134/2955/1937
f 1935/2954/1937 2183/2956/1937 1937/2957/1937
f 1936/2958/1937 2183/2956/1937 2184/2747/1937
f 2135/2959/2074 2147/2960/2074 2145/2961/2074
f 1935/2962/2100 2140/2963/2100 1934/2964/2100
f 1936/2965/2040 2142/2966/2040 1937/2709/2040
f 1934/2964/2074 2141/2967/2074 1936/2965/2074
f 2135/2968/1937 2140/2969/1937 2139/2970/1937
f 2136/2971/1937 2141/2972/2230 2140/2969/1937
f 2135/2968/1937 2142/2973/1937 2138/2974/1937
f 2137/2975/2230 2142/2973/1937 2141/2972/2230
f 2155/2976/1937 2157/2977/1937 2158/2978/1937
f 2135/2979/2040 2146/2980/2040 2136/2981/2040
f 2138/2982/2100 2154/2983/2231 2147/2960/2100
f 2136/2981/2095 2154/2983/2232 2137/2984/2232
f 2152/2985/2074 2155/2986/2074 2158/2987/2074
f 2150/2988/1937 2145/2989/1937 2143/2990/1937
f 2143/2990/1937 2147/2991/1937 2144/2992/1937
f 2144/2993/2040 2157/2994/2040 2149/2995/2040
f 2153/2996/1937 2147/2991/1937 2154/2997/1937
f 2144/2993/2095 2148/2998/2095 2143/2999/2095
f 2146/3000/1937 2152/3001/1937 2154/2997/1937
f 2150/2988/1937 2151/3002/1937 2146/3000/1937
f 2152/3001/1937 2153/2996/1937 2154/2997/1937
f 2152/2985/2233 2157/2994/2233 2153/3003/2234
f 2156/3004/2235 2151/3005/2235 2150/3006/2235
f 2150/3006/2100 2148/3007/2100 2156/3004/2100
f 2148/3008/1937 2157/2977/1937 2156/3009/1937
f 2163/3010/2236 2166/3011/2236 2164/3012/2236
f 2160/3013/2237 2164/3012/2238 2159/3014/2237
f 2160/3015/2239 2165/3016/2239 2163/3010/2239
f 2161/3017/2240 2165/3016/2240 2162/3018/2241
f 2159/3019/2242 2166/3011/2242 2161/3020/2242
f 2171/3021/2236 2174/3022/2236 2172/3023/2243
f 2168/3024/2237 2172/3023/2237 2167/3025/2237
f 2168/3026/2239 2173/3027/2239 2171/3021/2239
f 2169/3028/2240 2173/3027/2240 2170/3029/2240
f 2167/3030/2242 2174/3022/2242 2169/3031/2242
f 2179/3032/2236 2182/3033/2244 2180/3034/2244
f 2175/3035/2237 2179/3032/2238 2180/3034/2238
f 2178/3036/2239 2179/3032/2239 2176/3037/2239
f 2178/3038/2240 2182/3033/2240 2181/3039/2240
f 2177/3040/2242 2180/3034/2242 2182/3033/2242
f 2215/3041/2095 2187/3042/2095 2225/3043/2095
f 2218/2746/1937 2186/3044/1937 2185/3045/1937
f 2225/3046/2100 2188/3047/2100 2221/3048/2100
f 2201/3049/1937 2187/3050/1937 2190/3051/1937
f 2216/3052/1937 2183/2956/1937 2186/3044/1937
f 2221/3048/2074 2189/3053/2074 2219/3054/2074
f 2222/2748/1937 2183/2956/1937 2224/3055/1937
f 2191/3056/2245 2212/3057/2246 2204/3058/2245
f 2198/3059/2247 2213/3060/2248 2200/3061/2248
f 2192/3062/2249 2207/3063/2250 2194/3064/2250
f 2195/3065/2251 2210/3066/2252 2197/3067/2252
f 2205/3068/1937 2206/3069/1937 2208/3070/1937
f 2195/3071/1937 2189/3072/1937 2188/3073/1937
f 2198/3074/1937 2190/3051/1937 2189/3072/1937
f 2206/3069/1937 2212/3075/1937 2210/3076/1937
f 2191/3077/1937 2193/3078/1937 2187/3050/1937
f 2193/3078/1937 2192/3079/1937 2187/3050/1937
f 2194/3080/1937 2196/3081/2230 2188/3073/1937
f 2196/3081/2230 2195/3071/1937 2188/3073/1937
f 2197/3082/1937 2199/3083/1937 2189/3072/1937
f 2199/3083/1937 2198/3074/1937 2189/3072/1937
f 2200/3084/1937 2202/3085/1937 2190/3051/1937
f 2202/3085/1937 2201/3049/1937 2190/3051/1937
f 2200/3061/2248 2214/3086/2253 2202/3087/2253
f 2214/3086/2253 2201/3088/2246 2202/3087/2253
f 2192/3062/2249 2205/3089/2254 2203/3090/2249
f 2205/3089/2254 2191/3091/2245 2204/3092/2245
f 2206/3093/2251 2196/3094/2255 2208/3095/2256
f 2196/3094/2255 2207/3063/2250 2208/3095/2256
f 2209/3096/2247 2199/3097/2257 2211/3098/2257
f 2199/3097/2257 2210/3066/2252 2211/3098/2257
f 2187/3050/1937 2194/3080/1937 2188/3073/1937
f 2207/3099/2258 2205/3068/1937 2208/3070/1937
f 2210/3076/1937 2214/3100/1937 2211/3101/1937
f 2214/3100/1937 2209/3102/1937 2211/3101/1937
f 2221/3103/2259 2226/3104/2260 2225/3105/2261
f 2223/3106/2262 2224/3107/2263 2226/3104/2260
f 2219/3108/2264 2217/3109/2265 2220/3110/2266
f 2220/3110/2266 2216/3111/2267 2218/3112/2268
f 2225/3105/2269 2217/3109/2270 2215/3113/2269
f 2226/3104/2271 2216/3111/2272 2217/3109/2270
f 2221/3103/2273 2220/3110/2274 2223/3106/2275
f 2223/3106/2275 2218/3112/2276 2222/3114/2277
f 2215/3041/2040 2189/3053/2040 2190/3115/2040
f 2231/3116/2278 2239/3117/2279 2243/3118/2280
f 2235/3119/2281 2245/3120/2282 2233/3121/2283
f 2229/3122/2284 2240/3123/2285 2241/3124/2286
f 2230/3125/2287 2246/3126/2288 2234/3127/2289
f 2237/3128/2290 2250/3129/2291 2238/3130/2292
f 2234/3127/2289 2247/3131/2293 2235/3119/2281
f 2232/3132/2294 2242/3133/2295 2230/3125/2287
f 2233/3121/2283 2249/3134/2296 2237/3135/2290
f 2236/3136/2297 2250/3129/2291 2248/3137/2298
f 2228/3138/2299 2248/3137/2298 2240/3123/2285
f 2232/3132/2294 2243/3118/2280 2244/3139/2300
f 2227/3140/2301 2241/3124/2286 2239/3117/2279
f 2245/3141/2302 2250/3142/2302 2249/3143/2303
f 2247/3144/2230 2248/3145/2304 2245/3141/2302
f 2240/3146/1937 2246/3147/2230 2241/3148/1937
f 2246/3147/2230 2239/3149/1937 2241/3148/1937
f 2244/3150/2230 2239/3149/1937 2242/3151/2230
f 2255/3152/2278 2263/3153/2305 2267/3154/2280
f 2259/3155/2281 2269/3156/2282 2257/3157/2283
f 2253/3158/2284 2264/3159/2285 2265/3160/2286
f 2254/3161/2306 2270/3162/2307 2258/3163/2289
f 2261/3164/2308 2274/3165/2291 2262/3166/2309
f 2258/3163/2289 2271/3167/2293 2259/3155/2281
f 2256/3168/2310 2266/3169/2311 2254/3161/2306
f 2257/3157/2283 2273/3170/2296 2261/3164/2308
f 2260/3171/2297 2274/3172/2291 2272/3173/2312
f 2252/3174/2299 2272/3173/2312 2264/3159/2285
f 2256/3168/2310 2267/3154/2280 2268/3175/2313
f 2251/3176/2314 2265/3160/2286 2263/3153/2305
f 2269/3177/2315 2274/3178/2316 2273/3179/2317
f 2271/3180/2230 2272/3181/2230 2269/3177/2315
f 2271/3180/2230 2265/3182/1937 2264/3183/1937
f 2270/3184/2230 2263/3185/2302 2265/3182/1937
f 2268/3186/2230 2263/3185/2302 2266/3187/2304
f 1812/3188/2318 1817/3189/2318 1826/3190/2318
f 1901/2578/1997 1884/2576/1995 1893/2581/2000
f 2276/3191/2319 2398/3192/2319 2275/3193/2319
f 2276/3191/2320 2396/3194/2320 2370/3195/2320
f 2278/3196/2321 2397/3197/2321 2396/3198/2321
f 2275/3193/2322 2397/3199/2322 2277/3200/2322
f 2275/3193/15 2278/3196/15 2276/3191/15
f 2280/3201/2323 2392/3202/2323 2279/3203/2323
f 2280/3201/2320 2367/3204/2320 2393/3205/2320
f 2282/3206/2321 2387/3207/2321 2367/3208/2321
f 2279/3203/2322 2387/3209/2322 2281/3210/2322
f 2279/3203/15 2282/3206/15 2280/3201/15
f 2284/3211/2323 2384/3212/2323 2283/3213/2323
f 2284/3211/2320 2381/3214/2320 2386/3215/2320
f 2286/3216/2321 2382/3217/2321 2381/3218/2321
f 2283/3213/2322 2382/3219/2322 2285/3220/2322
f 2283/3213/15 2286/3216/15 2284/3211/15
f 2288/3221/2323 2378/3222/2323 2287/3223/2323
f 2288/3221/2320 2371/3224/2320 2379/3225/2320
f 2290/3226/2324 2373/3227/2324 2371/3228/2324
f 2287/3223/2322 2373/3229/2322 2289/3230/2322
f 2287/3223/15 2290/3226/15 2288/3221/15
f 2292/3231/2325 2364/3232/2325 2291/3233/2325
f 2292/3231/2320 2362/3234/2320 2369/3235/2320
f 2294/3236/2324 2363/3237/2324 2362/3238/2324
f 2291/3233/2322 2363/3239/2322 2293/3240/2322
f 2291/3233/15 2294/3236/15 2292/3231/15
f 2296/3241/2325 2366/3242/2325 2295/3243/2325
f 2296/3241/2320 2391/3244/2320 2368/3245/2320
f 2298/3246/2326 2365/3247/2326 2391/3248/2326
f 2295/3243/2322 2365/3249/2322 2297/3250/2322
f 2295/3243/15 2298/3246/15 2296/3241/15
f 2300/3251/2327 2374/3252/2327 2299/3253/2327
f 2300/3251/2320 2400/3254/2320 2399/3255/2320
f 2302/3256/2328 2372/3257/2328 2400/3258/2328
f 2299/3253/2322 2372/3259/2322 2301/3260/2322
f 2299/3253/15 2302/3256/15 2300/3251/15
f 2304/3261/2329 2380/3262/2329 2303/3263/2329
f 2304/3261/2320 2395/3264/2320 2394/3265/2320
f 2306/3266/2328 2377/3267/2328 2395/3268/2328
f 2303/3263/2322 2377/3269/2322 2305/3270/2322
f 2303/3263/15 2306/3266/15 2304/3261/15
f 2308/3271/2329 2375/3272/2329 2307/3273/2329
f 2308/3271/2320 2402/3274/2320 2376/3275/2320
f 2310/3276/2330 2383/3277/2330 2402/3278/2330
f 2307/3273/2322 2383/3279/2322 2309/3280/2322
f 2307/3273/15 2310/3276/15 2308/3271/15
f 2312/3281/2331 2401/3282/2331 2311/3283/2331
f 2312/3281/2320 2388/3284/2320 2385/3285/2320
f 2314/3286/2330 2403/3287/2330 2388/3288/2330
f 2311/3283/2322 2403/3289/2322 2313/3290/2322
f 2311/3283/15 2314/3286/15 2312/3281/15
f 2316/3291/2331 2389/3292/2331 2315/3293/2331
f 2316/3291/2320 2404/3294/2320 2390/3295/2320
f 2318/3296/2330 2410/3297/2330 2404/3298/2330
f 2315/3293/2322 2410/3299/2322 2317/3300/2322
f 2315/3293/15 2318/3296/15 2316/3291/15
f 2320/3301/2332 2411/3302/2332 2319/3303/2331
f 2320/3301/2320 2417/3304/2320 2412/3305/2320
f 2322/3306/2333 2416/3307/2333 2417/3308/2333
f 2319/3303/2322 2416/3309/2322 2321/3310/2322
f 2319/3303/15 2322/3306/15 2320/3301/15
f 2324/3311/2332 2409/3312/2332 2323/3313/2332
f 2324/3311/2320 2408/3314/2320 2407/3315/2320
f 2326/3316/2333 2413/3317/2333 2408/3318/2333
f 2323/3313/2322 2413/3319/2322 2325/3320/2322
f 2323/3313/15 2326/3316/15 2324/3311/15
f 2328/3321/2332 2415/3322/2332 2327/3323/2332
f 2328/3321/2320 2406/3324/2320 2405/3325/2320
f 2330/3326/2334 2414/3327/2335 2406/3328/2334
f 2327/3323/2322 2414/3329/2322 2329/3330/2322
f 2327/3323/15 2330/3326/15 2328/3321/15
f 2332/3331/2336 2420/3332/2336 2331/3333/2337
f 2332/3331/2320 2419/3334/2320 2421/3335/2320
f 2334/3336/2334 2418/3337/2334 2419/3338/2334
f 2331/3333/2322 2418/3339/2322 2333/3340/2322
f 2331/3333/15 2334/3336/15 2332/3331/15
f 2336/3341/2336 2424/3342/2336 2335/3343/2336
f 2336/3341/2320 2423/3344/2320 2422/3345/2320
f 2338/3346/2334 2425/3347/2334 2423/3348/2334
f 2335/3343/2322 2425/3349/2322 2337/3350/2322
f 2335/3343/15 2338/3346/15 2336/3341/15
f 2340/3351/2338 2426/3352/2338 2339/3353/2338
f 2340/3351/2320 2429/3354/2320 2427/3355/2320
f 2342/3356/2339 2428/3357/2339 2429/3358/2340
f 2339/3353/2322 2428/3359/2322 2341/3360/2322
f 2339/3353/15 2342/3356/15 2340/3351/15
f 2637/3361/2341 2432/3362/2341 2633/3363/2341
f 2444/3364/2322 2345/3365/2322 2356/3366/2322
f 2638/3367/15 2440/3368/15 2640/3369/15
f 2435/3370/2341 2439/3371/2341 2440/3372/2341
f 2436/3373/2342 2437/3374/2342 2441/3375/2342
f 2433/3376/2341 2441/3377/2341 2438/3378/2341
f 2435/3379/2343 2430/3380/2343 2431/3381/2343
f 2353/3382/2322 2443/3383/2322 2445/3384/2322
f 2643/3385/2322 2442/3386/2322 2444/3364/2322
f 2443/3383/15 2438/3378/15 2441/3377/15
f 2640/3387/15 2442/3386/15 2641/3388/15
f 2440/3372/15 2345/3365/15 2442/3386/15
f 2353/3389/2344 2438/3378/2344 2346/3390/2344
f 2356/3391/2343 2439/3371/2343 2434/3392/2343
f 2592/3393/2345 2603/3394/2346 2355/3395/2347
f 2393/3396/2348 2397/3397/2349 2392/3398/2349
f 2387/3399/2349 2386/3400/2348 2367/3401/2348
f 2382/3402/2349 2379/3403/2348 2381/3404/2348
f 2373/3405/2349 2369/3406/2348 2371/3407/2348
f 2368/3408/2350 2363/3409/2349 2366/3410/2349
f 2399/3411/2350 2365/3412/2349 2374/3413/2349
f 2372/3414/2349 2394/3415/2350 2400/3416/2350
f 2377/3417/2349 2376/3418/2350 2395/3419/2350
f 2383/3420/2349 2385/3421/2350 2402/3422/2350
f 2403/3423/2349 2390/3424/2350 2388/3425/2350
f 2410/3426/2349 2412/3427/2350 2404/3428/2350
f 2407/3429/2350 2416/3430/2349 2409/3431/2349
f 2413/3432/2349 2405/3433/2351 2408/3434/2351
f 2421/3435/2351 2414/3436/2349 2420/3437/2349
f 2418/3438/2349 2422/3439/2351 2419/3440/2351
f 2610/3441/2352 2359/3442/2353 2398/3443/2354
f 2594/3444/2355 2604/3445/2356 2607/3446/2357
f 2595/3447/2358 2605/3448/2359 2606/3449/2358
f 2343/3450/2360 2487/3451/2361 2456/3452/2360
f 2543/3453/2362 2526/3454/2363 2542/3455/2363
f 2567/3456/2364 2543/3457/2362 2549/3458/2365
f 2661/3459/2366 2512/3460/2367 2658/3461/2367
f 2542/3455/2363 2566/3462/2322 2548/3463/2363
f 2393/3396/2348 2546/3464/2366 2396/3465/2348
f 2547/3466/2367 2545/3467/2364 2567/3456/2364
f 2540/3468/2366 2529/3469/2367 2541/3470/2367
f 2525/3471/2366 2532/3472/2367 2529/3469/2367
f 2549/3473/2365 2542/3455/2363 2548/3463/2363
f 2524/3474/2364 2537/3475/2362 2527/3476/2362
f 2571/3477/2363 2496/3478/2368 2500/3479/2369
f 2536/3480/2363 2528/3481/2322 2526/3454/2363
f 2480/3482/2370 2455/3483/2359 2489/3484/2371
f 2565/3485/2372 2343/3450/2360 2559/3486/2321
f 2658/3461/2367 2513/3487/2364 2663/3488/2364
f 2529/3469/2367 2539/3489/2364 2524/3474/2364
f 2560/3490/2373 2344/3491/2359 2480/3482/2370
f 2516/3492/2363 2659/3493/2322 2662/3494/2363
f 2726/3495/2362 2520/3496/2363 2725/3497/2363
f 2821/3498/2362 2506/3499/2374 2822/3500/2363
f 2456/3452/2360 2498/3501/2375 2495/3502/2376
f 2455/3483/2359 2505/3503/2377 2489/3484/2371
f 2463/3504/2378 2466/3505/2379 2467/3506/2380
f 2464/3507/2381 2468/3508/2382 2467/3509/2380
f 2465/3510/2383 2469/3511/2384 2467/3512/2380
f 2470/3513/2385 2473/3514/2386 2474/3515/2387
f 2471/3516/2388 2475/3517/2389 2474/3518/2387
f 2472/3519/2390 2476/3520/2391 2474/3521/2387
f 2498/3501/2375 2501/3522/2392 2502/3523/2393
f 2499/3524/2394 2503/3525/2395 2502/3526/2393
f 2500/3479/2369 2504/3527/2396 2502/3528/2393
f 2505/3503/2377 2508/3529/2397 2509/3530/2398
f 2506/3499/2374 2510/3531/2399 2509/3532/2398
f 2507/3533/2400 2511/3534/2401 2509/3535/2398
f 2457/3536/2402 2466/3537/2379 2459/3538/2403
f 2459/3539/2403 2463/3504/2378 2458/3540/2404
f 2471/3516/2388 2462/3541/2405 2460/3542/2406
f 2473/3514/2386 2461/3543/2407 2462/3544/2405
f 2480/3482/2370 2561/3545/2408 2560/3490/2373
f 2482/3546/2409 2562/3547/2410 2561/3548/2408
f 2564/3549/2411 2478/3550/2412 2565/3485/2372
f 2609/3551/2413 2565/3485/2372 2611/3552/2414
f 2606/3449/2358 2558/3553/2359 2560/3490/2373
f 2607/3446/2357 2561/3548/2408 2562/3547/2410
f 2646/3554/2415 2485/3555/2416 2647/3556/2416
f 2647/3557/2416 2484/3558/2417 2649/3559/2417
f 2478/3550/2412 2488/3560/2418 2487/3451/2361
f 2479/3561/2419 2486/3562/2420 2488/3563/2418
f 2481/3564/2421 2491/3565/2422 2490/3566/2423
f 2482/3567/2409 2489/3484/2371 2491/3568/2422
f 2495/3502/2376 2504/3569/2396 2497/3570/2424
f 2497/3571/2424 2500/3479/2369 2496/3478/2368
f 2506/3499/2374 2494/3572/2425 2492/3573/2426
f 2508/3529/2397 2493/3574/2427 2494/3575/2425
f 2570/3576/2367 2567/3456/2364 2568/3577/2364
f 2825/3578/2364 2510/3579/2399 2821/3580/2362
f 2367/3401/2348 2540/3468/2366 2393/3396/2348
f 2396/3465/2348 2569/3581/2428 2370/3582/2429
f 2545/3467/2364 2527/3476/2362 2543/3457/2362
f 2541/3470/2367 2524/3474/2364 2545/3467/2364
f 2386/3400/2348 2525/3471/2366 2367/3401/2348
f 2728/3583/2367 2523/3584/2364 2729/3585/2364
f 2507/3533/2400 2491/3565/2422 2511/3534/2401
f 2511/3586/2401 2489/3484/2371 2505/3503/2377
f 2487/3451/2361 2501/3522/2392 2498/3501/2375
f 2488/3563/2418 2499/3524/2394 2501/3587/2392
f 2649/3559/2417 2454/3588/2341 2651/3589/2341
f 2568/3577/2364 2549/3458/2365 2572/3590/2362
f 2526/3454/2363 2544/3591/2322 2542/3455/2363
f 2572/3592/2362 2548/3463/2363 2571/3477/2363
f 2576/3593/2416 2535/3594/2417 2577/3595/2417
f 2579/3596/2415 2534/3597/2416 2576/3598/2416
f 2729/3585/2364 2521/3599/2362 2726/3600/2362
f 2546/3464/2366 2541/3470/2367 2547/3466/2367
f 2577/3595/2417 2530/3601/2341 2578/3602/2341
f 2520/3496/2363 2727/3603/2322 2725/3497/2363
f 2370/3582/2429 2477/3604/2430 2563/3605/2431
f 2724/3606/2366 2519/3607/2367 2728/3583/2367
f 2548/3463/2363 2573/3608/2322 2571/3477/2363
f 2663/3488/2364 2515/3609/2362 2660/3610/2362
f 2499/3524/2394 2572/3590/2362 2503/3525/2395
f 2463/3504/2378 2557/3611/2341 2458/3540/2404
f 2469/3612/2384 2555/3613/2417 2463/3504/2378
f 2555/3613/2417 2556/3614/2341 2557/3611/2341
f 2465/3510/2383 2553/3615/2416 2469/3511/2384
f 2553/3616/2416 2554/3617/2417 2555/3613/2417
f 2611/3552/2414 2559/3486/2321 2608/3618/2321
f 2610/3441/2352 2564/3619/2411 2609/3620/2413
f 2560/3490/2373 2604/3621/2356 2606/3449/2358
f 2502/3526/2393 2501/3587/2392 2499/3524/2394
f 2486/3562/2420 2568/3577/2364 2499/3524/2394
f 2477/3604/2430 2570/3576/2367 2486/3562/2420
f 2569/3581/2428 2547/3466/2367 2570/3576/2367
f 2527/3622/2362 2536/3480/2363 2526/3454/2363
f 2503/3623/2395 2571/3477/2363 2500/3479/2369
f 2506/3499/2374 2820/3624/2322 2822/3500/2363
f 2474/3521/2387 2475/3625/2389 2472/3519/2390
f 2474/3518/2387 2473/3626/2386 2471/3516/2388
f 2474/3515/2387 2476/3627/2391 2470/3513/2385
f 2502/3528/2393 2503/3623/2395 2500/3479/2369
f 2502/3523/2393 2504/3569/2396 2498/3501/2375
f 2509/3530/2398 2511/3586/2401 2505/3503/2377
f 2509/3532/2398 2508/3628/2397 2506/3499/2374
f 2509/3535/2398 2510/3579/2399 2507/3533/2400
f 2467/3509/2380 2466/3537/2379 2464/3507/2381
f 2467/3512/2380 2468/3629/2382 2465/3510/2383
f 2467/3506/2380 2469/3612/2384 2463/3504/2378
f 2479/3561/2419 2563/3605/2431 2477/3604/2430
f 2612/3630/2432 2608/3618/2321 2615/3631/2321
f 2614/3632/2433 2611/3552/2414 2612/3630/2432
f 2484/3558/2417 2578/3602/2341 2454/3588/2341
f 2483/3633/2415 2576/3598/2416 2485/3555/2416
f 2485/3634/2416 2577/3595/2417 2484/3558/2417
f 2579/3596/2415 2361/3635/2434 2533/3636/2415
f 2356/3637/2435 2483/3633/2415 2444/3638/2428
f 2585/3639/2417 2583/3640/2341 2586/3641/2341
f 2584/3642/2416 2582/3643/2417 2585/3639/2417
f 2587/3644/2415 2581/3645/2416 2584/3646/2416
f 2551/3647/2415 2584/3646/2416 2552/3648/2416
f 2552/3649/2416 2585/3639/2417 2554/3617/2417
f 2554/3617/2417 2586/3641/2341 2556/3614/2341
f 2644/3650/2428 2580/3651/2415 2445/3652/2428
f 2445/3652/2428 2587/3644/2415 2353/3653/2436
f 2550/3654/2415 2552/3648/2416 2553/3615/2416
f 2350/3655/2437 2587/3644/2415 2551/3647/2415
f 2464/3507/2381 2591/3656/2438 2590/3657/2439
f 2465/3510/2383 2589/3658/2440 2588/3659/2441
f 2468/3508/2382 2590/3657/2439 2589/3660/2440
f 2465/3510/2383 2351/3661/2442 2550/3654/2415
f 2350/3655/2437 2550/3654/2415 2351/3661/2442
f 2589/3660/2440 2595/3447/2358 2597/3662/2443
f 2590/3657/2439 2596/3663/2444 2595/3447/2358
f 2653/3664/2445 2431/3665/2446 2634/3666/2445
f 2351/3661/2442 2594/3444/2355 2349/3667/2447
f 2353/3653/2436 2598/3668/2448 2433/3669/2449
f 2599/3670/2450 2356/3637/2435 2434/3671/2451
f 2563/3605/2431 2398/3443/2354 2370/3582/2429
f 2428/3672/2452 2562/3547/2410 2429/3673/2453
f 2606/3449/2358 2597/3662/2443 2595/3447/2358
f 2349/3667/2447 2607/3446/2357 2428/3672/2452
f 2434/3671/2451 2600/3674/2454 2599/3670/2450
f 2601/3675/2455 2433/3669/2449 2598/3668/2448
f 2357/3676/2456 2613/3677/2457 2831/3678/2458
f 2352/3679/2459 2431/3665/2446 2593/3680/2445
f 2355/3395/2347 2601/3675/2455 2450/3681/2460
f 2600/3674/2454 2352/3679/2459 2449/3682/2461
f 2432/3683/2462 2433/3669/2449 2603/3394/2346
f 2831/3678/2458 2614/3684/2433 2832/3685/2463
f 2602/3686/2464 2435/3687/2465 2431/3665/2446
f 2450/3681/2460 2347/3688/2466 2355/3395/2347
f 2354/3689/2467 2449/3682/2461 2352/3679/2459
f 2613/3677/2457 2609/3620/2413 2614/3684/2433
f 2656/3690/2348 2425/3691/2349 2655/3692/2468
f 2830/3693/2469 2615/3631/2321 2833/3694/2470
f 2832/3695/2463 2612/3630/2432 2830/3693/2469
f 2398/3443/2354 2575/3696/2471 2397/3397/2349
f 2397/3397/2349 2574/3697/2471 2392/3398/2349
f 2392/3398/2349 2453/3698/2471 2387/3399/2349
f 2387/3399/2349 2616/3699/2471 2384/3700/2349
f 2616/3699/2471 2382/3402/2349 2384/3700/2349
f 2617/3701/2471 2378/3702/2349 2382/3402/2349
f 2618/3703/2471 2373/3405/2349 2378/3702/2349
f 2619/3704/2471 2364/3705/2349 2373/3405/2349
f 2360/3706/2471 2363/3409/2349 2364/3705/2349
f 2621/3707/2471 2366/3410/2349 2363/3409/2349
f 2620/3708/2471 2365/3412/2349 2366/3410/2349
f 2365/3412/2349 2622/3709/2471 2374/3413/2349
f 2622/3709/2471 2372/3414/2349 2374/3413/2349
f 2623/3710/2471 2380/3711/2349 2372/3414/2349
f 2380/3711/2349 2625/3712/2471 2377/3417/2349
f 2377/3417/2349 2626/3713/2471 2375/3714/2349
f 2375/3714/2349 2446/3715/2471 2383/3420/2349
f 2627/3716/2471 2383/3420/2349 2446/3715/2471
f 2401/3717/2349 2451/3718/2471 2403/3423/2349
f 2403/3423/2349 2628/3719/2471 2389/3720/2349
f 2389/3720/2349 2629/3721/2471 2410/3426/2349
f 2410/3426/2349 2630/3722/2471 2411/3723/2349
f 2533/3636/2415 2826/3724/2416 2534/3597/2416
f 2829/3725/2417 2534/3726/2416 2826/3727/2416
f 2533/3636/2415 2357/3676/2456 2828/3728/2472
f 2827/3729/2341 2535/3594/2417 2829/3725/2417
f 2411/3723/2349 2631/3730/2471 2416/3430/2349
f 2416/3430/2349 2632/3731/2471 2409/3431/2349
f 2632/3731/2471 2413/3432/2349 2409/3431/2349
f 2358/3732/2473 2415/3733/2349 2413/3432/2349
f 2592/3393/2345 2633/3734/2445 2432/3683/2462
f 2654/3735/2445 2634/3666/2445 2633/3734/2445
f 2444/3638/2428 2646/3554/2415 2643/3736/2428
f 2643/3736/2428 2645/3737/2415 2644/3650/2428
f 2582/3643/2417 2652/3738/2341 2583/3640/2341
f 2650/3739/2417 2651/3589/2341 2652/3738/2341
f 2581/3740/2416 2650/3739/2417 2582/3643/2417
f 2648/3741/2416 2649/3559/2417 2650/3739/2417
f 2580/3651/2415 2648/3742/2416 2581/3645/2416
f 2645/3737/2415 2647/3556/2416 2648/3742/2416
f 2441/3377/15 2642/3743/15 2443/3383/15
f 2639/3744/15 2641/3388/15 2642/3743/15
f 2445/3384/2322 2642/3743/2322 2644/3745/2322
f 2644/3745/2322 2641/3388/2322 2643/3385/2322
f 2437/3374/15 2639/3746/15 2441/3375/15
f 2637/3361/15 2640/3369/15 2639/3746/15
f 2430/3380/2341 2634/3747/2341 2431/3748/2341
f 2638/3367/2341 2633/3363/2341 2634/3747/2341
f 2354/3689/2467 2414/3436/2349 2415/3733/2349
f 2420/3437/2349 2448/3749/2471 2635/3750/2471
f 2418/3438/2349 2635/3750/2471 2636/3751/2471
f 2447/3752/2471 2418/3438/2349 2636/3751/2471
f 2447/3752/2471 2425/3691/2349 2424/3753/2349
f 2427/3754/2351 2655/3692/2468 2426/3755/2349
f 2425/3691/2349 2348/3756/2474 2655/3692/2468
f 2856/3757/15 2855/3758/15 2857/3759/15
f 2655/3692/2468 2657/3760/2471 2426/3755/2349
f 2657/3760/2471 2428/3672/2452 2426/3755/2349
f 2823/3761/2367 2507/3533/2400 2825/3578/2364
f 2824/3762/2475 2490/3566/2423 2823/3761/2367
f 2660/3763/2362 2516/3492/2363 2662/3494/2363
f 2537/3764/2362 2662/3494/2363 2536/3480/2363
f 2539/3489/2364 2660/3610/2362 2537/3475/2362
f 2662/3494/2363 2538/3765/2322 2536/3480/2363
f 2532/3472/2367 2663/3488/2364 2539/3489/2364
f 2531/3766/2366 2658/3461/2367 2532/3472/2367
f 2381/3404/2348 2531/3766/2366 2386/3400/2348
f 2379/3403/2348 2661/3459/2366 2381/3404/2348
f 2671/3767/2366 2668/3768/2367 2675/3769/2367
f 2665/3770/2363 2674/3771/2322 2672/3772/2363
f 2670/3773/2364 2666/3774/2362 2673/3775/2362
f 2675/3769/2367 2669/3776/2364 2670/3773/2364
f 2673/3777/2362 2665/3770/2363 2672/3772/2363
f 2515/3778/2362 2672/3772/2363 2516/3492/2363
f 2512/3460/2367 2670/3773/2364 2513/3487/2364
f 2513/3487/2364 2673/3775/2362 2515/3609/2362
f 2672/3772/2363 2514/3779/2322 2516/3492/2363
f 2517/3780/2366 2675/3769/2367 2512/3460/2367
f 2371/3407/2348 2517/3780/2366 2379/3403/2348
f 2369/3406/2348 2671/3767/2366 2371/3407/2348
f 2664/3781/2366 2680/3782/2367 2668/3768/2367
f 2677/3783/2363 2667/3784/2322 2665/3770/2363
f 2669/3776/2364 2678/3785/2362 2666/3774/2362
f 2668/3768/2367 2681/3786/2364 2669/3776/2364
f 2666/3787/2362 2677/3783/2363 2665/3770/2363
f 2362/3788/2350 2664/3781/2366 2369/3406/2348
f 2676/3789/2366 2686/3790/2367 2680/3782/2367
f 2683/3791/2363 2679/3792/2322 2677/3783/2363
f 2681/3786/2364 2684/3793/2362 2678/3785/2362
f 2680/3782/2367 2687/3794/2364 2681/3786/2364
f 2678/3795/2362 2683/3791/2363 2677/3783/2363
f 2368/3408/2350 2676/3789/2366 2362/3788/2350
f 2695/3796/2366 2692/3797/2367 2699/3798/2367
f 2689/3799/2363 2698/3800/2322 2696/3801/2363
f 2694/3802/2364 2690/3803/2362 2697/3804/2362
f 2699/3798/2367 2693/3805/2364 2694/3802/2364
f 2697/3806/2362 2689/3799/2363 2696/3801/2363
f 2684/3807/2362 2696/3801/2363 2683/3791/2363
f 2686/3790/2367 2694/3802/2364 2687/3794/2364
f 2687/3794/2364 2697/3804/2362 2684/3793/2362
f 2696/3801/2363 2685/3808/2322 2683/3791/2363
f 2682/3809/2366 2699/3798/2367 2686/3790/2367
f 2391/3810/2350 2682/3809/2366 2368/3408/2350
f 2399/3411/2350 2695/3796/2366 2391/3810/2350
f 2707/3811/2366 2704/3812/2367 2711/3813/2367
f 2701/3814/2363 2710/3815/2322 2708/3816/2363
f 2706/3817/2364 2702/3818/2362 2709/3819/2362
f 2711/3813/2367 2705/3820/2364 2706/3817/2364
f 2709/3821/2362 2701/3814/2363 2708/3816/2363
f 2690/3822/2362 2708/3816/2363 2689/3799/2363
f 2692/3797/2367 2706/3817/2364 2693/3805/2364
f 2693/3805/2364 2709/3819/2362 2690/3803/2362
f 2708/3816/2363 2691/3823/2322 2689/3799/2363
f 2688/3824/2366 2711/3813/2367 2692/3797/2367
f 2400/3416/2350 2688/3824/2366 2399/3411/2350
f 2394/3415/2350 2707/3811/2366 2400/3416/2350
f 2719/3825/2366 2716/3826/2367 2723/3827/2367
f 2713/3828/2363 2722/3829/2322 2720/3830/2363
f 2718/3831/2364 2714/3832/2362 2721/3833/2362
f 2723/3827/2367 2717/3834/2364 2718/3831/2364
f 2721/3835/2362 2713/3828/2363 2720/3830/2363
f 2702/3836/2362 2720/3830/2363 2701/3814/2363
f 2704/3812/2367 2718/3831/2364 2705/3820/2364
f 2705/3820/2364 2721/3833/2362 2702/3818/2362
f 2720/3830/2363 2703/3837/2322 2701/3814/2363
f 2700/3838/2366 2723/3827/2367 2704/3812/2367
f 2712/3839/2366 2728/3583/2367 2716/3826/2367
f 2725/3497/2363 2715/3840/2322 2713/3828/2363
f 2717/3834/2364 2726/3600/2362 2714/3832/2362
f 2716/3826/2367 2729/3585/2364 2717/3834/2364
f 2714/3841/2362 2725/3497/2363 2713/3828/2363
f 2395/3419/2350 2700/3838/2366 2394/3415/2350
f 2376/3418/2350 2719/3825/2366 2395/3419/2350
f 2402/3422/2350 2712/3839/2366 2376/3418/2350
f 2385/3421/2350 2724/3606/2366 2402/3422/2350
f 2741/3842/2366 2734/3843/2367 2740/3844/2367
f 2740/3844/2367 2730/3845/2364 2736/3846/2364
f 2733/3847/2363 2737/3848/2322 2739/3849/2363
f 2736/3846/2364 2732/3850/2362 2738/3851/2362
f 2738/3852/2362 2733/3847/2363 2739/3849/2363
f 2521/3853/2362 2739/3849/2363 2520/3496/2363
f 2523/3584/2364 2738/3851/2362 2521/3599/2362
f 2739/3849/2363 2522/3854/2322 2520/3496/2363
f 2519/3607/2367 2736/3846/2364 2523/3584/2364
f 2518/3855/2366 2740/3844/2367 2519/3607/2367
f 2388/3425/2350 2518/3855/2366 2385/3421/2350
f 2390/3424/2350 2741/3842/2366 2388/3425/2350
f 2753/3856/2475 2745/3857/2367 2752/3858/2367
f 2752/3858/2367 2747/3859/2364 2748/3860/2364
f 2744/3861/2363 2749/3862/2322 2751/3863/2363
f 2748/3860/2364 2743/3864/2362 2750/3865/2362
f 2750/3866/2362 2744/3861/2363 2751/3863/2363
f 2732/3867/2362 2751/3863/2363 2733/3847/2363
f 2730/3845/2364 2750/3865/2362 2732/3850/2362
f 2751/3863/2363 2731/3868/2322 2733/3847/2363
f 2734/3843/2367 2748/3860/2364 2730/3845/2364
f 2735/3869/2475 2752/3858/2367 2734/3843/2367
f 2404/3428/2350 2735/3869/2475 2390/3424/2350
f 2412/3427/2350 2753/3856/2475 2404/3428/2350
f 2765/3870/2475 2757/3871/2367 2764/3872/2367
f 2764/3872/2367 2759/3873/2364 2760/3874/2364
f 2756/3875/2363 2761/3876/2322 2763/3877/2363
f 2760/3874/2364 2755/3878/2362 2762/3879/2362
f 2762/3880/2362 2756/3875/2363 2763/3877/2363
f 2743/3881/2362 2763/3877/2363 2744/3861/2363
f 2747/3859/2364 2762/3879/2362 2743/3864/2362
f 2763/3877/2363 2742/3882/2322 2744/3861/2363
f 2745/3857/2367 2760/3874/2364 2747/3859/2364
f 2746/3883/2475 2764/3872/2367 2745/3857/2367
f 2417/3884/2350 2746/3883/2475 2412/3427/2350
f 2407/3429/2350 2765/3870/2475 2417/3884/2350
f 2758/3885/2475 2769/3886/2367 2757/3871/2367
f 2757/3871/2367 2771/3887/2364 2759/3873/2364
f 2768/3888/2363 2754/3889/2322 2756/3875/2363
f 2759/3873/2364 2767/3890/2362 2755/3878/2362
f 2755/3891/2362 2768/3888/2363 2756/3875/2363
f 2770/3892/2475 2775/3893/2367 2769/3886/2367
f 2769/3886/2367 2777/3894/2364 2771/3887/2364
f 2774/3895/2363 2766/3896/2322 2768/3888/2363
f 2771/3887/2364 2773/3897/2362 2767/3890/2362
f 2767/3898/2362 2774/3895/2363 2768/3888/2363
f 2408/3434/2351 2758/3885/2475 2407/3429/2350
f 2405/3433/2351 2770/3892/2475 2408/3434/2351
f 2795/3899/2475 2781/3900/2367 2794/3901/2367
f 2794/3901/2367 2783/3902/2364 2790/3903/2364
f 2780/3904/2363 2791/3905/2322 2793/3906/2363
f 2790/3903/2364 2779/3907/2362 2792/3908/2362
f 2792/3909/2362 2780/3904/2363 2793/3906/2363
f 2801/3910/2475 2787/3911/2367 2800/3912/2367
f 2800/3912/2367 2789/3913/2364 2796/3914/2364
f 2786/3915/2363 2797/3916/2322 2799/3917/2363
f 2796/3914/2364 2785/3918/2362 2798/3919/2362
f 2798/3920/2362 2786/3915/2363 2799/3917/2363
f 2773/3921/2362 2793/3906/2363 2774/3895/2363
f 2777/3894/2364 2792/3908/2362 2773/3897/2362
f 2793/3906/2363 2772/3922/2322 2774/3895/2363
f 2775/3893/2367 2790/3903/2364 2777/3894/2364
f 2776/3923/2475 2794/3901/2367 2775/3893/2367
f 2779/3924/2362 2799/3917/2363 2780/3904/2363
f 2783/3902/2364 2798/3919/2362 2779/3907/2362
f 2799/3917/2363 2778/3925/2322 2780/3904/2363
f 2781/3900/2367 2796/3914/2364 2783/3902/2364
f 2782/3926/2475 2800/3912/2367 2781/3900/2367
f 2406/3927/2351 2776/3923/2475 2405/3433/2351
f 2421/3435/2351 2795/3899/2475 2406/3927/2351
f 2419/3440/2351 2782/3926/2475 2421/3435/2351
f 2422/3439/2351 2801/3910/2475 2419/3440/2351
f 2788/3928/2475 2805/3929/2367 2787/3911/2367
f 2787/3911/2367 2807/3930/2364 2789/3913/2364
f 2804/3931/2363 2784/3932/2322 2786/3915/2363
f 2789/3913/2364 2803/3933/2362 2785/3918/2362
f 2785/3934/2362 2804/3931/2363 2786/3915/2363
f 2806/3935/2475 2811/3936/2367 2805/3929/2367
f 2805/3929/2367 2813/3937/2364 2807/3930/2364
f 2810/3938/2363 2802/3939/2322 2804/3931/2363
f 2807/3930/2364 2809/3940/2362 2803/3933/2362
f 2803/3941/2362 2810/3938/2363 2804/3931/2363
f 2423/3942/2351 2788/3928/2475 2422/3439/2351
f 2656/3690/2348 2806/3935/2475 2423/3942/2351
f 2812/3943/2475 2817/3944/2367 2811/3936/2367
f 2811/3936/2367 2819/3945/2364 2813/3937/2364
f 2816/3946/2363 2808/3947/2322 2810/3938/2363
f 2813/3937/2364 2815/3948/2362 2809/3940/2362
f 2809/3949/2362 2816/3946/2363 2810/3938/2363
f 2427/3754/2351 2812/3943/2475 2656/3690/2348
f 2818/3950/2475 2823/3761/2367 2817/3944/2367
f 2817/3944/2367 2825/3578/2364 2819/3945/2364
f 2822/3500/2363 2814/3951/2322 2816/3946/2363
f 2819/3945/2364 2821/3580/2362 2815/3948/2362
f 2815/3952/2362 2822/3500/2363 2816/3946/2363
f 2824/3762/2475 2427/3754/2351 2429/3673/2453
f 2481/3564/2421 2429/3673/2453 2562/3547/2410
f 2831/3678/2458 2828/3728/2472 2357/3676/2456
f 2476/3627/2391 2830/3693/2469 2470/3513/2385
f 2470/3513/2385 2833/3694/2470 2461/3543/2407
f 2472/3519/2390 2832/3685/2463 2476/3520/2391
f 2460/3542/2406 2829/3725/2417 2471/3516/2388
f 2475/3625/2389 2828/3728/2472 2472/3519/2390
f 2471/3516/2388 2826/3727/2416 2475/3517/2389
f 2835/3953/2476 2841/3954/2476 2839/3955/2476
f 2834/3956/2477 2838/3957/2477 2836/3958/2477
f 2839/3959/2341 2834/3956/2341 2835/3953/2341
f 2837/3960/15 2834/3956/15 2836/3958/15
f 2838/3961/2322 2837/3960/2322 2836/3958/2322
f 2850/3962/1 2849/3963/1 2848/3964/1
f 2844/3965/1 2843/3966/1 2842/3967/1
f 2853/3968/1 2852/3969/1 2851/3970/1
f 2851/3970/1 2848/3964/1 2842/3967/1
f 2847/3971/1 2846/3972/1 2845/3973/1
f 2866/3974/2341 2869/3975/2341 2863/3976/2341
f 2868/3977/15 2865/3978/15 2866/3974/15
f 2854/3979/2341 2859/3980/2341 2858/3981/2341
f 2856/3757/2340 2861/3982/2344 2859/3983/2340
f 2862/3984/2342 2865/3978/2342 2867/3985/2342
f 2860/3986/2343 2854/3979/2338 2858/3987/2338
f 2861/3988/2322 2855/3758/2322 2860/3989/2322
f 2862/3990/2322 2868/3977/2322 2864/3991/2322
f 2864/3992/2337 2866/3974/2337 2863/3993/2337
f 2588/3659/2441 2597/3994/2443 2594/3444/2355
f 3903/3995/2478 3886/3996/2479 3889/3997/2480
f 4260/3998/2481 4242/3999/2482 4257/4000/2483
f 3685/4001/2484 3706/4002/2485 3692/4003/2486
f 4423/4004/2487 4411/4005/2488 4416/4006/2489
f 4458/4007/2490 4460/4008/2491 4465/4009/2492
f 4206/4010/2493 4208/4011/2494 4213/4012/2495
f 4323/4013/2478 4306/4014/2479 4309/4015/2480
f 3896/4016/2481 3878/4017/2482 3893/4018/2496
f 3359/4019/2497 3347/4020/2498 3352/4021/2499
f 3937/4022/2484 3958/4023/2485 3944/4024/2486
f 3695/4025/2497 3683/4026/2500 3688/4027/2499
f 3114/4028/2501 3116/4029/2502 3121/4030/2503
f 3987/4031/2478 3970/4032/2479 3973/4033/2480
f 5352/4034/2504 5334/4035/2505 5349/4036/2506
f 3023/4037/2507 3011/4038/2508 3016/4039/2509
f 3545/4040/2484 3566/4041/2485 3552/4042/2486
f 3814/4043/2490 3816/4044/2510 3821/4045/2492
f 4960/4046/2511 4942/4047/2512 4957/4048/2513
f 3947/4049/2514 3935/4050/2515 3940/4051/2516
f 4049/4052/2484 4070/4053/2485 4056/4054/2517
f 3560/4055/2481 3542/4056/2482 3557/4057/2496
f 3728/4058/2481 3710/4059/2482 3725/4060/2496
f 3247/4061/2507 3235/4062/2518 3240/4063/2509
f 4497/4064/2484 4518/4065/2485 4504/4066/2486
f 3203/4067/2478 3186/4068/2479 3189/4069/2480
f 4316/4070/2481 4298/4071/2519 4313/4072/2483
f 2939/4073/2507 2927/4074/2508 2932/4075/2509
f 3847/4076/2478 3830/4077/2479 3833/4078/2480
f 3476/4079/2481 3458/4080/2482 3473/4081/2496
f 3713/4082/2484 3734/4083/2485 3720/4084/2486
f 3387/4085/2520 3375/4086/2498 3380/4087/2499
f 2974/4088/2521 2976/4089/2522 2981/4090/2523
f 3420/4091/2481 3402/4092/2482 3417/4093/2496
f 5459/4094/2524 5447/4095/2525 5452/4096/2516
f 4115/4097/2487 4103/4098/2500 4108/4099/2489
f 3506/4100/2490 3508/4101/2526 3513/4102/2492
f 3489/4103/2484 3510/4104/2485 3496/4105/2486
f 2944/4106/2481 2926/4107/2519 2941/4108/2483
f 3079/4109/2507 3067/4110/2518 3072/4111/2509
f 4327/4112/2478 4345/4113/2479 4343/4114/2480
f 3282/4115/2527 3284/4116/2502 3289/4117/2523
f 3784/4118/2481 3766/4119/2482 3781/4120/2496
f 3891/4121/2487 3879/4122/2528 3884/4123/2489
f 4792/4124/2511 4774/4125/2529 4789/4126/2530
f 3275/4127/2507 3263/4128/2518 3268/4129/2509
f 3797/4130/2484 3818/4131/2485 3804/4132/2517
f 5240/4133/2504 5222/4134/2505 5237/4135/2506
f 4430/4136/2490 4432/4137/2510 4437/4138/2492
f 4161/4139/2484 4182/4140/2485 4168/4141/2486
f 4008/4142/2481 3990/4143/2531 4005/4144/2483
f 3751/4145/2497 3739/4146/2500 3744/4147/2499
f 3041/4148/2532 3062/4149/2533 3048/4150/2534
f 3415/4151/2497 3403/4152/2500 3408/4153/2499
f 3590/4154/2493 3592/4155/2494 3597/4156/2535
f 3573/4157/2484 3594/4158/2485 3580/4159/2486
f 4019/4160/2536 4037/4161/2537 4035/4162/2538
f 4512/4163/2481 4494/4164/2482 4509/4165/2496
f 3303/4166/2507 3291/4167/2518 3296/4168/2539
f 3097/4169/2532 3118/4170/2533 3104/4171/2534
f 3265/4172/2532 3286/4173/2533 3272/4174/2534
f 4367/4175/2487 4355/4176/2540 4360/4177/2489
f 3163/4178/2507 3151/4179/2518 3156/4180/2509
f 2911/4181/2541 2899/4182/2508 2904/4183/2509
f 3293/4184/2532 3314/4185/2533 3300/4186/2534
f 2946/4187/2521 2948/4188/2522 2953/4189/2523
f 2957/4190/2532 2978/4191/2533 2964/4192/2534
f 2895/4193/2478 2878/4194/2479 2881/4195/2542
f 4540/4196/2481 4522/4197/2482 4537/4198/2496
f 4003/4199/2524 3991/4200/2515 3996/4201/2543
f 2985/4202/2532 3006/4203/2533 2992/4204/2534
f 4336/4205/2490 4331/4206/2510 4329/4207/2544
f 3237/4208/2532 3258/4209/2533 3244/4210/2534
f 3196/4211/2481 3178/4212/2519 3193/4213/2483
f 3629/4214/2484 3650/4215/2485 3636/4216/2486
f 4171/4217/2487 4159/4218/2488 4164/4219/2489
f 3287/4220/2478 3270/4221/2479 3273/4222/2480
f 3478/4223/2490 3480/4224/2510 3485/4225/2544
f 4652/4226/2511 4634/4227/2512 4649/4228/2513
f 3427/4229/2478 3410/4230/2545 3413/4231/2538
f 4519/4232/2478 4502/4233/2479 4505/4234/2480
f 2923/4235/2478 2906/4236/2479 2909/4237/2480
f 3471/4238/2497 3459/4239/2546 3464/4240/2489
f 3483/4241/2536 3466/4242/2547 3469/4243/2538
f 4010/4244/2548 4012/4245/2549 4017/4246/2550
f 3198/4247/2521 3200/4248/2522 3205/4249/2523
f 4245/4250/2484 4266/4251/2485 4252/4252/2486
f 3812/4253/2481 3794/4254/2482 3809/4255/2496
f 4127/4256/2478 4110/4257/2479 4113/4258/2480
f 4479/4259/2514 4467/4260/2551 4472/4261/2516
f 3140/4262/2481 3122/4263/2519 3137/4264/2483
f 3875/4265/2478 3858/4266/2479 3861/4267/2480
f 5263/4268/2552 5251/4269/2553 5256/4270/2554
f 3646/4271/2555 3648/4272/2494 3653/4273/2550
f 3007/4274/2478 2990/4275/2479 2993/4276/2480
f 4932/4277/2556 4914/4278/2529 4929/4279/2557
f 4581/4280/2484 4602/4281/2485 4588/4282/2534
f 3786/4283/2490 3788/4284/2510 3793/4285/2544
f 3209/4286/2532 3230/4287/2533 3216/4288/2534
f 4295/4289/2478 4278/4290/2479 4281/4291/2480
f 3672/4292/2481 3654/4293/2519 3669/4294/2483
f 3191/4295/2507 3179/4296/2518 3184/4297/2509
f 4598/4298/2555 4600/4299/2549 4605/4300/2535
f 4273/4301/2484 4294/4302/2485 4280/4303/2486
f 3868/4304/2481 3850/4305/2482 3865/4306/2496
f 4563/4307/2514 4551/4308/2551 4556/4309/2516
f 4015/4310/2478 3998/4311/2479 4001/4312/2480
f 4311/4313/2514 4299/4314/2515 4304/4315/2516
f 3982/4316/2555 3984/4317/2549 3989/4318/2550
f 3030/4319/2501 3032/4320/2502 3037/4321/2523
f 3924/4322/2481 3906/4323/2482 3921/4324/2496
f 3931/4325/2478 3914/4326/2479 3917/4327/2480
f 3639/4328/2524 3627/4329/2558 3632/4330/2516
f 3254/4331/2501 3256/4332/2502 3261/4333/2523
f 4027/4334/2490 4023/4335/2510 4021/4336/2544
f 4133/4337/2484 4154/4338/2485 4140/4339/2486
f 3112/4340/2481 3094/4341/2519 3109/4342/2483
f 4374/4343/2490 4376/4344/2510 4381/4345/2492
f 4178/4346/2490 4180/4347/2494 4185/4348/2492
f 4553/4349/2484 4574/4350/2485 4560/4351/2486
f 3336/4352/2481 3318/4353/2559 3333/4354/2560
f 3555/4355/2561 3543/4356/2528 3548/4357/2489
f 3562/4358/2490 3564/4359/2494 3569/4360/2495
f 5296/4361/2504 5278/4362/2505 5293/4363/2506
f 4547/4364/2478 4530/4365/2479 4533/4366/2480
f 5095/4367/2562 5083/4368/2563 5088/4369/2564
f 3058/4370/2565 3060/4371/2522 3065/4372/2523
f 4575/4373/2478 4558/4374/2479 4561/4375/2480
f 4736/4376/2556 4718/4377/2512 4733/4378/2530
f 3863/4379/2487 3851/4380/2528 3856/4381/2489
f 4189/4382/2484 4210/4383/2485 4196/4384/2486
f 5179/4385/2562 5167/4386/2566 5172/4387/2564
f 3651/4388/2478 3634/4389/2545 3637/4390/2480
f 3315/4391/2478 3298/4392/2479 3301/4393/2480
f 5184/4394/2504 5166/4395/2505 5181/4396/2506
f 3567/4397/2478 3550/4398/2545 3553/4399/2480
f 3343/4400/2536 3326/4401/2547 3329/4402/2538
f 3702/4403/2567 3704/4404/2568 3709/4405/2544
f 4603/4406/2478 4586/4407/2479 4589/4408/2480
f 3511/4409/2478 3494/4410/2545 3497/4411/2538
f 3504/4412/2481 3486/4413/2482 3501/4414/2496
f 3763/4415/2536 3746/4416/2545 3749/4417/2480
f 3807/4418/2487 3795/4419/2546 3800/4420/2489
f 3618/4421/2555 3620/4422/2494 3625/4423/2569
f 3455/4424/2478 3438/4425/2479 3441/4426/2538
f 4148/4427/2481 4130/4428/2482 4145/4429/2496
f 4227/4430/2514 4215/4431/2515 4220/4432/2516
f 3769/4433/2484 3790/4434/2485 3776/4435/2486
f 4591/4436/2524 4579/4437/2525 4584/4438/2516
f 4570/4439/2555 4572/4440/2549 4577/4441/2535
f 3013/4442/2484 3034/4443/2533 3020/4444/2534
f 4441/4445/2484 4462/4446/2485 4448/4447/2486
f 3700/4448/2481 3682/4449/2482 3697/4450/2570
f 3366/4451/2567 3368/4452/2571 3373/4453/2544
f 3405/4454/2484 3426/4455/2485 3412/4456/2517
f 3443/4457/2497 3431/4458/2498 3436/4459/2499
f 3657/4460/2484 3678/4461/2485 3664/4462/2486
f 3954/4463/2555 3956/4464/2549 3961/4465/2550
f 3825/4466/2484 3846/4467/2485 3832/4468/2517
f 3980/4469/2481 3962/4470/2482 3977/4471/2483
f 4155/4472/2478 4138/4473/2479 4141/4474/2480
f 3730/4475/2490 3732/4476/2568 3737/4477/2544
f 3231/4478/2478 3214/4479/2479 3217/4480/2480
f 3588/4481/2481 3570/4482/2531 3585/4483/2496
f 4071/4484/2478 4054/4485/2537 4057/4486/2480
f 4283/4487/2524 4271/4488/2515 4276/4489/2516
f 4077/4490/2484 4098/4491/2485 4084/4492/2486
f 3758/4493/2490 3760/4494/2568 3765/4495/2492
f 2929/4496/2532 2950/4497/2533 2936/4498/2534
f 4204/4499/2481 4186/4500/2482 4201/4501/2496
f 4451/4502/2487 4439/4503/2540 4444/4504/2489
f 3667/4505/2524 3655/4506/2515 3660/4507/2516
f 3170/4508/2501 3172/4509/2502 3177/4510/2523
f 4435/4511/2478 4418/4512/2479 4421/4513/2538
f 2916/4514/2481 2898/4515/2519 2913/4516/2483
f 3993/4517/2484 4014/4518/2485 4000/4519/2534
f 4262/4520/2493 4264/4521/2549 4269/4522/2535
f 3349/4523/2484 3370/4524/2485 3356/4525/2486
f 3644/4526/2481 3626/4527/2531 3641/4528/2483
f 3377/4529/2484 3398/4530/2485 3384/4531/2517
f 4255/4532/2524 4243/4533/2515 4248/4534/2516
f 4033/4535/2497 4044/4536/2498 4040/4537/2499
f 4318/4538/2555 4320/4539/2549 4325/4540/2572
f 3595/4541/2478 3578/4542/2545 3581/4543/2480
f 3840/4544/2481 3822/4545/2482 3837/4546/2496
f 4507/4547/2514 4495/4548/2551 4500/4549/2516
f 3147/4550/2478 3130/4551/2479 3133/4552/2480
f 4407/4553/2478 4390/4554/2479 4393/4555/2480
f 4234/4556/2493 4236/4557/2494 4241/4558/2535
f 3623/4559/2478 3606/4560/2547 3609/4561/2480
f 3909/4562/2484 3930/4563/2485 3916/4564/2486
f 4064/4565/2481 4046/4566/2482 4061/4567/2560
f 4211/4568/2478 4194/4569/2479 4197/4570/2480
f 4087/4571/2487 4075/4572/2540 4080/4573/2489
f 4626/4574/2573 4628/4575/2574 4633/4576/2575
f 3461/4577/2484 3482/4578/2485 3468/4579/2486
f 3756/4580/2481 3738/4581/2482 3753/4582/2496
f 2873/4583/2532 2894/4584/2533 2880/4585/2534
f 3919/4586/2524 3907/4587/2515 3912/4588/2516
f 3035/4589/2478 3018/4590/2479 3021/4591/2480
f 3002/4592/2501 3004/4593/2576 3009/4594/2572
f 3310/4595/2527 3312/4596/2502 3317/4597/2523
f 3433/4598/2484 3454/4599/2485 3440/4600/2486
f 4463/4601/2478 4446/4602/2479 4449/4603/2480
f 3000/4604/2481 2982/4605/2519 2997/4606/2483
f 4143/4607/2487 4131/4608/2540 4136/4609/2489
f 4413/4610/2484 4434/4611/2485 4420/4612/2486
f 4239/4613/2478 4222/4614/2479 4225/4615/2480
f 2918/4616/2501 2920/4617/2577 2925/4618/2523
f 3399/4619/2478 3382/4620/2545 3385/4621/2538
f 4680/4622/2511 4662/4623/2512 4677/4624/2530
f 3259/4625/2478 3242/4626/2479 3245/4627/2480
f 3224/4628/2481 3206/4629/2519 3221/4630/2483
f 4066/4631/2567 4068/4632/2510 4073/4633/2544
f 4099/4634/2478 4082/4635/2547 4085/4636/2538
f 3499/4637/2487 3487/4638/2546 3492/4639/2489
f 4402/4640/2493 4404/4641/2491 4409/4642/2492
f 3898/4643/2490 3900/4644/2494 3905/4645/2495
f 3601/4646/2484 3622/4647/2485 3608/4648/2486
f 5044/4649/2556 5026/4650/2529 5041/4651/2557
f 3331/4652/2520 3319/4653/2498 3324/4654/2499
f 4122/4655/2490 4124/4656/2510 4129/4657/2492
f 3392/4658/2481 3374/4659/2482 3389/4660/2570
f 3539/4661/2478 3522/4662/2545 3525/4663/2480
f 4347/4664/2484 4326/4665/2485 4340/4666/2486
f 3450/4667/2490 3452/4668/2568 3457/4669/2544
f 5324/4670/2504 5306/4671/2505 5321/4672/2506
f 4217/4673/2484 4238/4674/2485 4224/4675/2486
f 4150/4676/2490 4152/4677/2491 4157/4678/2492
f 4848/4679/2556 4830/4680/2529 4845/4681/2557
f 3119/4682/2478 3102/4683/2479 3105/4684/2480
f 3175/4685/2478 3158/4686/2479 3161/4687/2480
f 4372/4688/2481 4354/4689/2482 4369/4690/2496
f 2951/4691/2478 2934/4692/2479 2937/4693/2480
f 3422/4694/2567 3424/4695/2568 3429/4696/2544
f 3125/4697/2532 3146/4698/2533 3132/4699/2534
f 3308/4700/2481 3290/4701/2519 3305/4702/2483
f 3371/4703/2536 3354/4704/2547 3357/4705/2480
f 3135/4706/2507 3123/4707/2508 3128/4708/2509
f 3842/4709/2490 3844/4710/2526 3849/4711/2492
f 4301/4712/2484 4322/4713/2533 4308/4714/2534
f 4469/4715/2484 4490/4716/2485 4476/4717/2486
f 3616/4718/2481 3598/4719/2531 3613/4720/2496
f 3975/4721/2524 3963/4722/2515 3968/4723/2516
f 4342/4724/2487 4352/4725/2500 4348/4726/2499
f 3674/4727/2555 3676/4728/2549 3681/4729/2550
f 3086/4730/2521 3088/4731/2522 3093/4732/2523
f 3069/4733/2532 3090/4734/2533 3076/4735/2534
f 4059/4736/2497 4047/4737/2500 4052/4738/2499
f 3819/4739/2478 3802/4740/2479 3805/4741/2480
f 3527/4742/2561 3515/4743/2528 3520/4744/2489
f 4290/4745/2555 4292/4746/2549 4297/4747/2550
f 3965/4748/2484 3986/4749/2485 3972/4750/2486
f 3056/4751/2481 3038/4752/2519 3053/4753/2483
f 3517/4754/2484 3538/4755/2485 3524/4756/2486
f 3611/4757/2561 3599/4758/2515 3604/4759/2516
f 3142/4760/2501 3144/4761/2502 3149/4762/2523
f 3707/4763/2478 3690/4764/2479 3693/4765/2480
f 3364/4766/2481 3346/4767/2559 3361/4768/2570
f 4199/4769/2487 4187/4770/2578 4192/4771/2489
f 2901/4772/2484 2922/4773/2533 2908/4774/2534
f 4514/4775/2493 4516/4776/2494 4521/4777/2535
f 3735/4778/2478 3718/4779/2545 3721/4780/2538
f 4484/4781/2481 4466/4782/2482 4481/4783/2496
f 4105/4784/2484 4126/4785/2485 4112/4786/2517
f 4596/4787/2481 4578/4788/2482 4593/4789/2496
f 3741/4790/2484 3762/4791/2485 3748/4792/2486
f 3051/4793/2507 3039/4794/2508 3044/4795/2509
f 3881/4796/2484 3902/4797/2485 3888/4798/2486
f 4542/4799/2493 4544/4800/2549 4549/4801/2535
f 3181/4802/2532 3202/4803/2533 3188/4804/2534
f 3252/4805/2481 3234/4806/2519 3249/4807/2483
f 3583/4808/2487 3571/4809/2528 3576/4810/2489
f 4491/4811/2478 4474/4812/2537 4477/4813/2480
f 3091/4814/2478 3074/4815/2479 3077/4816/2480
f 4456/4817/2481 4438/4818/2482 4453/4819/2496
f 4334/4820/2481 4351/4821/2482 4338/4822/2496
f 4525/4823/2484 4546/4824/2485 4532/4825/2486
f 3153/4826/2532 3174/4827/2533 3160/4828/2534
f 3226/4829/2501 3228/4830/2502 3233/4831/2503
f 3679/4832/2478 3662/4833/2479 3665/4834/2480
f 4568/4835/2481 4550/4836/2482 4565/4837/2483
f 4267/4838/2478 4250/4839/2479 4253/4840/2480
f 3779/4841/2487 3767/4842/2500 3772/4843/2489
f 4395/4844/2487 4383/4845/2540 4388/4846/2489
f 5309/4847/2579 5330/4848/2580 5316/4849/2581
f 4486/4850/2493 4488/4851/2494 4493/4852/2535
f 4183/4853/2536 4166/4854/2479 4169/4855/2480
f 4379/4856/2478 4362/4857/2479 4365/4858/2538
f 3959/4859/2478 3942/4860/2479 3945/4861/2480
f 3723/4862/2497 3711/4863/2500 3716/4864/2499
f 4535/4865/2514 4523/4866/2515 4528/4867/2516
f 4385/4868/2484 4406/4869/2485 4392/4870/2486
f 3280/4871/2481 3262/4872/2519 3277/4873/2483
f 3853/4874/2484 3874/4875/2485 3860/4876/2486
f 3534/4877/2490 3536/4878/2494 3541/4879/2492
f 4428/4880/2481 4410/4881/2482 4425/4882/2496
f 4708/4883/2511 4690/4884/2512 4705/4885/2530
f 3321/4886/2484 3342/4887/2485 3328/4888/2486
f 4094/4889/2490 4096/4890/2510 4101/4891/2492
f 4039/4892/2484 4018/4893/2485 4032/4894/2517
f 2979/4895/2478 2962/4896/2479 2965/4897/2480
f 3835/4898/2487 3823/4899/2528 3828/4900/2489
f 3063/4901/2478 3046/4902/2479 3049/4903/2480
f 3926/4904/2493 3928/4905/2494 3933/4906/2535
f 3870/4907/2490 3872/4908/2494 3877/4909/2495
f 4665/4910/2582 4686/4911/2583 4672/4912/2584
f 5347/4913/2585 5335/4914/2553 5340/4915/2554
f 4357/4916/2484 4378/4917/2485 4364/4918/2486
f 3338/4919/2567 3340/4920/2571 3345/4921/2586
f 3394/4922/2567 3396/4923/2568 3401/4924/2544
f 4028/4925/2481 4043/4926/2482 4030/4927/2496
f 3952/4928/2481 3934/4929/2531 3949/4930/2483
f 4721/4931/2582 4742/4932/2583 4728/4933/2584
f 4787/4934/2587 4775/4935/2588 4780/4936/2589
f 4827/4937/2590 4810/4938/2591 4813/4939/2592
f 4906/4940/2593 4908/4941/2594 4913/4942/2595
f 2888/4943/2481 2870/4944/2519 2885/4945/2483
f 4889/4946/2582 4910/4947/2596 4896/4948/2597
f 4631/4949/2590 4614/4950/2591 4617/4951/2592
f 5039/4952/2598 5027/4953/2599 5032/4954/2600
f 4794/4955/2593 4796/4956/2601 4801/4957/2602
f 5072/4958/2556 5054/4959/2529 5069/4960/2557
f 2967/4961/2507 2955/4962/2518 2960/4963/2509
f 4609/4964/2582 4630/4965/2603 4616/4966/2584
f 4799/4967/2590 4782/4968/2591 4785/4969/2592
f 4990/4970/2604 4992/4971/2605 4997/4972/2606
f 4822/4973/2593 4824/4974/2601 4829/4975/2602
f 5016/4976/2556 4998/4977/2529 5013/4978/2557
f 4833/4979/2582 4854/4980/2596 4840/4981/2597
f 4647/4982/2607 4635/4983/2608 4640/4984/2609
f 5023/4985/2610 5006/4986/2591 5009/4987/2592
f 5046/4988/2611 5048/4989/2612 5053/4990/2606
f 4624/4991/2511 4606/4992/2512 4621/4993/2530
f 5029/4994/2582 5050/4995/2613 5036/4996/2597
f 4955/4997/2607 4943/4998/2614 4948/4999/2609
f 4855/5000/2590 4838/5001/2591 4841/5002/2592
f 4654/5003/2573 4656/5004/2574 4661/5005/2615
f 4904/5006/2556 4886/5007/2529 4901/5008/2557
f 4777/5009/2582 4798/5010/2596 4784/5011/2584
f 4759/5012/2616 4747/5013/2588 4752/5014/2617
f 4715/5015/2590 4698/5016/2591 4701/5017/2592
f 4710/5018/2618 4712/5019/2619 4717/5020/2575
f 3448/5021/2481 3430/5022/2482 3445/5023/2496
f 4637/5024/2582 4658/5025/2583 4644/5026/2584
f 4911/5027/2610 4894/5028/2591 4897/5029/2592
f 4843/5030/2620 4831/5031/2621 4836/5032/2589
f 4878/5033/2593 4880/5034/2594 4885/5035/2595
f 4820/5036/2556 4802/5037/2529 4817/5038/2530
f 4771/5039/2610 4754/5040/2591 4757/5041/2592
f 5051/5042/2610 5034/5043/2591 5037/5044/2592
f 4927/5045/2620 4915/5046/2622 4920/5047/2623
f 4962/5048/2624 4964/5049/2625 4969/5050/2626
f 4988/5051/2556 4970/5052/2529 4985/5053/2557
f 4861/5054/2582 4882/5055/2596 4868/5056/2597
f 4995/5057/2610 4978/5058/2591 4981/5059/2592
f 4815/5060/2587 4803/5061/2588 4808/5062/2617
f 4934/5063/2604 4936/5064/2605 4941/5065/2595
f 4288/5066/2481 4270/5067/2519 4285/5068/2483
f 4805/5069/2582 4826/5070/2583 4812/5071/2584
f 4967/5072/2590 4950/5073/2591 4953/5074/2592
f 4871/5075/2620 4859/5076/2621 4864/5077/2589
f 4850/5078/2593 4852/5079/2627 4857/5080/2595
f 4764/5081/2511 4746/5082/2512 4761/5083/2530
f 5057/5084/2582 5078/5085/2613 5064/5086/2597
f 5079/5087/2610 5062/5088/2591 5065/5089/2592
f 3211/5090/2628 3206/4629/2519 3210/5091/2629
f 4738/5092/2630 4740/5093/2619 4745/5094/2602
f 3532/5095/2481 3514/5096/2482 3529/5097/2496
f 5001/5098/2582 5022/5099/2596 5008/5100/2597
f 5067/5101/2631 5055/5102/2632 5060/5103/2600
f 4883/5104/2590 4866/5105/2591 4869/5106/2592
f 5074/5107/2633 5076/5108/2634 5081/5109/2635
f 4176/5110/2481 4158/5111/2482 4173/5112/2496
f 4749/5113/2582 4770/5114/2596 4756/5115/2584
f 4731/5116/2616 4719/5117/2588 4724/5118/2617
f 4687/5119/2590 4670/5120/2591 4673/5121/2592
f 5018/5122/2604 5020/5123/2636 5025/5124/2606
f 5100/5125/2504 5082/5126/2505 5097/5127/2506
f 4945/5128/2637 4966/5129/2603 4952/5130/2584
f 4939/5131/2610 4922/5132/2591 4925/5133/2592
f 4899/5134/2620 4887/5135/2638 4892/5136/2623
f 4766/5137/2630 4768/5138/2601 4773/5139/2602
f 5268/5140/2504 5250/5141/2505 5265/5142/2506
f 4973/5143/2582 4994/5144/2596 4980/5145/2597
f 4659/5146/2590 4642/5147/2591 4645/5148/2592
f 5011/5149/2639 4999/5150/2622 5004/5151/2623
f 5102/5152/2640 5104/5153/2641 5109/5154/2642
f 4232/5155/2481 4214/5156/2482 4229/5157/2496
f 4917/5158/2582 4938/5159/2596 4924/5160/2597
f 4675/5161/2616 4663/5162/2608 4668/5163/2617
f 4743/5164/2610 4726/5165/2591 4729/5166/2592
f 4682/5167/2573 4684/5168/2574 4689/5169/2575
f 3084/5170/2481 3066/5171/2519 3081/5172/2483
f 4693/5173/2582 4714/5174/2583 4700/5175/2584
f 4983/5176/2643 4971/5177/2622 4976/5178/2623
f 4703/5179/2616 4691/5180/2608 4696/5181/2609
f 5085/5182/2644 5106/5183/2580 5092/5184/2645
f 4092/5185/2481 4074/5186/2482 4089/5187/2496
f 5319/5188/2646 5307/5189/2553 5312/5190/2554
f 5331/5191/2647 5314/5192/2648 5317/5193/2649
f 5151/5194/2562 5139/5195/2563 5144/5196/2650
f 5298/5197/2651 5300/5198/2652 5305/5199/2642
f 5225/5200/2579 5246/5201/2580 5232/5202/2645
f 2972/5203/2481 2954/5204/2519 2969/5205/2483
f 3791/5206/2478 3774/5207/2545 3777/5208/2538
f 5207/5209/2562 5195/5210/2553 5200/5211/2564
f 5235/5212/2562 5223/5213/2553 5228/5214/2653
f 5163/5215/2647 5146/5216/2648 5149/5217/2649
f 5326/5218/2651 5328/5219/2654 5333/5220/2642
f 5242/5221/2651 5244/5222/2655 5249/5223/2656
f 5197/5224/2644 5218/5225/2580 5204/5226/2645
f 5141/5227/2644 5162/5228/2580 5148/5229/2645
f 5128/5230/2504 5110/5231/2505 5125/5232/2506
f 5270/5233/2651 5272/5234/2655 5277/5235/2642
f 5359/5236/2647 5342/5237/2648 5345/5238/2649
f 4876/5239/2556 4858/5240/2529 4873/5241/2557
f 5354/5242/2651 5356/5243/2654 5361/5244/2657
f 5382/5245/2567 5384/5246/2658 5389/5247/2544
f 5107/5248/2647 5090/5249/2648 5093/5250/2659
f 5247/5251/2647 5230/5252/2648 5233/5253/2649
f 5156/5254/2504 5138/5255/2660 5153/5256/2506
f 5130/5257/2651 5132/5258/2641 5137/5259/2656
f 4120/5260/2481 4102/5261/2482 4117/5262/2496
f 5158/5263/2651 5160/5264/2655 5165/5265/2656
f 5281/5266/2579 5302/5267/2580 5288/5268/2645
f 4400/5269/2481 4382/5270/2482 4397/5271/2496
f 5487/5272/2541 5475/5273/2525 5480/5274/2543
f 5375/5275/2497 5363/5276/2498 5368/5277/2499
f 5169/5278/2579 5190/5279/2580 5176/5280/2645
f 5113/5281/2579 5134/5282/2580 5120/5283/2645
f 5135/5284/2647 5118/5285/2661 5121/5286/2649
f 3028/5287/2481 3010/5288/2519 3025/5289/2483
f 5291/5290/2552 5279/5291/2553 5284/5292/2554
f 5303/5293/2647 5286/5294/2648 5289/5295/2649
f 5214/5296/2651 5216/5297/2655 5221/5298/2642
f 5337/5299/2579 5358/5300/2580 5344/5301/2581
f 5123/5302/2562 5111/5303/2563 5116/5304/2564
f 3168/5305/2481 3150/5306/2519 3165/5307/2483
f 5191/5308/2647 5174/5309/2648 5177/5310/2659
f 5275/5311/2647 5258/5312/2648 5261/5313/2649
f 5186/5314/2640 5188/5315/2655 5193/5316/2642
f 5219/5317/2647 5202/5318/2648 5205/5319/2649
f 5253/5320/2644 5274/5321/2580 5260/5322/2581
f 5212/5323/2504 5194/5324/2505 5209/5325/2506
f 5403/5326/2524 5391/5327/2515 5396/5328/2516
f 5365/5329/2484 5386/5330/2485 5372/5331/2517
f 5380/5332/2481 5362/5333/2482 5377/5334/2570
f 5410/5335/2548 5412/5336/2662 5417/5337/2572
f 5387/5338/2536 5370/5339/2479 5373/5340/2538
f 5431/5341/2524 5419/5342/2525 5424/5343/2543
f 5408/5344/2481 5390/5345/2531 5405/5346/2483
f 4611/5347/2663 4606/4992/2512 4610/5348/2664
f 5438/5349/2548 5440/5350/2662 5445/5351/2572
f 5393/5352/2484 5414/5353/2485 5400/5354/2486
f 5415/5355/2478 5398/5356/2479 5401/5357/2480
f 5436/5358/2481 5418/5359/2519 5433/5360/2483
f 5443/5361/2478 5426/5362/2479 5429/5363/2480
f 2875/5364/2665 2870/4944/2519 2874/5365/2629
f 5421/5366/2484 5442/5367/2533 5428/5368/2486
f 5466/5369/2548 5468/5370/2576 5473/5371/2572
f 5471/5372/2478 5454/5373/2479 5457/5374/2480
f 5464/5375/2481 5446/5376/2519 5461/5377/2483
f 5511/5378/2567 5507/5379/2568 5505/5380/2544
f 5449/5381/2484 5470/5382/2533 5456/5383/2486
f 5494/5384/2548 5496/5385/2666 5501/5386/2572
f 5540/5387/2567 5535/5388/2510 5533/5389/2544
f 5477/5390/2484 5498/5391/2533 5484/5392/2534
f 5499/5393/2478 5482/5394/2479 5485/5395/2480
f 5517/5396/2497 5528/5397/2498 5524/5398/2499
f 5492/5399/2481 5474/5400/2531 5489/5401/2483
f 5503/5402/2478 5521/5403/2479 5519/5404/2538
f 5538/5405/2481 5555/5406/2559 5542/5407/2560
f 2987/5408/2665 2982/4605/2519 2986/5409/2629
f 5523/5410/2484 5502/5411/2485 5516/5412/2486
f 5512/5413/2481 5527/5414/2482 5514/5415/2496
f 5531/5416/2478 5549/5417/2537 5547/5418/2538
f 5571/5419/2497 5559/5420/2500 5564/5421/2499
f 5578/5422/2567 5580/5423/2510 5585/5424/2492
f 5551/5425/2484 5530/5426/2485 5544/5427/2486
f 5546/5428/2497 5556/5429/2500 5552/5430/2499
f 5561/5431/2484 5582/5432/2485 5568/5433/2517
f 5576/5434/2481 5558/5435/2482 5573/5436/2570
f 5606/5437/2490 5608/5438/2568 5613/5439/2492
f 5583/5440/2536 5566/5441/2479 5569/5442/2538
f 5599/5443/2487 5587/5444/2500 5592/5445/2489
f 5589/5446/2484 5610/5447/2485 5596/5448/2486
f 5604/5449/2481 5586/5450/2559 5601/5451/2570
f 5634/5452/2490 5636/5453/2510 5641/5454/2492
f 5611/5455/2478 5594/5456/2479 5597/5457/2538
f 5627/5458/2487 5615/5459/2540 5620/5460/2489
f 5617/5461/2484 5638/5462/2485 5624/5463/2486
f 5632/5464/2481 5614/5465/2482 5629/5466/2496
f 5662/5467/2548 5664/5468/2549 5669/5469/2535
f 5639/5470/2478 5622/5471/2479 5625/5472/2480
f 5655/5473/2487 5643/5474/2540 5648/5475/2489
f 5645/5476/2484 5666/5477/2485 5652/5478/2486
f 5660/5479/2481 5642/5480/2482 5657/5481/2483
f 5690/5482/2548 5692/5483/2666 5697/5484/2572
f 5667/5485/2478 5650/5486/2479 5653/5487/2480
f 5683/5488/2667 5671/5489/2668 5676/5490/2543
f 5673/5491/2484 5694/5492/2485 5680/5493/2534
f 5688/5494/2481 5670/5495/2482 5685/5496/2483
f 5718/5497/2548 5720/5498/2666 5725/5499/2572
f 5695/5500/2478 5678/5501/2479 5681/5502/2480
f 5711/5503/2667 5699/5504/2668 5704/5505/2543
f 5701/5506/2484 5722/5507/2533 5708/5508/2534
f 5716/5509/2481 5698/5510/2482 5713/5511/2483
f 5746/5512/2548 5748/5513/2666 5753/5514/2572
f 5723/5515/2478 5706/5516/2479 5709/5517/2480
f 5739/5518/2541 5727/5519/2525 5732/5520/2543
f 5729/5521/2484 5750/5522/2533 5736/5523/2534
f 5744/5524/2481 5726/5525/2519 5741/5526/2483
f 5774/5527/2669 5776/5528/2670 5781/5529/2671
f 5751/5530/2478 5734/5531/2479 5737/5532/2480
f 5760/5533/2672 5761/5534/2673 5755/5535/2674
f 5795/5536/2507 5783/5537/2508 5788/5538/2539
f 5757/5539/2675 5778/5540/2676 5764/5541/2677
f 5779/5542/2678 5762/5543/2679 5765/5544/2680
f 5802/5545/2501 5804/5546/2502 5809/5547/2523
f 5772/5548/2681 5754/5549/2682 5769/5550/2683
f 5785/5551/2532 5806/5552/2533 5792/5553/2534
f 5807/5554/2478 5790/5555/2479 5793/5556/2480
f 5800/5557/2481 5782/5558/2519 5797/5559/2483
f 2871/5560/2508 2875/5561/2665 2876/5562/2509
f 2873/4583/2532 2875/5563/2665 2874/5564/2629
f 2882/5565/2684 2878/4194/2479 2879/5566/2685
f 2880/4585/2534 2882/5567/2684 2883/5568/2541
f 2877/5569/2686 2882/5570/2684 2879/5571/2685
f 2889/5572/2687 2885/4945/2483 2886/5573/2688
f 2887/5574/2689 2889/5575/2687 2890/5576/2501
f 2884/5577/2690 2889/5578/2687 2886/5579/2688
f 2891/5580/2691 2896/5581/2692 2893/5582/2693
f 2896/5583/2692 2892/5584/2502 2893/5585/2693
f 2894/4584/2533 2896/5586/2692 2895/5587/2478
f 2903/5588/2665 2898/4515/2519 2902/5589/2629
f 2899/4182/2508 2903/5590/2665 2904/4183/2509
f 2901/4772/2484 2903/5591/2665 2902/5592/2629
f 2910/5593/2694 2906/4236/2479 2907/5594/2685
f 2908/4774/2534 2910/5595/2694 2911/5596/2541
f 2905/5597/2686 2910/5598/2694 2907/5599/2685
f 2917/5600/2687 2913/4516/2483 2914/5601/2688
f 2915/5602/2689 2917/5603/2687 2918/5604/2501
f 2912/5605/2690 2917/5606/2687 2914/5607/2688
f 2919/5608/2695 2924/5609/2692 2921/5610/2693
f 2924/5611/2692 2920/4617/2577 2921/5612/2693
f 2922/4773/2533 2924/5613/2692 2923/5614/2478
f 2931/5615/2696 2926/4107/2519 2930/5616/2629
f 2927/4074/2508 2931/5617/2696 2932/4075/2509
f 2929/4496/2532 2931/5618/2696 2930/5619/2629
f 2938/5620/2694 2934/4692/2479 2935/5621/2685
f 2936/4498/2534 2938/5622/2694 2939/5623/2507
f 2933/5624/2697 2938/5625/2694 2935/5626/2685
f 2945/5627/2698 2941/4108/2483 2942/5628/2699
f 2943/5629/2689 2945/5630/2698 2946/5631/2521
f 2940/5632/2700 2945/5633/2698 2942/5634/2699
f 2947/5635/2691 2952/5636/2692 2949/5637/2693
f 2952/5638/2692 2948/4188/2522 2949/5639/2693
f 2950/4497/2533 2952/5640/2692 2951/5641/2478
f 2959/5642/2696 2954/5204/2519 2958/5643/2701
f 2955/4962/2518 2959/5644/2696 2960/4963/2509
f 2957/4190/2532 2959/5645/2696 2958/5646/2701
f 2966/5647/2684 2962/4896/2479 2963/5648/2685
f 2964/4192/2534 2966/5649/2684 2967/5650/2507
f 2961/5651/2697 2966/5652/2684 2963/5653/2685
f 2973/5654/2698 2969/5205/2483 2970/5655/2699
f 2971/5656/2689 2973/5657/2698 2974/5658/2521
f 2968/5659/2700 2973/5660/2698 2970/5661/2699
f 2975/5662/2695 2980/5663/2692 2977/5664/2693
f 2980/5665/2692 2976/4089/2522 2977/5666/2693
f 2978/4191/2533 2980/5667/2692 2979/5668/2478
f 3323/5669/2702 3318/4353/2559 3322/5670/2703
f 2983/5671/2508 2987/5672/2665 2988/5673/2509
f 2985/4202/2532 2987/5674/2665 2986/5675/2629
f 2994/5676/2694 2990/4275/2479 2991/5677/2685
f 2992/4204/2534 2994/5678/2694 2995/5679/2541
f 2989/5680/2686 2994/5681/2694 2991/5682/2685
f 3001/5683/2704 2997/4606/2483 2998/5684/2688
f 2999/5685/2689 3001/5686/2704 3002/5687/2501
f 2996/5688/2700 3001/5689/2704 2998/5690/2688
f 3003/5691/2691 3008/5692/2705 3005/5693/2693
f 3008/5694/2705 3004/4593/2576 3005/5695/2693
f 3006/4203/2533 3008/5696/2705 3007/5697/2478
f 3015/5698/2665 3010/5288/2519 3014/5699/2629
f 3011/4038/2508 3015/5700/2665 3016/4039/2509
f 3013/4442/2484 3015/5701/2665 3014/5702/2629
f 3022/5703/2706 3018/4590/2479 3019/5704/2685
f 3020/4444/2534 3022/5705/2706 3023/5706/2507
f 3017/5707/2697 3022/5708/2706 3019/5709/2685
f 3029/5710/2687 3025/5289/2483 3026/5711/2688
f 3027/5712/2689 3029/5713/2687 3030/5714/2501
f 3024/5715/2700 3029/5716/2687 3026/5717/2688
f 3031/5718/2695 3036/5719/2692 3033/5720/2693
f 3036/5721/2692 3032/4320/2502 3033/5722/2693
f 3034/4443/2533 3036/5723/2692 3035/5724/2478
f 3043/5725/2696 3038/4752/2519 3042/5726/2629
f 3039/4794/2508 3043/5727/2696 3044/4795/2509
f 3041/4148/2532 3043/5728/2696 3042/5729/2629
f 3050/5730/2694 3046/4902/2479 3047/5731/2685
f 3048/4150/2534 3050/5732/2694 3051/5733/2507
f 3045/5734/2697 3050/5735/2694 3047/5736/2685
f 3057/5737/2698 3053/4753/2483 3054/5738/2688
f 3055/5739/2689 3057/5740/2698 3058/5741/2565
f 3052/5742/2700 3057/5743/2698 3054/5744/2688
f 3059/5745/2691 3064/5746/2692 3061/5747/2693
f 3064/5748/2692 3060/4371/2522 3061/5749/2693
f 3062/4149/2533 3064/5750/2692 3063/5751/2478
f 3071/5752/2696 3066/5171/2519 3070/5753/2629
f 3067/4110/2518 3071/5754/2696 3072/4111/2509
f 3069/4733/2532 3071/5755/2696 3070/5756/2629
f 3078/5757/2706 3074/4815/2479 3075/5758/2685
f 3076/4735/2534 3078/5759/2706 3079/5760/2507
f 3073/5761/2697 3078/5762/2706 3075/5763/2685
f 3085/5764/2698 3081/5172/2483 3082/5765/2699
f 3083/5766/2689 3085/5767/2698 3086/5768/2521
f 3080/5769/2700 3085/5770/2698 3082/5771/2699
f 3087/5772/2691 3092/5773/2692 3089/5774/2693
f 3092/5775/2692 3088/4731/2522 3089/5776/2693
f 3090/4734/2533 3092/5777/2692 3091/5778/2478
f 3687/5779/2702 3682/4449/2482 3686/5780/2703
f 3095/5781/2508 3099/5782/2665 3100/5783/2509
f 3097/4169/2532 3099/5784/2665 3098/5785/2629
f 3106/5786/2706 3102/4683/2479 3103/5787/2685
f 3104/4171/2534 3106/5788/2706 3107/5789/2507
f 3101/5790/2697 3106/5791/2706 3103/5792/2685
f 3113/5793/2687 3109/4342/2483 3110/5794/2688
f 3111/5795/2689 3113/5796/2687 3114/5797/2501
f 3108/5798/2707 3113/5799/2687 3110/5800/2688
f 3115/5801/2691 3120/5802/2705 3117/5803/2693
f 3120/5804/2705 3116/4029/2502 3117/5805/2693
f 3118/4170/2533 3120/5806/2705 3119/5807/2478
f 3127/5808/2628 3122/4263/2519 3126/5809/2629
f 3123/4707/2508 3127/5810/2628 3128/4708/2509
f 3125/4697/2532 3127/5811/2628 3126/5812/2629
f 3134/5813/2706 3130/4551/2479 3131/5814/2685
f 3132/4699/2534 3134/5815/2706 3135/5816/2507
f 3129/5817/2697 3134/5818/2706 3131/5819/2685
f 3141/5820/2687 3137/4264/2483 3138/5821/2699
f 3139/5822/2689 3141/5823/2687 3142/5824/2501
f 3136/5825/2700 3141/5826/2687 3138/5827/2699
f 3143/5828/2691 3148/5829/2692 3145/5830/2693
f 3148/5831/2692 3144/4761/2502 3145/5832/2693
f 3146/4698/2533 3148/5833/2692 3147/5834/2478
f 3155/5835/2696 3150/5306/2519 3154/5836/2629
f 3151/4179/2518 3155/5837/2696 3156/4180/2509
f 3153/4826/2532 3155/5838/2696 3154/5839/2629
f 3162/5840/2694 3158/4686/2479 3159/5841/2685
f 3160/4828/2534 3162/5842/2694 3163/5843/2507
f 3157/5844/2697 3162/5845/2694 3159/5846/2685
f 3169/5847/2698 3165/5307/2483 3166/5848/2699
f 3167/5849/2689 3169/5850/2698 3170/5851/2501
f 3164/5852/2700 3169/5853/2698 3166/5854/2699
f 3171/5855/2691 3176/5856/2692 3173/5857/2693
f 3176/5858/2692 3172/4509/2502 3173/5859/2693
f 3174/4827/2533 3176/5860/2692 3175/5861/2478
f 3183/5862/2696 3178/4212/2519 3182/5863/2701
f 3179/4296/2518 3183/5864/2696 3184/4297/2509
f 3181/4802/2532 3183/5865/2696 3182/5866/2701
f 3190/5867/2706 3186/4068/2479 3187/5868/2685
f 3188/4804/2534 3190/5869/2706 3191/5870/2507
f 3185/5871/2697 3190/5872/2706 3187/5873/2685
f 3197/5874/2698 3193/4213/2483 3194/5875/2699
f 3195/5876/2689 3197/5877/2698 3198/5878/2521
f 3192/5879/2700 3197/5880/2698 3194/5881/2699
f 3199/5882/2695 3204/5883/2708 3201/5884/2709
f 3204/5885/2708 3200/4248/2522 3201/5886/2709
f 3202/4803/2533 3204/5887/2708 3203/5888/2478
f 4022/5889/2710 4020/5890/2711 4024/5891/2712
f 3207/5892/2508 3211/5893/2628 3212/5894/2509
f 3209/4286/2532 3211/5895/2628 3210/5896/2629
f 3218/5897/2706 3214/4479/2479 3215/5898/2685
f 3216/4288/2534 3218/5899/2706 3219/5900/2507
f 3213/5901/2697 3218/5902/2706 3215/5903/2685
f 3225/5904/2687 3221/4630/2483 3222/5905/2699
f 3223/5906/2689 3225/5907/2687 3226/5908/2501
f 3220/5909/2707 3225/5910/2687 3222/5911/2699
f 3227/5912/2691 3232/5913/2692 3229/5914/2693
f 3232/5915/2692 3228/4830/2502 3229/5916/2693
f 3230/4287/2533 3232/5917/2692 3231/5918/2478
f 3239/5919/2628 3234/4806/2519 3238/5920/2701
f 3235/4062/2518 3239/5921/2628 3240/4063/2509
f 3237/4208/2532 3239/5922/2628 3238/5923/2701
f 3246/5924/2694 3242/4626/2479 3243/5925/2685
f 3244/4210/2534 3246/5926/2694 3247/5927/2507
f 3241/5928/2697 3246/5929/2694 3243/5930/2685
f 3253/5931/2687 3249/4807/2483 3250/5932/2699
f 3251/5933/2689 3253/5934/2687 3254/5935/2501
f 3248/5936/2700 3253/5937/2687 3250/5938/2699
f 3255/5939/2695 3260/5940/2708 3257/5941/2693
f 3260/5942/2708 3256/4332/2502 3257/5943/2693
f 3258/4209/2533 3260/5944/2708 3259/5945/2478
f 3267/5946/2628 3262/4872/2519 3266/5947/2629
f 3263/4128/2518 3267/5948/2628 3268/4129/2509
f 3265/4172/2532 3267/5949/2628 3266/5950/2629
f 3274/5951/2706 3270/4221/2479 3271/5952/2685
f 3272/4174/2534 3274/5953/2706 3275/5954/2507
f 3269/5955/2697 3274/5956/2706 3271/5957/2685
f 3281/5958/2687 3277/4873/2483 3278/5959/2699
f 3279/5960/2689 3281/5961/2687 3282/5962/2527
f 3276/5963/2700 3281/5964/2687 3278/5965/2699
f 3283/5966/2695 3288/5967/2708 3285/5968/2709
f 3288/5969/2708 3284/4116/2502 3285/5970/2709
f 3286/4173/2533 3288/5971/2708 3287/5972/2478
f 3295/5973/2628 3290/4701/2519 3294/5974/2701
f 3291/4167/2518 3295/5975/2628 3296/4168/2539
f 3293/4184/2532 3295/5976/2628 3294/5977/2701
f 3302/5978/2713 3298/4392/2479 3299/5979/2685
f 3300/4186/2534 3302/5980/2713 3303/5981/2507
f 3297/5982/2714 3302/5983/2713 3299/5984/2685
f 3309/5985/2687 3305/4702/2483 3306/5986/2699
f 3307/5987/2689 3309/5988/2687 3310/5989/2527
f 3304/5990/2700 3309/5991/2687 3306/5992/2699
f 3311/5993/2695 3316/5994/2708 3313/5995/2709
f 3316/5996/2708 3312/4596/2502 3313/5997/2709
f 3314/4185/2533 3316/5998/2708 3315/5999/2478
f 4330/6000/2710 4328/6001/2715 4332/6002/2716
f 3319/4653/2498 3323/6003/2702 3324/4654/2499
f 3321/4886/2484 3323/6004/2702 3322/6005/2703
f 3330/6006/2717 3326/4401/2547 3327/6007/2718
f 3328/4888/2486 3330/6008/2717 3331/6009/2520
f 3325/6010/2719 3330/6011/2717 3327/6012/2718
f 3337/6013/2720 3333/4354/2560 3334/6014/2721
f 3335/6015/2722 3337/6016/2720 3338/6017/2567
f 3332/6018/2723 3337/6019/2720 3334/6020/2721
f 3339/6021/2710 3344/6022/2711 3341/6023/2712
f 3344/6024/2711 3340/4920/2571 3341/6025/2712
f 3342/4887/2485 3344/6026/2711 3343/6027/2536
f 3351/6028/2702 3346/4767/2559 3350/6029/2703
f 3347/4020/2498 3351/6030/2702 3352/4021/2499
f 3349/4523/2484 3351/6031/2702 3350/6032/2703
f 3358/6033/2724 3354/4704/2547 3355/6034/2718
f 3356/4525/2486 3358/6035/2724 3359/6036/2497
f 3353/6037/2725 3358/6038/2724 3355/6039/2718
f 3365/6040/2726 3361/4768/2570 3362/6041/2721
f 3363/6042/2722 3365/6043/2726 3366/6044/2567
f 3360/6045/2727 3365/6046/2726 3362/6047/2721
f 3367/6048/2710 3372/6049/2715 3369/6050/2712
f 3372/6051/2715 3368/4452/2571 3369/6052/2712
f 3370/4524/2485 3372/6053/2715 3371/6054/2536
f 3379/6055/2702 3374/4659/2482 3378/6056/2703
f 3375/4086/2498 3379/6057/2702 3380/4087/2499
f 3377/4529/2484 3379/6058/2702 3378/6059/2703
f 3386/6060/2728 3382/4620/2545 3383/6061/2718
f 3384/4531/2517 3386/6062/2728 3387/6063/2520
f 3381/6064/2725 3386/6065/2728 3383/6066/2718
f 3393/6067/2720 3389/4660/2570 3390/6068/2721
f 3391/6069/2722 3393/6070/2720 3394/6071/2567
f 3388/6072/2727 3393/6073/2720 3390/6074/2721
f 3395/6075/2710 3400/6076/2729 3397/6077/2712
f 3400/6078/2729 3396/4923/2568 3397/6079/2712
f 3398/4530/2485 3400/6080/2729 3399/6081/2478
f 3407/6082/2702 3402/4092/2482 3406/6083/2730
f 3403/4152/2500 3407/6084/2702 3408/4153/2499
f 3405/4454/2484 3407/6085/2702 3406/6086/2730
f 3414/6087/2724 3410/4230/2545 3411/6088/2718
f 3412/4456/2517 3414/6089/2724 3415/6090/2497
f 3409/6091/2725 3414/6092/2724 3411/6093/2718
f 3421/6094/2731 3417/4093/2496 3418/6095/2721
f 3419/6096/2722 3421/6097/2731 3422/6098/2567
f 3416/6099/2732 3421/6100/2731 3418/6101/2721
f 3423/6102/2710 3428/6103/2715 3425/6104/2712
f 3428/6105/2715 3424/4695/2568 3425/6106/2712
f 3426/4455/2485 3428/6107/2715 3427/6108/2478
f 3435/6109/2702 3430/5022/2482 3434/6110/2703
f 3431/4458/2498 3435/6111/2702 3436/4459/2499
f 3433/4598/2484 3435/6112/2702 3434/6113/2703
f 3442/6114/2724 3438/4425/2479 3439/6115/2733
f 3440/4600/2486 3442/6116/2724 3443/6117/2497
f 3437/6118/2734 3442/6119/2724 3439/6120/2733
f 3449/6121/2731 3445/5023/2496 3446/6122/2735
f 3447/6123/2722 3449/6124/2731 3450/6125/2490
f 3444/6126/2727 3449/6127/2731 3446/6128/2735
f 3451/6129/2710 3456/6130/2715 3453/6131/2712
f 3456/6132/2715 3452/4668/2568 3453/6133/2712
f 3454/4599/2485 3456/6134/2715 3455/6135/2478
f 3463/6136/2736 3458/4080/2482 3462/6137/2730
f 3459/4239/2546 3463/6138/2736 3464/4240/2489
f 3461/4577/2484 3463/6139/2736 3462/6140/2730
f 3470/6141/2724 3466/4242/2547 3467/6142/2718
f 3468/4579/2486 3470/6143/2724 3471/6144/2497
f 3465/6145/2734 3470/6146/2724 3467/6147/2718
f 3477/6148/2731 3473/4081/2496 3474/6149/2735
f 3475/6150/2722 3477/6151/2731 3478/6152/2490
f 3472/6153/2737 3477/6154/2731 3474/6155/2735
f 3479/6156/2710 3484/6157/2715 3481/6158/2716
f 3484/6159/2715 3480/4224/2510 3481/6160/2716
f 3482/4578/2485 3484/6161/2715 3483/6162/2536
f 3491/6163/2702 3486/4413/2482 3490/6164/2730
f 3487/4638/2546 3491/6165/2702 3492/4639/2489
f 3489/4103/2484 3491/6166/2702 3490/6167/2730
f 3498/6168/2724 3494/4410/2545 3495/6169/2738
f 3496/4105/2486 3498/6170/2724 3499/6171/2487
f 3493/6172/2734 3498/6173/2724 3495/6174/2738
f 3505/6175/2731 3501/4414/2496 3502/6176/2735
f 3503/6177/2722 3505/6178/2731 3506/6179/2490
f 3500/6180/2737 3505/6181/2731 3502/6182/2735
f 3507/6183/2710 3512/6184/2715 3509/6185/2716
f 3512/6186/2715 3508/4101/2526 3509/6187/2716
f 3510/4104/2485 3512/6188/2715 3511/6189/2478
f 3519/6190/2702 3514/5096/2482 3518/6191/2730
f 3515/4743/2528 3519/6192/2702 3520/4744/2489
f 3517/4754/2484 3519/6193/2702 3518/6194/2730
f 3526/6195/2724 3522/4662/2545 3523/6196/2738
f 3524/4756/2486 3526/6197/2724 3527/6198/2561
f 3521/6199/2739 3526/6200/2724 3523/6201/2738
f 3533/6202/2731 3529/5097/2496 3530/6203/2735
f 3531/6204/2722 3533/6205/2731 3534/6206/2490
f 3528/6207/2740 3533/6208/2731 3530/6209/2735
f 3535/6210/2710 3540/6211/2741 3537/6212/2716
f 3540/6213/2741 3536/4878/2494 3537/6214/2716
f 3538/4755/2485 3540/6215/2741 3539/6216/2478
f 3547/6217/2702 3542/4056/2482 3546/6218/2703
f 3543/4356/2528 3547/6219/2702 3548/4357/2489
f 3545/4040/2484 3547/6220/2702 3546/6221/2703
f 3554/6222/2724 3550/4398/2545 3551/6223/2738
f 3552/4042/2486 3554/6224/2724 3555/6225/2561
f 3549/6226/2734 3554/6227/2724 3551/6228/2738
f 3561/6229/2731 3557/4057/2496 3558/6230/2735
f 3559/6231/2722 3561/6232/2731 3562/6233/2490
f 3556/6234/2740 3561/6235/2731 3558/6236/2735
f 3563/6237/2710 3568/6238/2741 3565/6239/2716
f 3568/6240/2741 3564/4359/2494 3565/6241/2716
f 3566/4041/2485 3568/6242/2741 3567/6243/2478
f 3575/6244/2702 3570/4482/2531 3574/6245/2703
f 3571/4809/2528 3575/6246/2702 3576/4810/2489
f 3573/4157/2484 3575/6247/2702 3574/6248/2703
f 3582/6249/2724 3578/4542/2545 3579/6250/2738
f 3580/4159/2486 3582/6251/2724 3583/6252/2487
f 3577/6253/2739 3582/6254/2724 3579/6255/2738
f 3589/6256/2704 3585/4483/2496 3586/6257/2742
f 3587/6258/2722 3589/6259/2704 3590/6260/2493
f 3584/6261/2743 3589/6262/2704 3586/6263/2742
f 3591/6264/2710 3596/6265/2744 3593/6266/2716
f 3596/6267/2744 3592/4155/2494 3593/6268/2716
f 3594/4158/2485 3596/6269/2744 3595/6270/2478
f 3603/6271/2736 3598/4719/2531 3602/6272/2730
f 3599/4758/2515 3603/6273/2736 3604/4759/2516
f 3601/4646/2484 3603/6274/2736 3602/6275/2730
f 3610/6276/2745 3606/4560/2547 3607/6277/2738
f 3608/4648/2486 3610/6278/2745 3611/6279/2561
f 3605/6280/2739 3610/6281/2745 3607/6282/2738
f 3617/6283/2704 3613/4720/2496 3614/6284/2742
f 3615/6285/2722 3617/6286/2704 3618/6287/2555
f 3612/6288/2743 3617/6289/2704 3614/6290/2742
f 3619/6291/2710 3624/6292/2741 3621/6293/2746
f 3624/6294/2741 3620/4422/2494 3621/6295/2746
f 3622/4647/2485 3624/6296/2741 3623/6297/2478
f 3631/6298/2665 3626/4527/2531 3630/6299/2730
f 3627/4329/2558 3631/6300/2665 3632/4330/2516
f 3629/4214/2484 3631/6301/2665 3630/6302/2730
f 3638/6303/2745 3634/4389/2545 3635/6304/2738
f 3636/4216/2486 3638/6305/2745 3639/6306/2524
f 3633/6307/2739 3638/6308/2745 3635/6309/2738
f 3645/6310/2704 3641/4528/2483 3642/6311/2747
f 3643/6312/2722 3645/6313/2704 3646/6314/2555
f 3640/6315/2743 3645/6316/2704 3642/6317/2747
f 3647/6318/2710 3652/6319/2744 3649/6320/2716
f 3652/6321/2744 3648/4272/2494 3649/6322/2716
f 3650/4215/2485 3652/6323/2744 3651/6324/2478
f 3659/6325/2665 3654/4293/2519 3658/6326/2730
f 3655/4506/2515 3659/6327/2665 3660/4507/2516
f 3657/4460/2484 3659/6328/2665 3658/6329/2730
f 3666/6330/2745 3662/4833/2479 3663/6331/2738
f 3664/4462/2486 3666/6332/2745 3667/6333/2524
f 3661/6334/2748 3666/6335/2745 3663/6336/2738
f 3673/6337/2704 3669/4294/2483 3670/6338/2749
f 3671/6339/2722 3673/6340/2704 3674/6341/2555
f 3668/6342/2743 3673/6343/2704 3670/6344/2749
f 3675/6345/2691 3680/6346/2705 3677/6347/2750
f 3680/6348/2705 3676/4728/2549 3677/6349/2750
f 3678/4461/2485 3680/6350/2705 3679/6351/2478
f 5087/6352/2751 5082/5126/2505 5086/6353/2752
f 3683/4026/2500 3687/6354/2702 3688/4027/2499
f 3685/4001/2484 3687/6355/2702 3686/6356/2703
f 3694/6357/2724 3690/4764/2479 3691/6358/2718
f 3692/4003/2486 3694/6359/2724 3695/6360/2497
f 3689/6361/2719 3694/6362/2724 3691/6363/2718
f 3701/6364/2731 3697/4450/2570 3698/6365/2721
f 3699/6366/2722 3701/6367/2731 3702/6368/2567
f 3696/6369/2732 3701/6370/2731 3698/6371/2721
f 3703/6372/2710 3708/6373/2753 3705/6374/2712
f 3708/6375/2753 3704/4404/2568 3705/6376/2712
f 3706/4002/2485 3708/6377/2753 3707/6378/2478
f 3715/6379/2702 3710/4059/2482 3714/6380/2730
f 3711/4863/2500 3715/6381/2702 3716/4864/2499
f 3713/4082/2484 3715/6382/2702 3714/6383/2730
f 3722/6384/2724 3718/4779/2545 3719/6385/2718
f 3720/4084/2486 3722/6386/2724 3723/6387/2497
f 3717/6388/2725 3722/6389/2724 3719/6390/2718
f 3729/6391/2731 3725/4060/2496 3726/6392/2721
f 3727/6393/2722 3729/6394/2731 3730/6395/2490
f 3724/6396/2732 3729/6397/2731 3726/6398/2721
f 3731/6399/2710 3736/6400/2715 3733/6401/2712
f 3736/6402/2715 3732/4476/2568 3733/6403/2712
f 3734/4083/2485 3736/6404/2715 3735/6405/2478
f 3743/6406/2702 3738/4581/2482 3742/6407/2703
f 3739/4146/2500 3743/6408/2702 3744/4147/2499
f 3741/4790/2484 3743/6409/2702 3742/6410/2703
f 3750/6411/2724 3746/4416/2545 3747/6412/2738
f 3748/4792/2486 3750/6413/2724 3751/6414/2497
f 3745/6415/2734 3750/6416/2724 3747/6417/2738
f 3757/6418/2731 3753/4582/2496 3754/6419/2735
f 3755/6420/2722 3757/6421/2731 3758/6422/2490
f 3752/6423/2737 3757/6424/2731 3754/6425/2735
f 3759/6426/2710 3764/6427/2754 3761/6428/2712
f 3764/6429/2754 3760/4494/2568 3761/6430/2712
f 3762/4791/2485 3764/6431/2754 3763/6432/2536
f 3771/6433/2702 3766/4119/2482 3770/6434/2730
f 3767/4842/2500 3771/6435/2702 3772/4843/2489
f 3769/4433/2484 3771/6436/2702 3770/6437/2730
f 3778/6438/2724 3774/5207/2545 3775/6439/2733
f 3776/4435/2486 3778/6440/2724 3779/6441/2487
f 3773/6442/2734 3778/6443/2724 3775/6444/2733
f 3785/6445/2726 3781/4120/2496 3782/6446/2735
f 3783/6447/2722 3785/6448/2726 3786/6449/2490
f 3780/6450/2732 3785/6451/2726 3782/6452/2735
f 3787/6453/2710 3792/6454/2741 3789/6455/2716
f 3792/6456/2741 3788/4284/2510 3789/6457/2716
f 3790/4434/2485 3792/6458/2741 3791/6459/2478
f 3799/6460/2736 3794/4254/2482 3798/6461/2703
f 3795/4419/2546 3799/6462/2736 3800/4420/2489
f 3797/4130/2484 3799/6463/2736 3798/6464/2703
f 3806/6465/2724 3802/4740/2479 3803/6466/2738
f 3804/4132/2517 3806/6467/2724 3807/6468/2487
f 3801/6469/2734 3806/6470/2724 3803/6471/2738
f 3813/6472/2731 3809/4255/2496 3810/6473/2735
f 3811/6474/2722 3813/6475/2731 3814/6476/2490
f 3808/6477/2737 3813/6478/2731 3810/6479/2735
f 3815/6480/2710 3820/6481/2741 3817/6482/2712
f 3820/6483/2741 3816/4044/2510 3817/6484/2712
f 3818/4131/2485 3820/6485/2741 3819/6486/2478
f 3827/6487/2702 3822/4545/2482 3826/6488/2730
f 3823/4899/2528 3827/6489/2702 3828/4900/2489
f 3825/4466/2484 3827/6490/2702 3826/6491/2730
f 3834/6492/2724 3830/4077/2479 3831/6493/2738
f 3832/4468/2517 3834/6494/2724 3835/6495/2487
f 3829/6496/2739 3834/6497/2724 3831/6498/2738
f 3841/6499/2731 3837/4546/2496 3838/6500/2735
f 3839/6501/2722 3841/6502/2731 3842/6503/2490
f 3836/6504/2737 3841/6505/2731 3838/6506/2735
f 3843/6507/2710 3848/6508/2741 3845/6509/2716
f 3848/6510/2741 3844/4710/2526 3845/6511/2716
f 3846/4467/2485 3848/6512/2741 3847/6513/2478
f 3855/6514/2755 3850/4305/2482 3854/6515/2703
f 3851/4380/2528 3855/6516/2755 3856/4381/2489
f 3853/4874/2484 3855/6517/2755 3854/6518/2703
f 3862/6519/2724 3858/4266/2479 3859/6520/2738
f 3860/4876/2486 3862/6521/2724 3863/6522/2487
f 3857/6523/2739 3862/6524/2724 3859/6525/2738
f 3869/6526/2731 3865/4306/2496 3866/6527/2742
f 3867/6528/2722 3869/6529/2731 3870/6530/2490
f 3864/6531/2743 3869/6532/2731 3866/6533/2742
f 3871/6534/2710 3876/6535/2741 3873/6536/2716
f 3876/6537/2741 3872/4908/2494 3873/6538/2716
f 3874/4875/2485 3876/6539/2741 3875/6540/2478
f 3883/6541/2702 3878/4017/2482 3882/6542/2730
f 3879/4122/2528 3883/6543/2702 3884/4123/2489
f 3881/4796/2484 3883/6544/2702 3882/6545/2730
f 3890/6546/2724 3886/3996/2479 3887/6547/2738
f 3888/4798/2486 3890/6548/2724 3891/6549/2487
f 3885/6550/2739 3890/6551/2724 3887/6552/2738
f 3897/6553/2731 3893/4018/2496 3894/6554/2747
f 3895/6555/2722 3897/6556/2731 3898/6557/2490
f 3892/6558/2743 3897/6559/2731 3894/6560/2747
f 3899/6561/2710 3904/6562/2741 3901/6563/2716
f 3904/6564/2741 3900/4644/2494 3901/6565/2716
f 3902/4797/2485 3904/6566/2741 3903/6567/2478
f 3911/6568/2665 3906/4323/2482 3910/6569/2703
f 3907/4587/2515 3911/6570/2665 3912/4588/2516
f 3909/4562/2484 3911/6571/2665 3910/6572/2703
f 3918/6573/2745 3914/4326/2479 3915/6574/2738
f 3916/4564/2486 3918/6575/2745 3919/6576/2524
f 3913/6577/2739 3918/6578/2745 3915/6579/2738
f 3925/6580/2756 3921/4324/2496 3922/6581/2742
f 3923/6582/2722 3925/6583/2756 3926/6584/2493
f 3920/6585/2743 3925/6586/2756 3922/6587/2742
f 3927/6588/2710 3932/6589/2741 3929/6590/2746
f 3932/6591/2741 3928/4905/2494 3929/6592/2746
f 3930/4563/2485 3932/6593/2741 3931/6594/2478
f 3939/6595/2665 3934/4929/2531 3938/6596/2730
f 3935/4050/2515 3939/6597/2665 3940/4051/2516
f 3937/4022/2484 3939/6598/2665 3938/6599/2730
f 3946/6600/2694 3942/4860/2479 3943/6601/2738
f 3944/4024/2486 3946/6602/2694 3947/6603/2514
f 3941/6604/2739 3946/6605/2694 3943/6606/2738
f 3953/6607/2704 3949/4930/2483 3950/6608/2749
f 3951/6609/2722 3953/6610/2704 3954/6611/2555
f 3948/6612/2743 3953/6613/2704 3950/6614/2749
f 3955/6615/2710 3960/6616/2705 3957/6617/2746
f 3960/6618/2705 3956/4464/2549 3957/6619/2746
f 3958/4023/2485 3960/6620/2705 3959/6621/2478
f 3967/6622/2665 3962/4470/2482 3966/6623/2730
f 3963/4722/2515 3967/6624/2665 3968/4723/2516
f 3965/4748/2484 3967/6625/2665 3966/6626/2730
f 3974/6627/2694 3970/4032/2479 3971/6628/2738
f 3972/4750/2486 3974/6629/2694 3975/6630/2524
f 3969/6631/2748 3974/6632/2694 3971/6633/2738
f 3981/6634/2704 3977/4471/2483 3978/6635/2749
f 3979/6636/2722 3981/6637/2704 3982/6638/2555
f 3976/6639/2743 3981/6640/2704 3978/6641/2749
f 3983/6642/2710 3988/6643/2744 3985/6644/2746
f 3988/6645/2744 3984/4317/2549 3985/6646/2746
f 3986/4749/2485 3988/6647/2744 3987/6648/2478
f 3995/6649/2665 3990/4143/2531 3994/6650/2730
f 3991/4200/2515 3995/6651/2665 3996/4201/2543
f 3993/4517/2484 3995/6652/2665 3994/6653/2730
f 4002/6654/2694 3998/4311/2479 3999/6655/2738
f 4000/4519/2534 4002/6656/2694 4003/6657/2524
f 3997/6658/2757 4002/6659/2694 3999/6660/2738
f 4009/6661/2704 4005/4144/2483 4006/6662/2749
f 4007/6663/2722 4009/6664/2704 4010/6665/2548
f 4004/6666/2758 4009/6667/2704 4006/6668/2749
f 4011/6669/2710 4016/6670/2705 4013/6671/2746
f 4016/6672/2705 4012/4245/2549 4013/6673/2746
f 4014/4518/2485 4016/6674/2705 4015/6675/2478
f 5171/6676/2751 5166/4395/2505 5170/6677/2752
f 4020/6678/2711 4023/4335/2510 4024/6679/2712
f 4018/4893/2485 4020/6680/2711 4019/6681/2536
f 4026/6682/2731 4030/4927/2496 4031/6683/2721
f 4029/6684/2727 4026/6685/2731 4031/6686/2721
f 4036/6687/2734 4034/6688/2717 4038/6689/2733
f 4025/6690/2722 4026/6691/2731 4027/6692/2490
f 4034/6693/2717 4037/4161/2537 4038/6694/2733
f 4032/4894/2517 4034/6695/2717 4033/6696/2497
f 4044/4536/2498 4041/6697/2702 4040/4537/2499
f 4039/4892/2484 4041/6698/2702 4042/6699/2703
f 4041/6700/2702 4043/4926/2482 4042/6701/2703
f 4051/6702/2702 4046/4566/2482 4050/6703/2730
f 4047/4737/2500 4051/6704/2702 4052/4738/2499
f 4049/4052/2484 4051/6705/2702 4050/6706/2730
f 4058/6707/2724 4054/4485/2537 4055/6708/2733
f 4056/4054/2517 4058/6709/2724 4059/6710/2497
f 4053/6711/2759 4058/6712/2724 4055/6713/2733
f 4065/6714/2731 4061/4567/2560 4062/6715/2721
f 4063/6716/2722 4065/6717/2731 4066/6718/2567
f 4060/6719/2737 4065/6720/2731 4062/6721/2721
f 4067/6722/2710 4072/6723/2729 4069/6724/2712
f 4072/6725/2729 4068/4632/2510 4069/6726/2712
f 4070/4053/2485 4072/6727/2729 4071/6728/2478
f 4079/6729/2702 4074/5186/2482 4078/6730/2703
f 4075/4572/2540 4079/6731/2702 4080/4573/2489
f 4077/4490/2484 4079/6732/2702 4078/6733/2703
f 4086/6734/2724 4082/4635/2547 4083/6735/2718
f 4084/4492/2486 4086/6736/2724 4087/6737/2487
f 4081/6738/2734 4086/6739/2724 4083/6740/2718
f 4093/6741/2731 4089/5187/2496 4090/6742/2735
f 4091/6743/2722 4093/6744/2731 4094/6745/2490
f 4088/6746/2732 4093/6747/2731 4090/6748/2735
f 4095/6749/2710 4100/6750/2754 4097/6751/2712
f 4100/6752/2754 4096/4890/2510 4097/6753/2712
f 4098/4491/2485 4100/6754/2754 4099/6755/2478
f 4107/6756/2702 4102/5261/2482 4106/6757/2629
f 4103/4098/2500 4107/6758/2702 4108/4099/2489
f 4105/4784/2484 4107/6759/2702 4106/6760/2629
f 4114/6761/2724 4110/4257/2479 4111/6762/2738
f 4112/4786/2517 4114/6763/2724 4115/6764/2487
f 4109/6765/2734 4114/6766/2724 4111/6767/2738
f 4121/6768/2731 4117/5262/2496 4118/6769/2735
f 4119/6770/2722 4121/6771/2731 4122/6772/2490
f 4116/6773/2737 4121/6774/2731 4118/6775/2735
f 4123/6776/2710 4128/6777/2741 4125/6778/2716
f 4128/6779/2741 4124/4656/2510 4125/6780/2716
f 4126/4785/2485 4128/6781/2741 4127/6782/2478
f 4135/6783/2702 4130/4428/2482 4134/6784/2703
f 4131/4608/2540 4135/6785/2702 4136/4609/2489
f 4133/4337/2484 4135/6786/2702 4134/6787/2703
f 4142/6788/2724 4138/4473/2479 4139/6789/2738
f 4140/4339/2486 4142/6790/2724 4143/6791/2487
f 4137/6792/2739 4142/6793/2724 4139/6794/2738
f 4149/6795/2731 4145/4429/2496 4146/6796/2735
f 4147/6797/2722 4149/6798/2731 4150/6799/2490
f 4144/6800/2737 4149/6801/2731 4146/6802/2735
f 4151/6803/2710 4156/6804/2741 4153/6805/2716
f 4156/6806/2741 4152/4677/2491 4153/6807/2716
f 4154/4338/2485 4156/6808/2741 4155/6809/2478
f 4163/6810/2702 4158/5111/2482 4162/6811/2730
f 4159/4218/2488 4163/6812/2702 4164/4219/2489
f 4161/4139/2484 4163/6813/2702 4162/6814/2730
f 4170/6815/2724 4166/4854/2479 4167/6816/2738
f 4168/4141/2486 4170/6817/2724 4171/6818/2487
f 4165/6819/2739 4170/6820/2724 4167/6821/2738
f 4177/6822/2731 4173/5112/2496 4174/6823/2747
f 4175/6824/2722 4177/6825/2731 4178/6826/2490
f 4172/6827/2760 4177/6828/2731 4174/6829/2747
f 4179/6830/2710 4184/6831/2741 4181/6832/2746
f 4184/6833/2741 4180/4347/2494 4181/6834/2746
f 4182/4140/2485 4184/6835/2741 4183/6836/2536
f 4191/6837/2755 4186/4500/2482 4190/6838/2730
f 4187/4770/2578 4191/6839/2755 4192/4771/2489
f 4189/4382/2484 4191/6840/2755 4190/6841/2730
f 4198/6842/2724 4194/4569/2479 4195/6843/2738
f 4196/4384/2486 4198/6844/2724 4199/6845/2487
f 4193/6846/2739 4198/6847/2724 4195/6848/2738
f 4205/6849/2704 4201/4501/2496 4202/6850/2747
f 4203/6851/2722 4205/6852/2704 4206/6853/2493
f 4200/6854/2743 4205/6855/2704 4202/6856/2747
f 4207/6857/2710 4212/6858/2741 4209/6859/2746
f 4212/6860/2741 4208/4011/2494 4209/6861/2746
f 4210/4383/2485 4212/6862/2741 4211/6863/2478
f 4219/6864/2761 4214/5156/2482 4218/6865/2730
f 4215/4431/2515 4219/6866/2761 4220/4432/2516
f 4217/4673/2484 4219/6867/2761 4218/6868/2730
f 4226/6869/2724 4222/4614/2479 4223/6870/2738
f 4224/4675/2486 4226/6871/2724 4227/6872/2514
f 4221/6873/2739 4226/6874/2724 4223/6875/2738
f 4233/6876/2704 4229/5157/2496 4230/6877/2747
f 4231/6878/2722 4233/6879/2704 4234/6880/2493
f 4228/6881/2743 4233/6882/2704 4230/6883/2747
f 4235/6884/2710 4240/6885/2741 4237/6886/2716
f 4240/6887/2741 4236/4557/2494 4237/6888/2716
f 4238/4674/2485 4240/6889/2741 4239/6890/2478
f 4247/6891/2762 4242/3999/2482 4246/6892/2703
f 4243/4533/2515 4247/6893/2762 4248/4534/2516
f 4245/4250/2484 4247/6894/2762 4246/6895/2703
f 4254/6896/2694 4250/4839/2479 4251/6897/2738
f 4252/4252/2486 4254/6898/2694 4255/6899/2524
f 4249/6900/2748 4254/6901/2694 4251/6902/2738
f 4261/6903/2704 4257/4000/2483 4258/6904/2742
f 4259/6905/2722 4261/6906/2704 4262/6907/2493
f 4256/6908/2743 4261/6909/2704 4258/6910/2742
f 4263/6911/2710 4268/6912/2744 4265/6913/2746
f 4268/6914/2744 4264/4521/2549 4265/6915/2746
f 4266/4251/2485 4268/6916/2744 4267/6917/2478
f 4275/6918/2665 4270/5067/2519 4274/6919/2629
f 4271/4488/2515 4275/6920/2665 4276/4489/2516
f 4273/4301/2484 4275/6921/2665 4274/6922/2629
f 4282/6923/2694 4278/4290/2479 4279/6924/2738
f 4280/4303/2486 4282/6925/2694 4283/6926/2524
f 4277/6927/2748 4282/6928/2694 4279/6929/2738
f 4289/6930/2704 4285/5068/2483 4286/6931/2749
f 4287/6932/2722 4289/6933/2704 4290/6934/2555
f 4284/6935/2758 4289/6936/2704 4286/6937/2749
f 4291/6938/2710 4296/6939/2705 4293/6940/2746
f 4296/6941/2705 4292/4746/2549 4293/6942/2746
f 4294/4302/2485 4296/6943/2705 4295/6944/2478
f 4303/6945/2665 4298/4071/2519 4302/6946/2629
f 4299/4314/2515 4303/6947/2665 4304/4315/2516
f 4301/4712/2484 4303/6948/2665 4302/6949/2629
f 4310/6950/2694 4306/4014/2479 4307/6951/2738
f 4308/4714/2534 4310/6952/2694 4311/6953/2514
f 4305/6954/2748 4310/6955/2694 4307/6956/2738
f 4317/6957/2704 4313/4072/2483 4314/6958/2749
f 4315/6959/2722 4317/6960/2704 4318/6961/2555
f 4312/6962/2758 4317/6963/2704 4314/6964/2749
f 4319/6965/2710 4324/6966/2705 4321/6967/2746
f 4324/6968/2705 4320/4539/2549 4321/6969/2746
f 4322/4713/2533 4324/6970/2705 4323/6971/2478
f 5451/6972/2665 5446/5376/2519 5450/6973/2730
f 4328/6974/2715 4331/4206/2510 4332/6975/2716
f 4326/4665/2485 4328/6976/2715 4327/6977/2478
f 4335/6978/2731 4338/4822/2496 4339/6979/2721
f 4333/6980/2722 4335/6981/2731 4336/6982/2490
f 4337/6983/2737 4335/6984/2731 4339/6985/2721
f 4341/6986/2724 4345/4113/2479 4346/6987/2733
f 4344/6988/2759 4341/6989/2724 4346/6990/2733
f 4352/4725/2500 4349/6991/2702 4348/4726/2499
f 4340/4666/2486 4341/6992/2724 4342/6993/2487
f 4347/4664/2484 4349/6994/2702 4350/6995/2730
f 4349/6996/2702 4351/4821/2482 4350/6997/2730
f 4359/6998/2702 4354/4689/2482 4358/6999/2730
f 4355/4176/2540 4359/7000/2702 4360/4177/2489
f 4357/4916/2484 4359/7001/2702 4358/7002/2730
f 4366/7003/2724 4362/4857/2479 4363/7004/2718
f 4364/4918/2486 4366/7005/2724 4367/7006/2487
f 4361/7007/2759 4366/7008/2724 4363/7009/2718
f 4373/7010/2731 4369/4690/2496 4370/7011/2735
f 4371/7012/2722 4373/7013/2731 4374/7014/2490
f 4368/7015/2732 4373/7016/2731 4370/7017/2735
f 4375/7018/2710 4380/7019/2754 4377/7020/2716
f 4380/7021/2754 4376/4344/2510 4377/7022/2716
f 4378/4917/2485 4380/7023/2754 4379/7024/2478
f 4387/7025/2755 4382/5270/2482 4386/7026/2730
f 4383/4845/2540 4387/7027/2755 4388/4846/2489
f 4385/4868/2484 4387/7028/2755 4386/7029/2730
f 4394/7030/2724 4390/4554/2479 4391/7031/2738
f 4392/4870/2486 4394/7032/2724 4395/7033/2487
f 4389/7034/2759 4394/7035/2724 4391/7036/2738
f 4401/7037/2763 4397/5271/2496 4398/7038/2735
f 4399/7039/2722 4401/7040/2763 4402/7041/2493
f 4396/7042/2737 4401/7043/2763 4398/7044/2735
f 4403/7045/2710 4408/7046/2754 4405/7047/2746
f 4408/7048/2754 4404/4641/2491 4405/7049/2746
f 4406/4869/2485 4408/7050/2754 4407/7051/2478
f 4415/7052/2702 4410/4881/2482 4414/7053/2703
f 4411/4005/2488 4415/7054/2702 4416/4006/2489
f 4413/4610/2484 4415/7055/2702 4414/7056/2703
f 4422/7057/2764 4418/4512/2479 4419/7058/2738
f 4420/4612/2486 4422/7059/2764 4423/7060/2487
f 4417/7061/2765 4422/7062/2764 4419/7063/2738
f 4429/7064/2731 4425/4882/2496 4426/7065/2735
f 4427/7066/2722 4429/7067/2731 4430/7068/2490
f 4424/7069/2737 4429/7070/2731 4426/7071/2735
f 4431/7072/2710 4436/7073/2741 4433/7074/2716
f 4436/7075/2741 4432/4137/2510 4433/7076/2716
f 4434/4611/2485 4436/7077/2741 4435/7078/2478
f 4443/7079/2702 4438/4818/2482 4442/7080/2730
f 4439/4503/2540 4443/7081/2702 4444/4504/2489
f 4441/4445/2484 4443/7082/2702 4442/7083/2730
f 4450/7084/2724 4446/4602/2479 4447/7085/2738
f 4448/4447/2486 4450/7086/2724 4451/7087/2487
f 4445/7088/2765 4450/7089/2724 4447/7090/2738
f 4457/7091/2731 4453/4819/2496 4454/7092/2747
f 4455/7093/2722 4457/7094/2731 4458/7095/2490
f 4452/7096/2760 4457/7097/2731 4454/7098/2747
f 4459/7099/2710 4464/7100/2741 4461/7101/2716
f 4464/7102/2741 4460/4008/2491 4461/7103/2716
f 4462/4446/2485 4464/7104/2741 4463/7105/2478
f 4471/7106/2762 4466/4782/2482 4470/7107/2730
f 4467/4260/2551 4471/7108/2762 4472/4261/2516
f 4469/4715/2484 4471/7109/2762 4470/7110/2730
f 4478/7111/2724 4474/4812/2537 4475/7112/2738
f 4476/4717/2486 4478/7113/2724 4479/7114/2514
f 4473/7115/2765 4478/7116/2724 4475/7117/2738
f 4485/7118/2704 4481/4783/2496 4482/7119/2747
f 4483/7120/2722 4485/7121/2704 4486/7122/2493
f 4480/7123/2743 4485/7124/2704 4482/7125/2747
f 4487/7126/2710 4492/7127/2744 4489/7128/2746
f 4492/7129/2744 4488/4851/2494 4489/7130/2746
f 4490/4716/2485 4492/7131/2744 4491/7132/2478
f 4499/7133/2755 4494/4164/2482 4498/7134/2629
f 4495/4548/2551 4499/7135/2755 4500/4549/2516
f 4497/4064/2484 4499/7136/2755 4498/7137/2629
f 4506/7138/2745 4502/4233/2479 4503/7139/2738
f 4504/4066/2486 4506/7140/2745 4507/7141/2514
f 4501/7142/2765 4506/7143/2745 4503/7144/2738
f 4513/7145/2704 4509/4165/2496 4510/7146/2747
f 4511/7147/2722 4513/7148/2704 4514/7149/2493
f 4508/7150/2743 4513/7151/2704 4510/7152/2747
f 4515/7153/2766 4520/7154/2741 4517/7155/2746
f 4520/7156/2741 4516/4776/2494 4517/7157/2746
f 4518/4065/2485 4520/7158/2741 4519/7159/2478
f 4527/7160/2665 4522/4197/2482 4526/7161/2730
f 4523/4866/2515 4527/7162/2665 4528/4867/2516
f 4525/4823/2484 4527/7163/2665 4526/7164/2730
f 4534/7165/2694 4530/4365/2479 4531/7166/2738
f 4532/4825/2486 4534/7167/2694 4535/7168/2514
f 4529/7169/2739 4534/7170/2694 4531/7171/2738
f 4541/7172/2704 4537/4198/2496 4538/7173/2747
f 4539/7174/2722 4541/7175/2704 4542/7176/2493
f 4536/7177/2743 4541/7178/2704 4538/7179/2747
f 4543/7180/2710 4548/7181/2744 4545/7182/2746
f 4548/7183/2744 4544/4800/2549 4545/7184/2746
f 4546/4824/2485 4548/7185/2744 4547/7186/2478
f 4555/7187/2665 4550/4836/2482 4554/7188/2629
f 4551/4308/2551 4555/7189/2665 4556/4309/2516
f 4553/4349/2484 4555/7190/2665 4554/7191/2629
f 4562/7192/2694 4558/4374/2479 4559/7193/2738
f 4560/4351/2486 4562/7194/2694 4563/7195/2514
f 4557/7196/2748 4562/7197/2694 4559/7198/2738
f 4569/7199/2704 4565/4837/2483 4566/7200/2747
f 4567/7201/2722 4569/7202/2704 4570/7203/2555
f 4564/7204/2758 4569/7205/2704 4566/7206/2747
f 4571/7207/2710 4576/7208/2705 4573/7209/2746
f 4576/7210/2705 4572/4440/2549 4573/7211/2746
f 4574/4350/2485 4576/7212/2705 4575/7213/2478
f 4583/7214/2762 4578/4788/2482 4582/7215/2629
f 4579/4437/2525 4583/7216/2762 4584/4438/2516
f 4581/4280/2484 4583/7217/2762 4582/7218/2629
f 4590/7219/2694 4586/4407/2479 4587/7220/2738
f 4588/4282/2534 4590/7221/2694 4591/7222/2524
f 4585/7223/2748 4590/7224/2694 4587/7225/2738
f 4597/7226/2704 4593/4789/2496 4594/7227/2749
f 4595/7228/2722 4597/7229/2704 4598/7230/2555
f 4592/7231/2758 4597/7232/2704 4594/7233/2749
f 4599/7234/2710 4604/7235/2705 4601/7236/2746
f 4604/7237/2705 4600/4299/2549 4601/7238/2746
f 4602/4281/2485 4604/7239/2705 4603/7240/2478
f 5255/7241/2751 5250/5141/2505 5254/7242/2752
f 4607/7243/2767 4611/7244/2663 4612/7245/2609
f 4609/4964/2582 4611/7246/2663 4610/7247/2664
f 4618/7248/2768 4614/4950/2591 4615/7249/2769
f 4616/4966/2584 4618/7250/2768 4619/7251/2607
f 4613/7252/2770 4618/7253/2768 4615/7254/2769
f 4625/7255/2771 4621/4993/2530 4622/7256/2772
f 4623/7257/2773 4625/7258/2771 4626/7259/2573
f 4620/7260/2774 4625/7261/2771 4622/7262/2772
f 4627/7263/2775 4632/7264/2776 4629/7265/2777
f 4632/7266/2776 4628/4575/2574 4629/7267/2777
f 4630/4965/2603 4632/7268/2776 4631/7269/2590
f 4639/7270/2663 4634/4227/2512 4638/7271/2664
f 4635/4983/2608 4639/7272/2663 4640/4984/2609
f 4637/5024/2582 4639/7273/2663 4638/7274/2664
f 4646/7275/2778 4642/5147/2591 4643/7276/2769
f 4644/5026/2584 4646/7277/2778 4647/7278/2607
f 4641/7279/2779 4646/7280/2778 4643/7281/2769
f 4653/7282/2771 4649/4228/2513 4650/7283/2780
f 4651/7284/2773 4653/7285/2771 4654/7286/2573
f 4648/7287/2781 4653/7288/2771 4650/7289/2780
f 4655/7290/2775 4660/7291/2782 4657/7292/2777
f 4660/7293/2782 4656/5004/2574 4657/7294/2777
f 4658/5025/2583 4660/7295/2782 4659/7296/2590
f 4667/7297/2663 4662/4623/2512 4666/7298/2664
f 4663/5162/2608 4667/7299/2663 4668/5163/2617
f 4665/4910/2582 4667/7300/2663 4666/7301/2664
f 4674/7302/2778 4670/5120/2591 4671/7303/2769
f 4672/4912/2584 4674/7304/2778 4675/7305/2616
f 4669/7306/2779 4674/7307/2778 4671/7308/2769
f 4681/7309/2771 4677/4624/2530 4678/7310/2780
f 4679/7311/2773 4681/7312/2771 4682/7313/2573
f 4676/7314/2783 4681/7315/2771 4678/7316/2780
f 4683/7317/2775 4688/7318/2782 4685/7319/2777
f 4688/7320/2782 4684/5168/2574 4685/7321/2777
f 4686/4911/2583 4688/7322/2782 4687/7323/2590
f 4695/7324/2663 4690/4884/2512 4694/7325/2784
f 4691/5180/2608 4695/7326/2663 4696/5181/2609
f 4693/5173/2582 4695/7327/2663 4694/7328/2784
f 4702/7329/2778 4698/5016/2591 4699/7330/2769
f 4700/5175/2584 4702/7331/2778 4703/7332/2616
f 4697/7333/2779 4702/7334/2778 4699/7335/2769
f 4709/7336/2785 4705/4885/2530 4706/7337/2780
f 4707/7338/2773 4709/7339/2785 4710/7340/2618
f 4704/7341/2783 4709/7342/2785 4706/7343/2780
f 4711/7344/2775 4716/7345/2786 4713/7346/2777
f 4716/7347/2786 4712/5019/2619 4713/7348/2777
f 4714/5174/2583 4716/7349/2786 4715/7350/2590
f 4723/7351/2663 4718/4377/2512 4722/7352/2664
f 4719/5117/2588 4723/7353/2663 4724/5118/2617
f 4721/4931/2582 4723/7354/2663 4722/7355/2664
f 4730/7356/2778 4726/5165/2591 4727/7357/2769
f 4728/4933/2584 4730/7358/2778 4731/7359/2616
f 4725/7360/2779 4730/7361/2778 4727/7362/2769
f 4737/7363/2785 4733/4378/2530 4734/7364/2780
f 4735/7365/2787 4737/7366/2785 4738/7367/2630
f 4732/7368/2781 4737/7369/2785 4734/7370/2780
f 4739/7371/2775 4744/7372/2782 4741/7373/2788
f 4744/7374/2782 4740/5093/2619 4741/7375/2788
f 4742/4932/2583 4744/7376/2782 4743/7377/2610
f 4751/7378/2663 4746/5082/2512 4750/7379/2664
f 4747/5013/2588 4751/7380/2663 4752/5014/2617
f 4749/5113/2582 4751/7381/2663 4750/7382/2664
f 4758/7383/2778 4754/5040/2591 4755/7384/2789
f 4756/5115/2584 4758/7385/2778 4759/7386/2616
f 4753/7387/2790 4758/7388/2778 4755/7389/2789
f 4765/7390/2785 4761/5083/2530 4762/7391/2791
f 4763/7392/2773 4765/7393/2785 4766/7394/2630
f 4760/7395/2792 4765/7396/2785 4762/7397/2791
f 4767/7398/2775 4772/7399/2782 4769/7400/2788
f 4772/7401/2782 4768/5138/2601 4769/7402/2788
f 4770/5114/2596 4772/7403/2782 4771/7404/2610
f 4779/7405/2663 4774/4125/2529 4778/7406/2664
f 4775/4935/2588 4779/7407/2663 4780/4936/2589
f 4777/5009/2582 4779/7408/2663 4778/7409/2664
f 4786/7410/2778 4782/4968/2591 4783/7411/2769
f 4784/5011/2584 4786/7412/2778 4787/7413/2587
f 4781/7414/2790 4786/7415/2778 4783/7416/2769
f 4793/7417/2785 4789/4126/2530 4790/7418/2791
f 4791/7419/2787 4793/7420/2785 4794/7421/2593
f 4788/7422/2792 4793/7423/2785 4790/7424/2791
f 4795/7425/2775 4800/7426/2782 4797/7427/2788
f 4800/7428/2782 4796/4956/2601 4797/7429/2788
f 4798/5010/2596 4800/7430/2782 4799/7431/2590
f 4807/7432/2663 4802/5037/2529 4806/7433/2664
f 4803/5061/2588 4807/7434/2663 4808/5062/2617
f 4805/5069/2582 4807/7435/2663 4806/7436/2664
f 4814/7437/2793 4810/4938/2591 4811/7438/2769
f 4812/5071/2584 4814/7439/2793 4815/7440/2587
f 4809/7441/2790 4814/7442/2793 4811/7443/2769
f 4821/7444/2794 4817/5038/2530 4818/7445/2795
f 4819/7446/2787 4821/7447/2794 4822/7448/2593
f 4816/7449/2792 4821/7450/2794 4818/7451/2795
f 4823/7452/2775 4828/7453/2796 4825/7454/2797
f 4828/7455/2796 4824/4974/2601 4825/7456/2797
f 4826/5070/2583 4828/7457/2796 4827/7458/2590
f 4835/7459/2798 4830/4680/2529 4834/7460/2664
f 4831/5031/2621 4835/7461/2798 4836/5032/2589
f 4833/4979/2582 4835/7462/2798 4834/7463/2664
f 4842/7464/2793 4838/5001/2591 4839/7465/2799
f 4840/4981/2597 4842/7466/2793 4843/7467/2620
f 4837/7468/2800 4842/7469/2793 4839/7470/2799
f 4849/7471/2785 4845/4681/2557 4846/7472/2801
f 4847/7473/2787 4849/7474/2785 4850/7475/2593
f 4844/7476/2802 4849/7477/2785 4846/7478/2801
f 4851/7479/2775 4856/7480/2803 4853/7481/2804
f 4856/7482/2803 4852/5079/2627 4853/7483/2804
f 4854/4980/2596 4856/7484/2803 4855/7485/2590
f 4863/7486/2798 4858/5240/2529 4862/7487/2664
f 4859/5076/2621 4863/7488/2798 4864/5077/2589
f 4861/5054/2582 4863/7489/2798 4862/7490/2664
f 4870/7491/2793 4866/5105/2591 4867/7492/2799
f 4868/5056/2597 4870/7493/2793 4871/7494/2620
f 4865/7495/2800 4870/7496/2793 4867/7497/2799
f 4877/7498/2805 4873/5241/2557 4874/7499/2795
f 4875/7500/2787 4877/7501/2805 4878/7502/2593
f 4872/7503/2802 4877/7504/2805 4874/7505/2795
f 4879/7506/2775 4884/7507/2806 4881/7508/2804
f 4884/7509/2806 4880/5034/2594 4881/7510/2804
f 4882/5055/2596 4884/7511/2806 4883/7512/2590
f 4891/7513/2798 4886/5007/2529 4890/7514/2664
f 4887/5135/2638 4891/7515/2798 4892/5136/2623
f 4889/4946/2582 4891/7516/2798 4890/7517/2664
f 4898/7518/2793 4894/5028/2591 4895/7519/2789
f 4896/4948/2597 4898/7520/2793 4899/7521/2620
f 4893/7522/2807 4898/7523/2793 4895/7524/2789
f 4905/7525/2805 4901/5008/2557 4902/7526/2801
f 4903/7527/2787 4905/7528/2805 4906/7529/2593
f 4900/7530/2808 4905/7531/2805 4902/7532/2801
f 4907/7533/2775 4912/7534/2809 4909/7535/2804
f 4912/7536/2809 4908/4941/2594 4909/7537/2804
f 4910/4947/2596 4912/7538/2809 4911/7539/2610
f 4919/7540/2798 4914/4278/2529 4918/7541/2664
f 4915/5046/2622 4919/7542/2798 4920/5047/2623
f 4917/5158/2582 4919/7543/2798 4918/7544/2664
f 4926/7545/2810 4922/5132/2591 4923/7546/2799
f 4924/5160/2597 4926/7547/2810 4927/7548/2620
f 4921/7549/2807 4926/7550/2810 4923/7551/2799
f 4933/7552/2811 4929/4279/2557 4930/7553/2801
f 4931/7554/2812 4933/7555/2811 4934/7556/2604
f 4928/7557/2808 4933/7558/2811 4930/7559/2801
f 4935/7560/2775 4940/7561/2809 4937/7562/2804
f 4940/7563/2809 4936/5064/2605 4937/7564/2804
f 4938/5159/2596 4940/7565/2809 4939/7566/2610
f 4947/7567/2663 4942/4047/2512 4946/7568/2784
f 4943/4998/2614 4947/7569/2663 4948/4999/2609
f 4945/5128/2637 4947/7570/2663 4946/7571/2784
f 4954/7572/2778 4950/5073/2591 4951/7573/2813
f 4952/5130/2584 4954/7574/2778 4955/7575/2607
f 4949/7576/2770 4954/7577/2778 4951/7578/2813
f 4961/7579/2771 4957/4048/2513 4958/7580/2814
f 4959/7581/2773 4961/7582/2771 4962/7583/2624
f 4956/7584/2815 4961/7585/2771 4958/7586/2814
f 4963/7587/2775 4968/7588/2782 4965/7589/2777
f 4968/7590/2782 4964/5049/2625 4965/7591/2777
f 4966/5129/2603 4968/7592/2782 4967/7593/2590
f 4975/7594/2816 4970/5052/2529 4974/7595/2664
f 4971/5177/2622 4975/7596/2816 4976/5178/2623
f 4973/5143/2582 4975/7597/2816 4974/7598/2664
f 4982/7599/2810 4978/5058/2591 4979/7600/2799
f 4980/5145/2597 4982/7601/2810 4983/7602/2643
f 4977/7603/2817 4982/7604/2810 4979/7605/2799
f 4989/7606/2805 4985/5053/2557 4986/7607/2801
f 4987/7608/2812 4989/7609/2805 4990/7610/2604
f 4984/7611/2818 4989/7612/2805 4986/7613/2801
f 4991/7614/2775 4996/7615/2809 4993/7616/2819
f 4996/7617/2809 4992/4971/2605 4993/7618/2819
f 4994/5144/2596 4996/7619/2809 4995/7620/2610
f 5003/7621/2816 4998/4977/2529 5002/7622/2664
f 4999/5150/2622 5003/7623/2816 5004/5151/2623
f 5001/5098/2582 5003/7624/2816 5002/7625/2664
f 5010/7626/2810 5006/4986/2591 5007/7627/2799
f 5008/5100/2597 5010/7628/2810 5011/7629/2639
f 5005/7630/2817 5010/7631/2810 5007/7632/2799
f 5017/7633/2820 5013/4978/2557 5014/7634/2821
f 5015/7635/2812 5017/7636/2820 5018/7637/2604
f 5012/7638/2822 5017/7639/2820 5014/7640/2821
f 5019/7641/2775 5024/7642/2809 5021/7643/2823
f 5024/7644/2809 5020/5123/2636 5021/7645/2823
f 5022/5099/2596 5024/7646/2809 5023/7647/2610
f 5031/7648/2816 5026/4650/2529 5030/7649/2664
f 5027/4953/2599 5031/7650/2816 5032/4954/2600
f 5029/4994/2582 5031/7651/2816 5030/7652/2664
f 5038/7653/2824 5034/5043/2591 5035/7654/2799
f 5036/4996/2597 5038/7655/2824 5039/7656/2598
f 5033/7657/2825 5038/7658/2824 5035/7659/2799
f 5045/7660/2826 5041/4651/2557 5042/7661/2827
f 5043/7662/2812 5045/7663/2826 5046/7664/2611
f 5040/7665/2828 5045/7666/2826 5042/7667/2827
f 5047/7668/2775 5052/7669/2829 5049/7670/2830
f 5052/7671/2829 5048/4989/2612 5049/7672/2830
f 5050/4995/2613 5052/7673/2829 5051/7674/2610
f 5059/7675/2831 5054/4959/2529 5058/7676/2664
f 5055/5102/2632 5059/7677/2831 5060/5103/2600
f 5057/5084/2582 5059/7678/2831 5058/7679/2664
f 5066/7680/2824 5062/5088/2591 5063/7681/2832
f 5064/5086/2597 5066/7682/2824 5067/7683/2631
f 5061/7684/2833 5066/7685/2824 5063/7686/2832
f 5073/7687/2826 5069/4960/2557 5070/7688/2834
f 5071/7689/2835 5073/7690/2826 5074/7691/2633
f 5068/7692/2836 5073/7693/2826 5070/7694/2834
f 5075/7695/2775 5080/7696/2837 5077/7697/2838
f 5080/7698/2837 5076/5108/2634 5077/7699/2838
f 5078/5085/2613 5080/7700/2837 5079/7701/2610
f 4619/7702/2607 4607/7243/2767 4612/7245/2609
f 5083/4368/2563 5087/7703/2751 5088/4369/2564
f 5085/5182/2644 5087/7704/2751 5086/7705/2752
f 5094/7706/2839 5090/5249/2648 5091/7707/2840
f 5092/5184/2645 5094/7708/2839 5095/7709/2562
f 5089/7710/2841 5094/7711/2839 5091/7712/2840
f 5101/7713/2842 5097/5127/2506 5098/7714/2843
f 5099/7715/2844 5101/7716/2842 5102/7717/2640
f 5096/7718/2845 5101/7719/2842 5098/7720/2843
f 5103/7721/2846 5108/7722/2847 5105/7723/2848
f 5108/7724/2847 5104/5153/2641 5105/7725/2848
f 5106/5183/2580 5108/7726/2847 5107/7727/2647
f 5115/7728/2751 5110/5231/2505 5114/7729/2752
f 5111/5303/2563 5115/7730/2751 5116/5304/2564
f 5113/5281/2579 5115/7731/2751 5114/7732/2752
f 5122/7733/2839 5118/5285/2661 5119/7734/2840
f 5120/5283/2645 5122/7735/2839 5123/7736/2562
f 5117/7737/2841 5122/7738/2839 5119/7739/2840
f 5129/7740/2842 5125/5232/2506 5126/7741/2843
f 5127/7742/2844 5129/7743/2842 5130/7744/2651
f 5124/7745/2849 5129/7746/2842 5126/7747/2843
f 5131/7748/2846 5136/7749/2850 5133/7750/2848
f 5136/7751/2850 5132/5258/2641 5133/7752/2848
f 5134/5282/2580 5136/7753/2850 5135/7754/2647
f 5143/7755/2751 5138/5255/2660 5142/7756/2752
f 5139/5195/2563 5143/7757/2751 5144/5196/2650
f 5141/5227/2644 5143/7758/2751 5142/7759/2752
f 5150/7760/2839 5146/5216/2648 5147/7761/2840
f 5148/5229/2645 5150/7762/2839 5151/7763/2562
f 5145/7764/2841 5150/7765/2839 5147/7766/2840
f 5157/7767/2842 5153/5256/2506 5154/7768/2843
f 5155/7769/2844 5157/7770/2842 5158/7771/2651
f 5152/7772/2849 5157/7773/2842 5154/7774/2843
f 5159/7775/2846 5164/7776/2850 5161/7777/2851
f 5164/7778/2850 5160/5264/2655 5161/7779/2851
f 5162/5228/2580 5164/7780/2850 5163/7781/2647
f 5395/7782/2665 5390/5345/2531 5394/7783/2852
f 5167/4386/2566 5171/7784/2751 5172/4387/2564
f 5169/5278/2579 5171/7785/2751 5170/7786/2752
f 5178/7787/2839 5174/5309/2648 5175/7788/2840
f 5176/5280/2645 5178/7789/2839 5179/7790/2562
f 5173/7791/2841 5178/7792/2839 5175/7793/2840
f 5185/7794/2842 5181/4396/2506 5182/7795/2853
f 5183/7796/2844 5185/7797/2842 5186/7798/2640
f 5180/7799/2845 5185/7800/2842 5182/7801/2853
f 5187/7802/2846 5192/7803/2850 5189/7804/2848
f 5192/7805/2850 5188/5315/2655 5189/7806/2848
f 5190/5279/2580 5192/7807/2850 5191/7808/2647
f 5199/7809/2751 5194/5324/2505 5198/7810/2752
f 5195/5210/2553 5199/7811/2751 5200/5211/2564
f 5197/5224/2644 5199/7812/2751 5198/7813/2752
f 5206/7814/2839 5202/5318/2648 5203/7815/2840
f 5204/5226/2645 5206/7816/2839 5207/7817/2562
f 5201/7818/2841 5206/7819/2839 5203/7820/2840
f 5213/7821/2842 5209/5325/2506 5210/7822/2843
f 5211/7823/2844 5213/7824/2842 5214/7825/2651
f 5208/7826/2854 5213/7827/2842 5210/7828/2843
f 5215/7829/2846 5220/7830/2850 5217/7831/2855
f 5220/7832/2850 5216/5297/2655 5217/7833/2855
f 5218/5225/2580 5220/7834/2850 5219/7835/2647
f 5227/7836/2751 5222/4134/2505 5226/7837/2752
f 5223/5213/2553 5227/7838/2751 5228/5214/2653
f 5225/5200/2579 5227/7839/2751 5226/7840/2752
f 5234/7841/2839 5230/5252/2648 5231/7842/2840
f 5232/5202/2645 5234/7843/2839 5235/7844/2562
f 5229/7845/2856 5234/7846/2839 5231/7847/2840
f 5241/7848/2857 5237/4135/2506 5238/7849/2843
f 5239/7850/2844 5241/7851/2857 5242/7852/2651
f 5236/7853/2858 5241/7854/2857 5238/7855/2843
f 5243/7856/2859 5248/7857/2850 5245/7858/2851
f 5248/7859/2850 5244/5222/2655 5245/7860/2851
f 5246/5201/2580 5248/7861/2850 5247/7862/2647
f 5367/7863/2860 5362/5333/2482 5366/7864/2703
f 5251/4269/2553 5255/7865/2751 5256/4270/2554
f 5253/5320/2644 5255/7866/2751 5254/7867/2752
f 5262/7868/2861 5258/5312/2648 5259/7869/2862
f 5260/5322/2581 5262/7870/2861 5263/7871/2552
f 5257/7872/2863 5262/7873/2861 5259/7874/2862
f 5269/7875/2857 5265/5142/2506 5266/7876/2843
f 5267/7877/2844 5269/7878/2857 5270/7879/2651
f 5264/7880/2864 5269/7881/2857 5266/7882/2843
f 5271/7883/2859 5276/7884/2865 5273/7885/2848
f 5276/7886/2865 5272/5234/2655 5273/7887/2848
f 5274/5321/2580 5276/7888/2865 5275/7889/2647
f 5283/7890/2751 5278/4362/2505 5282/7891/2752
f 5279/5291/2553 5283/7892/2751 5284/5292/2554
f 5281/5266/2579 5283/7893/2751 5282/7894/2752
f 5290/7895/2861 5286/5294/2648 5287/7896/2862
f 5288/5268/2645 5290/7897/2861 5291/7898/2552
f 5285/7899/2863 5290/7900/2861 5287/7901/2862
f 5297/7902/2857 5293/4363/2506 5294/7903/2853
f 5295/7904/2844 5297/7905/2857 5298/7906/2651
f 5292/7907/2864 5297/7908/2857 5294/7909/2853
f 5299/7910/2859 5304/7911/2865 5301/7912/2855
f 5304/7913/2865 5300/5198/2652 5301/7914/2855
f 5302/5267/2580 5304/7915/2865 5303/7916/2647
f 5311/7917/2751 5306/4671/2505 5310/7918/2752
f 5307/5189/2553 5311/7919/2751 5312/5190/2554
f 5309/4847/2579 5311/7920/2751 5310/7921/2752
f 5318/7922/2861 5314/5192/2648 5315/7923/2862
f 5316/4849/2581 5318/7924/2861 5319/7925/2646
f 5313/7926/2863 5318/7927/2861 5315/7928/2862
f 5325/7929/2842 5321/4672/2506 5322/7930/2853
f 5323/7931/2844 5325/7932/2842 5326/7933/2651
f 5320/7934/2864 5325/7935/2842 5322/7936/2853
f 5327/7937/2846 5332/7938/2850 5329/7939/2855
f 5332/7940/2850 5328/5219/2654 5329/7941/2855
f 5330/4848/2580 5332/7942/2850 5331/7943/2647
f 5339/7944/2751 5334/4035/2505 5338/7945/2752
f 5335/4914/2553 5339/7946/2751 5340/4915/2554
f 5337/5299/2579 5339/7947/2751 5338/7948/2752
f 5346/7949/2861 5342/5237/2648 5343/7950/2862
f 5344/5301/2581 5346/7951/2861 5347/7952/2585
f 5341/7953/2863 5346/7954/2861 5343/7955/2862
f 5353/7956/2857 5349/4036/2506 5350/7957/2843
f 5351/7958/2844 5353/7959/2857 5354/7960/2651
f 5348/7961/2864 5353/7962/2857 5350/7963/2843
f 5355/7964/2846 5360/7965/2865 5357/7966/2855
f 5360/7967/2865 5356/5243/2654 5357/7968/2855
f 5358/5300/2580 5360/7969/2865 5359/7970/2647
f 5479/7971/2665 5474/5400/2531 5478/7972/2629
f 5363/5276/2498 5367/7973/2860 5368/5277/2499
f 5365/5329/2484 5367/7974/2860 5366/7975/2703
f 5374/7976/2717 5370/5339/2479 5371/7977/2718
f 5372/5331/2517 5374/7978/2717 5375/7979/2497
f 5369/7980/2719 5374/7981/2717 5371/7982/2718
f 5381/7983/2731 5377/5334/2570 5378/7984/2721
f 5379/7985/2722 5381/7986/2731 5382/7987/2567
f 5376/7988/2732 5381/7989/2731 5378/7990/2721
f 5383/7991/2710 5388/7992/2753 5385/7993/2866
f 5388/7994/2753 5384/5246/2658 5385/7995/2866
f 5386/5330/2485 5388/7996/2753 5387/7997/2536
f 5423/7998/2665 5418/5359/2519 5422/7999/2852
f 5391/5327/2515 5395/8000/2665 5396/5328/2516
f 5393/5352/2484 5395/8001/2665 5394/8002/2852
f 5402/8003/2694 5398/5356/2479 5399/8004/2738
f 5400/5354/2486 5402/8005/2694 5403/8006/2524
f 5397/8007/2757 5402/8008/2694 5399/8009/2738
f 5409/8010/2704 5405/5346/2483 5406/8011/2749
f 5407/8012/2722 5409/8013/2704 5410/8014/2548
f 5404/8015/2867 5409/8016/2704 5406/8017/2749
f 5411/8018/2766 5416/8019/2705 5413/8020/2693
f 5416/8021/2705 5412/5336/2662 5413/8022/2693
f 5414/5353/2485 5416/8023/2705 5415/8024/2478
f 2883/8025/2541 2871/5560/2508 2876/5562/2509
f 5419/5342/2525 5423/8026/2665 5424/5343/2543
f 5421/5366/2484 5423/8027/2665 5422/8028/2852
f 5430/8029/2694 5426/5362/2479 5427/8030/2868
f 5428/5368/2486 5430/8031/2694 5431/8032/2524
f 5425/8033/2757 5430/8034/2694 5427/8035/2868
f 5437/8036/2704 5433/5360/2483 5434/8037/2869
f 5435/8038/2722 5437/8039/2704 5438/8040/2548
f 5432/8041/2867 5437/8042/2704 5434/8043/2869
f 5439/8044/2710 5444/8045/2705 5441/8046/2693
f 5444/8047/2705 5440/5350/2662 5441/8048/2693
f 5442/5367/2533 5444/8049/2705 5443/8050/2478
f 2995/8051/2541 2983/5671/2508 2988/5673/2509
f 5447/4095/2525 5451/8052/2665 5452/4096/2516
f 5449/5381/2484 5451/8053/2665 5450/8054/2730
f 5458/8055/2694 5454/5373/2479 5455/8056/2738
f 5456/5383/2486 5458/8057/2694 5459/8058/2524
f 5453/8059/2757 5458/8060/2694 5455/8061/2738
f 5465/8062/2704 5461/5377/2483 5462/8063/2749
f 5463/8064/2722 5465/8065/2704 5466/8066/2548
f 5460/8067/2867 5465/8068/2704 5462/8069/2749
f 5467/8070/2710 5472/8071/2705 5469/8072/2693
f 5472/8073/2705 5468/5370/2576 5469/8074/2693
f 5470/5382/2533 5472/8075/2705 5471/8076/2478
f 5506/8077/2710 5504/8078/2753 5508/8079/2712
f 5475/5273/2525 5479/8080/2665 5480/5274/2543
f 5477/5390/2484 5479/8081/2665 5478/8082/2629
f 5486/8083/2694 5482/5394/2479 5483/8084/2868
f 5484/5392/2534 5486/8085/2694 5487/8086/2541
f 5481/8087/2757 5486/8088/2694 5483/8089/2868
f 5493/8090/2704 5489/5401/2483 5490/8091/2869
f 5491/8092/2722 5493/8093/2704 5494/8094/2548
f 5488/8095/2870 5493/8096/2704 5490/8097/2869
f 5495/8098/2766 5500/8099/2705 5497/8100/2871
f 5500/8101/2705 5496/5385/2666 5497/8102/2871
f 5498/5391/2533 5500/8103/2705 5499/8104/2478
f 5534/8105/2710 5532/8106/2715 5536/8107/2716
f 5504/8108/2753 5507/5379/2568 5508/8109/2712
f 5502/5411/2485 5504/8110/2753 5503/8111/2478
f 5510/8112/2726 5514/5415/2496 5515/8113/2721
f 5513/8114/2732 5510/8115/2726 5515/8116/2721
f 5520/8117/2872 5518/8118/2724 5522/8119/2718
f 5509/8120/2722 5510/8121/2726 5511/8122/2567
f 5518/8123/2724 5521/5403/2479 5522/8124/2718
f 5516/5412/2486 5518/8125/2724 5517/8126/2497
f 5528/5397/2498 5525/8127/2702 5524/5398/2499
f 5523/5410/2484 5525/8128/2702 5526/8129/2703
f 5525/8130/2702 5527/5414/2482 5526/8131/2703
f 3107/8132/2507 3095/5781/2508 3100/5783/2509
f 5532/8133/2715 5535/5388/2510 5536/8134/2716
f 5530/5426/2485 5532/8135/2715 5531/8136/2478
f 5539/8137/2731 5542/5407/2560 5543/8138/2721
f 5537/8139/2722 5539/8140/2731 5540/8141/2567
f 5541/8142/2732 5539/8143/2731 5543/8144/2721
f 5545/8145/2724 5549/5417/2537 5550/8146/2718
f 5548/8147/2759 5545/8148/2724 5550/8149/2718
f 5556/5429/2500 5553/8150/2755 5552/5430/2499
f 5544/5427/2486 5545/8151/2724 5546/8152/2497
f 5551/5425/2484 5553/8153/2755 5554/8154/2730
f 5553/8155/2755 5555/5406/2559 5554/8156/2730
f 5563/8157/2702 5558/5435/2482 5562/8158/2730
f 5559/5420/2500 5563/8159/2702 5564/5421/2499
f 5561/5431/2484 5563/8160/2702 5562/8161/2730
f 5570/8162/2724 5566/5441/2479 5567/8163/2738
f 5568/5433/2517 5570/8164/2724 5571/8165/2497
f 5565/8166/2759 5570/8167/2724 5567/8168/2738
f 5577/8169/2726 5573/5436/2570 5574/8170/2721
f 5575/8171/2722 5577/8172/2726 5578/8173/2567
f 5572/8174/2737 5577/8175/2726 5574/8176/2721
f 5579/8177/2710 5584/8178/2729 5581/8179/2873
f 5584/8180/2729 5580/5423/2510 5581/8181/2873
f 5582/5432/2485 5584/8182/2729 5583/8183/2536
f 5591/8184/2755 5586/5450/2559 5590/8185/2703
f 5587/5444/2500 5591/8186/2755 5592/5445/2489
f 5589/5446/2484 5591/8187/2755 5590/8188/2703
f 5598/8189/2724 5594/5456/2479 5595/8190/2738
f 5596/5448/2486 5598/8191/2724 5599/8192/2487
f 5593/8193/2759 5598/8194/2724 5595/8195/2738
f 5605/8196/2731 5601/5451/2570 5602/8197/2721
f 5603/8198/2722 5605/8199/2731 5606/8200/2490
f 5600/8201/2737 5605/8202/2731 5602/8203/2721
f 5607/8204/2710 5612/8205/2754 5609/8206/2712
f 5612/8207/2754 5608/5438/2568 5609/8208/2712
f 5610/5447/2485 5612/8209/2754 5611/8210/2478
f 5619/8211/2755 5614/5465/2482 5618/8212/2730
f 5615/5459/2540 5619/8213/2755 5620/5460/2489
f 5617/5461/2484 5619/8214/2755 5618/8215/2730
f 5626/8216/2724 5622/5471/2479 5623/8217/2738
f 5624/5463/2486 5626/8218/2724 5627/8219/2487
f 5621/8220/2759 5626/8221/2724 5623/8222/2738
f 5633/8223/2731 5629/5466/2496 5630/8224/2735
f 5631/8225/2722 5633/8226/2731 5634/8227/2490
f 5628/8228/2760 5633/8229/2731 5630/8230/2735
f 5635/8231/2766 5640/8232/2754 5637/8233/2716
f 5640/8234/2754 5636/5453/2510 5637/8235/2716
f 5638/5462/2485 5640/8236/2754 5639/8237/2478
f 5647/8238/2755 5642/5480/2482 5646/8239/2730
f 5643/5474/2540 5647/8240/2755 5648/5475/2489
f 5645/5476/2484 5647/8241/2755 5646/8242/2730
f 5654/8243/2724 5650/5486/2479 5651/8244/2738
f 5652/5478/2486 5654/8245/2724 5655/8246/2487
f 5649/8247/2765 5654/8248/2724 5651/8249/2738
f 5661/8250/2704 5657/5481/2483 5658/8251/2747
f 5659/8252/2722 5661/8253/2704 5662/8254/2548
f 5656/8255/2758 5661/8256/2704 5658/8257/2747
f 5663/8258/2710 5668/8259/2705 5665/8260/2871
f 5668/8261/2705 5664/5468/2549 5665/8262/2871
f 5666/5477/2485 5668/8263/2705 5667/8264/2478
f 5675/8265/2762 5670/5495/2482 5674/8266/2730
f 5671/5489/2668 5675/8267/2762 5676/5490/2543
f 5673/5491/2484 5675/8268/2762 5674/8269/2730
f 5682/8270/2694 5678/5501/2479 5679/8271/2685
f 5680/5493/2534 5682/8272/2694 5683/8273/2667
f 5677/8274/2874 5682/8275/2694 5679/8276/2685
f 5689/8277/2704 5685/5496/2483 5686/8278/2749
f 5687/8279/2722 5689/8280/2704 5690/8281/2548
f 5684/8282/2758 5689/8283/2704 5686/8284/2749
f 5691/8285/2710 5696/8286/2705 5693/8287/2871
f 5696/8288/2705 5692/5483/2666 5693/8289/2871
f 5694/5492/2485 5696/8290/2705 5695/8291/2478
f 5703/8292/2665 5698/5510/2482 5702/8293/2730
f 5699/5504/2668 5703/8294/2665 5704/5505/2543
f 5701/5506/2484 5703/8295/2665 5702/8296/2730
f 5710/8297/2694 5706/5516/2479 5707/8298/2685
f 5708/5508/2534 5710/8299/2694 5711/8300/2667
f 5705/8301/2686 5710/8302/2694 5707/8303/2685
f 5717/8304/2704 5713/5511/2483 5714/8305/2749
f 5715/8306/2722 5717/8307/2704 5718/8308/2548
f 5712/8309/2758 5717/8310/2704 5714/8311/2749
f 5719/8312/2710 5724/8313/2705 5721/8314/2871
f 5724/8315/2705 5720/5498/2666 5721/8316/2871
f 5722/5507/2533 5724/8317/2705 5723/8318/2478
f 5731/8319/2665 5726/5525/2519 5730/8320/2730
f 5727/5519/2525 5731/8321/2665 5732/5520/2543
f 5729/5521/2484 5731/8322/2665 5730/8323/2730
f 5738/8324/2694 5734/5531/2479 5735/8325/2685
f 5736/5523/2534 5738/8326/2694 5739/8327/2541
f 5733/8328/2875 5738/8329/2694 5735/8330/2685
f 5745/8331/2704 5741/5526/2483 5742/8332/2869
f 5743/8333/2689 5745/8334/2704 5746/8335/2548
f 5740/8336/2870 5745/8337/2704 5742/8338/2869
f 5747/8339/2710 5752/8340/2705 5749/8341/2871
f 5752/8342/2705 5748/5513/2666 5749/8343/2871
f 5750/5522/2533 5752/8344/2705 5751/8345/2478
f 5759/8346/2876 5754/5549/2682 5758/8347/2877
f 5755/5535/2674 5759/8348/2876 5760/5533/2672
f 5757/5539/2675 5759/8349/2876 5758/8350/2877
f 5766/8351/2878 5762/5543/2679 5763/8352/2879
f 5764/5541/2677 5766/8353/2878 5767/8354/2880
f 5761/5534/2673 5766/8355/2878 5763/8356/2879
f 5773/8357/2881 5769/5550/2683 5770/8358/2882
f 5771/8359/2883 5773/8360/2881 5774/8361/2669
f 5768/8362/2884 5773/8363/2881 5770/8364/2882
f 5775/8365/2885 5780/8366/2886 5777/8367/2887
f 5780/8368/2886 5776/5528/2670 5777/8369/2887
f 5778/5540/2676 5780/8370/2886 5779/8371/2678
f 5787/8372/2628 5782/5558/2519 5786/8373/2629
f 5783/5537/2508 5787/8374/2628 5788/5538/2539
f 5785/5551/2532 5787/8375/2628 5786/8376/2629
f 5794/8377/2888 5790/5555/2479 5791/8378/2685
f 5792/5553/2534 5794/8379/2888 5795/8380/2507
f 5789/8381/2889 5794/8382/2888 5791/8383/2685
f 5801/8384/2890 5797/5559/2483 5798/8385/2699
f 5799/8386/2689 5801/8387/2890 5802/8388/2501
f 5796/8389/2707 5801/8390/2890 5798/8391/2699
f 5803/8392/2766 5808/8393/2708 5805/8394/2693
f 5808/8395/2708 5804/5546/2502 5805/8396/2693
f 5806/5552/2533 5808/8397/2708 5807/8398/2478
f 3219/8399/2507 3207/5892/2508 3212/5894/2509
f 2890/8400/2501 2892/5584/2502 2897/8401/2891
f 2876/8402/2509 2880/4585/2534 2883/5568/2541
f 2897/8403/2891 2887/5574/2689 2890/5576/2501
f 2895/5587/2478 2880/4585/2534 2894/4584/2533
f 2874/5564/2629 2887/5574/2689 2873/4583/2532
f 2904/8404/2509 2908/4774/2534 2911/5596/2541
f 2925/8405/2523 2915/5602/2689 2918/5604/2501
f 2923/5614/2478 2908/4774/2534 2922/4773/2533
f 2902/5592/2629 2915/5602/2689 2901/4772/2484
f 2932/8406/2509 2936/4498/2534 2939/5623/2507
f 2953/8407/2523 2943/5629/2689 2946/5631/2521
f 2951/5641/2478 2936/4498/2534 2950/4497/2533
f 2930/5619/2629 2943/5629/2689 2929/4496/2532
f 2960/8408/2509 2964/4192/2534 2967/5650/2507
f 2981/8409/2523 2971/5656/2689 2974/5658/2521
f 2979/5668/2478 2964/4192/2534 2978/4191/2533
f 2958/5646/2701 2971/5656/2689 2957/4190/2532
f 2988/8410/2509 2992/4204/2534 2995/5679/2541
f 3009/8411/2572 2999/5685/2689 3002/5687/2501
f 3007/5697/2478 2992/4204/2534 3006/4203/2533
f 2986/5675/2629 2999/5685/2689 2985/4202/2532
f 3016/8412/2509 3020/4444/2534 3023/5706/2507
f 3037/8413/2523 3027/5712/2689 3030/5714/2501
f 3035/5724/2478 3020/4444/2534 3034/4443/2533
f 3014/5702/2629 3027/5712/2689 3013/4442/2484
f 3044/8414/2509 3048/4150/2534 3051/5733/2507
f 3065/8415/2523 3055/5739/2689 3058/5741/2565
f 3063/5751/2478 3048/4150/2534 3062/4149/2533
f 3042/5729/2629 3055/5739/2689 3041/4148/2532
f 3072/8416/2509 3076/4735/2534 3079/5760/2507
f 3093/8417/2523 3083/5766/2689 3086/5768/2521
f 3091/5778/2478 3076/4735/2534 3090/4734/2533
f 3070/5756/2629 3083/5766/2689 3069/4733/2532
f 3100/8418/2509 3104/4171/2534 3107/5789/2507
f 3121/8419/2503 3111/5795/2689 3114/5797/2501
f 3119/5807/2478 3104/4171/2534 3118/4170/2533
f 3098/5785/2629 3111/5795/2689 3097/4169/2532
f 3128/8420/2509 3132/4699/2534 3135/5816/2507
f 3149/8421/2523 3139/5822/2689 3142/5824/2501
f 3147/5834/2478 3132/4699/2534 3146/4698/2533
f 3126/5812/2629 3139/5822/2689 3125/4697/2532
f 3156/8422/2509 3160/4828/2534 3163/5843/2507
f 3177/8423/2523 3167/5849/2689 3170/5851/2501
f 3175/5861/2478 3160/4828/2534 3174/4827/2533
f 3154/5839/2629 3167/5849/2689 3153/4826/2532
f 3184/8424/2509 3188/4804/2534 3191/5870/2507
f 3205/8425/2523 3195/5876/2689 3198/5878/2521
f 3203/5888/2478 3188/4804/2534 3202/4803/2533
f 3182/5866/2701 3195/5876/2689 3181/4802/2532
f 3212/8426/2509 3216/4288/2534 3219/5900/2507
f 3233/8427/2503 3223/5906/2689 3226/5908/2501
f 3231/5918/2478 3216/4288/2534 3230/4287/2533
f 3210/5896/2629 3223/5906/2689 3209/4286/2532
f 3240/8428/2509 3244/4210/2534 3247/5927/2507
f 3261/8429/2523 3251/5933/2689 3254/5935/2501
f 3259/5945/2478 3244/4210/2534 3258/4209/2533
f 3238/5923/2701 3251/5933/2689 3237/4208/2532
f 3268/8430/2509 3272/4174/2534 3275/5954/2507
f 3289/8431/2523 3279/5960/2689 3282/5962/2527
f 3287/5972/2478 3272/4174/2534 3286/4173/2533
f 3266/5950/2629 3279/5960/2689 3265/4172/2532
f 3296/8432/2539 3300/4186/2534 3303/5981/2507
f 3317/8433/2523 3307/5987/2689 3310/5989/2527
f 3315/5999/2478 3300/4186/2534 3314/4185/2533
f 3294/5977/2701 3307/5987/2689 3293/4184/2532
f 3324/8434/2499 3328/4888/2486 3331/6009/2520
f 3345/8435/2586 3335/6015/2722 3338/6017/2567
f 3343/6027/2536 3328/4888/2486 3342/4887/2485
f 3322/6005/2703 3335/6015/2722 3321/4886/2484
f 3352/8436/2499 3356/4525/2486 3359/6036/2497
f 3373/8437/2544 3363/6042/2722 3366/6044/2567
f 3371/6054/2536 3356/4525/2486 3370/4524/2485
f 3350/6032/2703 3363/6042/2722 3349/4523/2484
f 3380/8438/2499 3384/4531/2517 3387/6063/2520
f 3401/8439/2544 3391/6069/2722 3394/6071/2567
f 3399/6081/2478 3384/4531/2517 3398/4530/2485
f 3378/6059/2703 3391/6069/2722 3377/4529/2484
f 3408/8440/2499 3412/4456/2517 3415/6090/2497
f 3429/8441/2544 3419/6096/2722 3422/6098/2567
f 3427/6108/2478 3412/4456/2517 3426/4455/2485
f 3406/6086/2730 3419/6096/2722 3405/4454/2484
f 3436/8442/2499 3440/4600/2486 3443/6117/2497
f 3457/8443/2544 3447/6123/2722 3450/6125/2490
f 3455/6135/2478 3440/4600/2486 3454/4599/2485
f 3434/6113/2703 3447/6123/2722 3433/4598/2484
f 3464/8444/2489 3468/4579/2486 3471/6144/2497
f 3485/8445/2544 3475/6150/2722 3478/6152/2490
f 3483/6162/2536 3468/4579/2486 3482/4578/2485
f 3462/6140/2730 3475/6150/2722 3461/4577/2484
f 3492/8446/2489 3496/4105/2486 3499/6171/2487
f 3513/8447/2492 3503/6177/2722 3506/6179/2490
f 3511/6189/2478 3496/4105/2486 3510/4104/2485
f 3490/6167/2730 3503/6177/2722 3489/4103/2484
f 3520/8448/2489 3524/4756/2486 3527/6198/2561
f 3541/8449/2492 3531/6204/2722 3534/6206/2490
f 3539/6216/2478 3524/4756/2486 3538/4755/2485
f 3518/6194/2730 3531/6204/2722 3517/4754/2484
f 3548/8450/2489 3552/4042/2486 3555/6225/2561
f 3569/8451/2495 3559/6231/2722 3562/6233/2490
f 3567/6243/2478 3552/4042/2486 3566/4041/2485
f 3546/6221/2703 3559/6231/2722 3545/4040/2484
f 3576/8452/2489 3580/4159/2486 3583/6252/2487
f 3597/8453/2535 3587/6258/2722 3590/6260/2493
f 3595/6270/2478 3580/4159/2486 3594/4158/2485
f 3574/6248/2703 3587/6258/2722 3573/4157/2484
f 3604/8454/2516 3608/4648/2486 3611/6279/2561
f 3625/8455/2569 3615/6285/2722 3618/6287/2555
f 3623/6297/2478 3608/4648/2486 3622/4647/2485
f 3602/6275/2730 3615/6285/2722 3601/4646/2484
f 3632/8456/2516 3636/4216/2486 3639/6306/2524
f 3653/8457/2550 3643/6312/2722 3646/6314/2555
f 3651/6324/2478 3636/4216/2486 3650/4215/2485
f 3630/6302/2730 3643/6312/2722 3629/4214/2484
f 3660/8458/2516 3664/4462/2486 3667/6333/2524
f 3681/8459/2550 3671/6339/2722 3674/6341/2555
f 3679/6351/2478 3664/4462/2486 3678/4461/2485
f 3658/6329/2730 3671/6339/2722 3657/4460/2484
f 3688/8460/2499 3692/4003/2486 3695/6360/2497
f 3709/8461/2544 3699/6366/2722 3702/6368/2567
f 3707/6378/2478 3692/4003/2486 3706/4002/2485
f 3686/6356/2703 3699/6366/2722 3685/4001/2484
f 3716/8462/2499 3720/4084/2486 3723/6387/2497
f 3737/8463/2544 3727/6393/2722 3730/6395/2490
f 3735/6405/2478 3720/4084/2486 3734/4083/2485
f 3714/6383/2730 3727/6393/2722 3713/4082/2484
f 3744/8464/2499 3748/4792/2486 3751/6414/2497
f 3765/8465/2492 3755/6420/2722 3758/6422/2490
f 3763/6432/2536 3748/4792/2486 3762/4791/2485
f 3742/6410/2703 3755/6420/2722 3741/4790/2484
f 3772/8466/2489 3776/4435/2486 3779/6441/2487
f 3793/8467/2544 3783/6447/2722 3786/6449/2490
f 3791/6459/2478 3776/4435/2486 3790/4434/2485
f 3770/6437/2730 3783/6447/2722 3769/4433/2484
f 3800/8468/2489 3804/4132/2517 3807/6468/2487
f 3821/8469/2492 3811/6474/2722 3814/6476/2490
f 3819/6486/2478 3804/4132/2517 3818/4131/2485
f 3798/6464/2703 3811/6474/2722 3797/4130/2484
f 3828/8470/2489 3832/4468/2517 3835/6495/2487
f 3849/8471/2492 3839/6501/2722 3842/6503/2490
f 3847/6513/2478 3832/4468/2517 3846/4467/2485
f 3826/6491/2730 3839/6501/2722 3825/4466/2484
f 3856/8472/2489 3860/4876/2486 3863/6522/2487
f 3877/8473/2495 3867/6528/2722 3870/6530/2490
f 3875/6540/2478 3860/4876/2486 3874/4875/2485
f 3854/6518/2703 3867/6528/2722 3853/4874/2484
f 3884/8474/2489 3888/4798/2486 3891/6549/2487
f 3905/8475/2495 3895/6555/2722 3898/6557/2490
f 3903/6567/2478 3888/4798/2486 3902/4797/2485
f 3882/6545/2730 3895/6555/2722 3881/4796/2484
f 3912/8476/2516 3916/4564/2486 3919/6576/2524
f 3933/8477/2535 3923/6582/2722 3926/6584/2493
f 3931/6594/2478 3916/4564/2486 3930/4563/2485
f 3910/6572/2703 3923/6582/2722 3909/4562/2484
f 3940/8478/2516 3944/4024/2486 3947/6603/2514
f 3961/8479/2550 3951/6609/2722 3954/6611/2555
f 3959/6621/2478 3944/4024/2486 3958/4023/2485
f 3938/6599/2730 3951/6609/2722 3937/4022/2484
f 3968/8480/2516 3972/4750/2486 3975/6630/2524
f 3989/8481/2550 3979/6636/2722 3982/6638/2555
f 3987/6648/2478 3972/4750/2486 3986/4749/2485
f 3966/6626/2730 3979/6636/2722 3965/4748/2484
f 3996/8482/2543 4000/4519/2534 4003/6657/2524
f 4017/8483/2550 4007/6663/2722 4010/6665/2548
f 4015/6675/2478 4000/4519/2534 4014/4518/2485
f 3994/6653/2730 4007/6663/2722 3993/4517/2484
f 4021/8484/2544 4025/6690/2722 4027/6692/2490
f 4019/6681/2536 4032/4894/2517 4018/4893/2485
f 4040/8485/2499 4032/4894/2517 4033/6696/2497
f 4025/6690/2722 4042/6699/2703 4028/8486/2481
f 4052/8487/2499 4056/4054/2517 4059/6710/2497
f 4073/8488/2544 4063/6716/2722 4066/6718/2567
f 4071/6728/2478 4056/4054/2517 4070/4053/2485
f 4050/6706/2730 4063/6716/2722 4049/4052/2484
f 4080/8489/2489 4084/4492/2486 4087/6737/2487
f 4101/8490/2492 4091/6743/2722 4094/6745/2490
f 4099/6755/2478 4084/4492/2486 4098/4491/2485
f 4078/6733/2703 4091/6743/2722 4077/4490/2484
f 4108/8491/2489 4112/4786/2517 4115/6764/2487
f 4129/8492/2492 4119/6770/2722 4122/6772/2490
f 4127/6782/2478 4112/4786/2517 4126/4785/2485
f 4106/6760/2629 4119/6770/2722 4105/4784/2484
f 4136/8493/2489 4140/4339/2486 4143/6791/2487
f 4157/8494/2492 4147/6797/2722 4150/6799/2490
f 4155/6809/2478 4140/4339/2486 4154/4338/2485
f 4134/6787/2703 4147/6797/2722 4133/4337/2484
f 4164/8495/2489 4168/4141/2486 4171/6818/2487
f 4185/8496/2492 4175/6824/2722 4178/6826/2490
f 4183/6836/2536 4168/4141/2486 4182/4140/2485
f 4162/6814/2730 4175/6824/2722 4161/4139/2484
f 4192/8497/2489 4196/4384/2486 4199/6845/2487
f 4213/8498/2495 4203/6851/2722 4206/6853/2493
f 4211/6863/2478 4196/4384/2486 4210/4383/2485
f 4190/6841/2730 4203/6851/2722 4189/4382/2484
f 4220/8499/2516 4224/4675/2486 4227/6872/2514
f 4241/8500/2535 4231/6878/2722 4234/6880/2493
f 4239/6890/2478 4224/4675/2486 4238/4674/2485
f 4218/6868/2730 4231/6878/2722 4217/4673/2484
f 4248/8501/2516 4252/4252/2486 4255/6899/2524
f 4269/8502/2535 4259/6905/2722 4262/6907/2493
f 4267/6917/2478 4252/4252/2486 4266/4251/2485
f 4246/6895/2703 4259/6905/2722 4245/4250/2484
f 4276/8503/2516 4280/4303/2486 4283/6926/2524
f 4297/8504/2550 4287/6932/2722 4290/6934/2555
f 4295/6944/2478 4280/4303/2486 4294/4302/2485
f 4274/6922/2629 4287/6932/2722 4273/4301/2484
f 4304/8505/2516 4308/4714/2534 4311/6953/2514
f 4325/8506/2572 4315/6959/2722 4318/6961/2555
f 4323/6971/2478 4308/4714/2534 4322/4713/2533
f 4302/6949/2629 4315/6959/2722 4301/4712/2484
f 4329/8507/2544 4333/6980/2722 4336/6982/2490
f 4348/8508/2499 4340/4666/2486 4342/6993/2487
f 4327/6977/2478 4340/4666/2486 4326/4665/2485
f 4333/6980/2722 4350/6995/2730 4334/8509/2481
f 4360/8510/2489 4364/4918/2486 4367/7006/2487
f 4381/8511/2492 4371/7012/2722 4374/7014/2490
f 4379/7024/2478 4364/4918/2486 4378/4917/2485
f 4358/7002/2730 4371/7012/2722 4357/4916/2484
f 4388/8512/2489 4392/4870/2486 4395/7033/2487
f 4409/8513/2492 4399/7039/2722 4402/7041/2493
f 4407/7051/2478 4392/4870/2486 4406/4869/2485
f 4386/7029/2730 4399/7039/2722 4385/4868/2484
f 4416/8514/2489 4420/4612/2486 4423/7060/2487
f 4437/8515/2492 4427/7066/2722 4430/7068/2490
f 4435/7078/2478 4420/4612/2486 4434/4611/2485
f 4414/7056/2703 4427/7066/2722 4413/4610/2484
f 4444/8516/2489 4448/4447/2486 4451/7087/2487
f 4465/8517/2492 4455/7093/2722 4458/7095/2490
f 4463/7105/2478 4448/4447/2486 4462/4446/2485
f 4442/7083/2730 4455/7093/2722 4441/4445/2484
f 4472/8518/2516 4476/4717/2486 4479/7114/2514
f 4493/8519/2535 4483/7120/2722 4486/7122/2493
f 4491/7132/2478 4476/4717/2486 4490/4716/2485
f 4470/7110/2730 4483/7120/2722 4469/4715/2484
f 4500/8520/2516 4504/4066/2486 4507/7141/2514
f 4521/8521/2535 4511/7147/2722 4514/7149/2493
f 4519/7159/2478 4504/4066/2486 4518/4065/2485
f 4498/7137/2629 4511/7147/2722 4497/4064/2484
f 4528/8522/2516 4532/4825/2486 4535/7168/2514
f 4549/8523/2535 4539/7174/2722 4542/7176/2493
f 4547/7186/2478 4532/4825/2486 4546/4824/2485
f 4526/7164/2730 4539/7174/2722 4525/4823/2484
f 4556/8524/2516 4560/4351/2486 4563/7195/2514
f 4577/8525/2535 4567/7201/2722 4570/7203/2555
f 4575/7213/2478 4560/4351/2486 4574/4350/2485
f 4554/7191/2629 4567/7201/2722 4553/4349/2484
f 4584/8526/2516 4588/4282/2534 4591/7222/2524
f 4605/8527/2535 4595/7228/2722 4598/7230/2555
f 4603/7240/2478 4588/4282/2534 4602/4281/2485
f 4582/7218/2629 4595/7228/2722 4581/4280/2484
f 4612/8528/2609 4616/4966/2584 4619/7251/2607
f 4633/8529/2575 4623/7257/2773 4626/7259/2573
f 4631/7269/2590 4616/4966/2584 4630/4965/2603
f 4610/7247/2664 4623/7257/2773 4609/4964/2582
f 4640/8530/2609 4644/5026/2584 4647/7278/2607
f 4661/8531/2615 4651/7284/2773 4654/7286/2573
f 4659/7296/2590 4644/5026/2584 4658/5025/2583
f 4638/7274/2664 4651/7284/2773 4637/5024/2582
f 4668/8532/2617 4672/4912/2584 4675/7305/2616
f 4689/8533/2575 4679/7311/2773 4682/7313/2573
f 4687/7323/2590 4672/4912/2584 4686/4911/2583
f 4666/7301/2664 4679/7311/2773 4665/4910/2582
f 4696/8534/2609 4700/5175/2584 4703/7332/2616
f 4717/8535/2575 4707/7338/2773 4710/7340/2618
f 4715/7350/2590 4700/5175/2584 4714/5174/2583
f 4694/7328/2784 4707/7338/2773 4693/5173/2582
f 4724/8536/2617 4728/4933/2584 4731/7359/2616
f 4745/8537/2602 4735/7365/2787 4738/7367/2630
f 4743/7377/2610 4728/4933/2584 4742/4932/2583
f 4722/7355/2664 4735/7365/2787 4721/4931/2582
f 4752/8538/2617 4756/5115/2584 4759/7386/2616
f 4773/8539/2602 4763/7392/2773 4766/7394/2630
f 4771/7404/2610 4756/5115/2584 4770/5114/2596
f 4750/7382/2664 4763/7392/2773 4749/5113/2582
f 4780/8540/2589 4784/5011/2584 4787/7413/2587
f 4801/8541/2602 4791/7419/2787 4794/7421/2593
f 4799/7431/2590 4784/5011/2584 4798/5010/2596
f 4778/7409/2664 4791/7419/2787 4777/5009/2582
f 4808/8542/2617 4812/5071/2584 4815/7440/2587
f 4829/8543/2602 4819/7446/2787 4822/7448/2593
f 4827/7458/2590 4812/5071/2584 4826/5070/2583
f 4806/7436/2664 4819/7446/2787 4805/5069/2582
f 4836/8544/2589 4840/4981/2597 4843/7467/2620
f 4857/8545/2595 4847/7473/2787 4850/7475/2593
f 4855/7485/2590 4840/4981/2597 4854/4980/2596
f 4834/7463/2664 4847/7473/2787 4833/4979/2582
f 4864/8546/2589 4868/5056/2597 4871/7494/2620
f 4885/8547/2595 4875/7500/2787 4878/7502/2593
f 4883/7512/2590 4868/5056/2597 4882/5055/2596
f 4862/7490/2664 4875/7500/2787 4861/5054/2582
f 4892/8548/2623 4896/4948/2597 4899/7521/2620
f 4913/8549/2595 4903/7527/2787 4906/7529/2593
f 4911/7539/2610 4896/4948/2597 4910/4947/2596
f 4890/7517/2664 4903/7527/2787 4889/4946/2582
f 4920/8550/2623 4924/5160/2597 4927/7548/2620
f 4941/8551/2595 4931/7554/2812 4934/7556/2604
f 4939/7566/2610 4924/5160/2597 4938/5159/2596
f 4918/7544/2664 4931/7554/2812 4917/5158/2582
f 4948/8552/2609 4952/5130/2584 4955/7575/2607
f 4969/8553/2626 4959/7581/2773 4962/7583/2624
f 4967/7593/2590 4952/5130/2584 4966/5129/2603
f 4946/7571/2784 4959/7581/2773 4945/5128/2637
f 4976/8554/2623 4980/5145/2597 4983/7602/2643
f 4997/8555/2606 4987/7608/2812 4990/7610/2604
f 4995/7620/2610 4980/5145/2597 4994/5144/2596
f 4974/7598/2664 4987/7608/2812 4973/5143/2582
f 5004/8556/2623 5008/5100/2597 5011/7629/2639
f 5025/8557/2606 5015/7635/2812 5018/7637/2604
f 5023/7647/2610 5008/5100/2597 5022/5099/2596
f 5002/7625/2664 5015/7635/2812 5001/5098/2582
f 5032/8558/2600 5036/4996/2597 5039/7656/2598
f 5053/8559/2606 5043/7662/2812 5046/7664/2611
f 5051/7674/2610 5036/4996/2597 5050/4995/2613
f 5030/7652/2664 5043/7662/2812 5029/4994/2582
f 5060/8560/2600 5064/5086/2597 5067/7683/2631
f 5081/8561/2635 5071/7689/2835 5074/7691/2633
f 5079/7701/2610 5064/5086/2597 5078/5085/2613
f 5058/7679/2664 5071/7689/2835 5057/5084/2582
f 5088/8562/2564 5092/5184/2645 5095/7709/2562
f 5109/8563/2642 5099/7715/2844 5102/7717/2640
f 5107/7727/2647 5092/5184/2645 5106/5183/2580
f 5086/7705/2752 5099/7715/2844 5085/5182/2644
f 5116/8564/2564 5120/5283/2645 5123/7736/2562
f 5137/8565/2656 5127/7742/2844 5130/7744/2651
f 5135/7754/2647 5120/5283/2645 5134/5282/2580
f 5114/7732/2752 5127/7742/2844 5113/5281/2579
f 5144/8566/2650 5148/5229/2645 5151/7763/2562
f 5165/8567/2656 5155/7769/2844 5158/7771/2651
f 5163/7781/2647 5148/5229/2645 5162/5228/2580
f 5142/7759/2752 5155/7769/2844 5141/5227/2644
f 5172/8568/2564 5176/5280/2645 5179/7790/2562
f 5193/8569/2642 5183/7796/2844 5186/7798/2640
f 5191/7808/2647 5176/5280/2645 5190/5279/2580
f 5170/7786/2752 5183/7796/2844 5169/5278/2579
f 5200/8570/2564 5204/5226/2645 5207/7817/2562
f 5221/8571/2642 5211/7823/2844 5214/7825/2651
f 5219/7835/2647 5204/5226/2645 5218/5225/2580
f 5198/7813/2752 5211/7823/2844 5197/5224/2644
f 5228/8572/2653 5232/5202/2645 5235/7844/2562
f 5249/8573/2656 5239/7850/2844 5242/7852/2651
f 5247/7862/2647 5232/5202/2645 5246/5201/2580
f 5226/7840/2752 5239/7850/2844 5225/5200/2579
f 5256/8574/2554 5260/5322/2581 5263/7871/2552
f 5277/8575/2642 5267/7877/2844 5270/7879/2651
f 5275/7889/2647 5260/5322/2581 5274/5321/2580
f 5254/7867/2752 5267/7877/2844 5253/5320/2644
f 5284/8576/2554 5288/5268/2645 5291/7898/2552
f 5305/8577/2642 5295/7904/2844 5298/7906/2651
f 5303/7916/2647 5288/5268/2645 5302/5267/2580
f 5282/7894/2752 5295/7904/2844 5281/5266/2579
f 5312/8578/2554 5316/4849/2581 5319/7925/2646
f 5333/8579/2642 5323/7931/2844 5326/7933/2651
f 5331/7943/2647 5316/4849/2581 5330/4848/2580
f 5310/7921/2752 5323/7931/2844 5309/4847/2579
f 5340/8580/2554 5344/5301/2581 5347/7952/2585
f 5361/8581/2657 5351/7958/2844 5354/7960/2651
f 5359/7970/2647 5344/5301/2581 5358/5300/2580
f 5338/7948/2752 5351/7958/2844 5337/5299/2579
f 5368/8582/2499 5372/5331/2517 5375/7979/2497
f 5389/8583/2544 5379/7985/2722 5382/7987/2567
f 5387/7997/2536 5372/5331/2517 5386/5330/2485
f 5366/7975/2703 5379/7985/2722 5365/5329/2484
f 5396/8584/2516 5400/5354/2486 5403/8006/2524
f 5417/8585/2572 5407/8012/2722 5410/8014/2548
f 5415/8024/2478 5400/5354/2486 5414/5353/2485
f 5394/8002/2852 5407/8012/2722 5393/5352/2484
f 5424/8586/2543 5428/5368/2486 5431/8032/2524
f 5445/8587/2572 5435/8038/2722 5438/8040/2548
f 5443/8050/2478 5428/5368/2486 5442/5367/2533
f 5422/8028/2852 5435/8038/2722 5421/5366/2484
f 5452/8588/2516 5456/5383/2486 5459/8058/2524
f 5473/8589/2572 5463/8064/2722 5466/8066/2548
f 5471/8076/2478 5456/5383/2486 5470/5382/2533
f 5450/8054/2730 5463/8064/2722 5449/5381/2484
f 5480/8590/2543 5484/5392/2534 5487/8086/2541
f 5501/8591/2572 5491/8092/2722 5494/8094/2548
f 5499/8104/2478 5484/5392/2534 5498/5391/2533
f 5478/8082/2629 5491/8092/2722 5477/5390/2484
f 5505/8592/2544 5509/8120/2722 5511/8122/2567
f 5503/8111/2478 5516/5412/2486 5502/5411/2485
f 5524/8593/2499 5516/5412/2486 5517/8126/2497
f 5509/8120/2722 5526/8129/2703 5512/8594/2481
f 5533/8595/2544 5537/8139/2722 5540/8141/2567
f 5552/8596/2499 5544/5427/2486 5546/8152/2497
f 5531/8136/2478 5544/5427/2486 5530/5426/2485
f 5537/8139/2722 5554/8154/2730 5538/8597/2481
f 5564/8598/2499 5568/5433/2517 5571/8165/2497
f 5585/8599/2492 5575/8171/2722 5578/8173/2567
f 5583/8183/2536 5568/5433/2517 5582/5432/2485
f 5562/8161/2730 5575/8171/2722 5561/5431/2484
f 5592/8600/2489 5596/5448/2486 5599/8192/2487
f 5613/8601/2492 5603/8198/2722 5606/8200/2490
f 5611/8210/2478 5596/5448/2486 5610/5447/2485
f 5590/8188/2703 5603/8198/2722 5589/5446/2484
f 5620/8602/2489 5624/5463/2486 5627/8219/2487
f 5641/8603/2492 5631/8225/2722 5634/8227/2490
f 5639/8237/2478 5624/5463/2486 5638/5462/2485
f 5618/8215/2730 5631/8225/2722 5617/5461/2484
f 5648/8604/2489 5652/5478/2486 5655/8246/2487
f 5669/8605/2535 5659/8252/2722 5662/8254/2548
f 5667/8264/2478 5652/5478/2486 5666/5477/2485
f 5646/8242/2730 5659/8252/2722 5645/5476/2484
f 5676/8606/2543 5680/5493/2534 5683/8273/2667
f 5697/8607/2572 5687/8279/2722 5690/8281/2548
f 5695/8291/2478 5680/5493/2534 5694/5492/2485
f 5674/8269/2730 5687/8279/2722 5673/5491/2484
f 5704/8608/2543 5708/5508/2534 5711/8300/2667
f 5725/8609/2572 5715/8306/2722 5718/8308/2548
f 5723/8318/2478 5708/5508/2534 5722/5507/2533
f 5702/8296/2730 5715/8306/2722 5701/5506/2484
f 5732/8610/2543 5736/5523/2534 5739/8327/2541
f 5753/8611/2572 5743/8333/2689 5746/8335/2548
f 5751/8345/2478 5736/5523/2534 5750/5522/2533
f 5730/8323/2730 5743/8333/2689 5729/5521/2484
f 5767/8354/2880 5757/5539/2675 5764/5541/2677
f 5781/8612/2671 5771/8359/2883 5774/8361/2669
f 5779/8371/2678 5764/5541/2677 5778/5540/2676
f 5758/8350/2877 5771/8359/2883 5757/5539/2675
f 5788/8613/2539 5792/5553/2534 5795/8380/2507
f 5809/8614/2523 5799/8386/2689 5802/8388/2501
f 5807/8398/2478 5792/5553/2534 5806/5552/2533
f 5786/8376/2629 5799/8386/2689 5785/5551/2532
f 3099/8615/2665 3094/4341/2519 3098/8616/2629
f 1848/2512/1947 1831/2518/1947 1832/2513/1947
f 1951/8617/2892 1959/2755/2121 1958/2757/2138
f 748/8618/2893 700/1140/2894 702/1217/275
f 327/624/78 345/653/4 328/625/29
f 35/1/1 424/759/1 420/2/1
f 812/4/2 826/1051/2 638/5/3
f 32/7/4 4/8619/4 38/8/4
f 824/10/5 31/1069/5 823/11/5
f 447/13/7 8/178/7 9/14/8
f 456/16/9 183/314/9 10/17/10
f 449/18/10 10/17/10 11/19/11
f 450/20/12 11/19/11 12/21/13
f 36/23/4 25/26/4 41/24/4
f 25/26/4 26/313/4 43/27/4
f 185/28/4 27/31/4 45/29/4
f 27/31/4 28/33/4 47/32/4
f 28/33/4 29/841/4 49/34/4
f 437/35/15 8/39/15 37/36/15
f 438/38/15 9/312/15 8/39/15
f 444/40/15 439/43/15 10/41/15
f 439/43/15 440/45/15 11/44/15
f 440/45/15 441/842/15 12/46/15
f 22/47/1 423/51/1 421/48/1
f 22/47/1 21/760/1 422/50/1
f 23/52/1 418/71/1 419/53/1
f 442/55/15 827/1232/291 811/56/16
f 17/61/1 29/180/1 28/62/1
f 28/62/1 27/311/1 15/64/1
f 184/65/1 185/8620/1 26/66/1
f 26/66/1 25/69/1 13/68/1
f 25/69/1 36/175/1 91/70/1
f 181/49/1 421/48/1 418/71/1
f 829/72/17 2/8621/18 671/73/18
f 5/75/4 36/23/4 53/25/4
f 40/77/4 54/104/4 177/78/4
f 39/76/4 53/25/4 125/80/4
f 49/82/1 63/848/1 61/83/1
f 48/85/4 50/846/4 173/86/4
f 186/88/15 44/127/15 58/89/15
f 46/91/4 48/85/4 171/87/4
f 52/93/18 66/869/18 106/94/18
f 186/96/4 46/91/4 169/92/4
f 42/98/4 44/309/4 167/99/4
f 43/101/1 57/148/1 55/102/1
f 54/104/4 42/98/4 165/100/4
f 53/25/4 41/24/4 123/105/4
f 52/106/4 652/215/4 180/107/4
f 51/9/4 38/8/4 121/109/4
f 58/89/4 56/128/4 68/111/4
f 126/113/4 55/102/4 67/114/4
f 60/116/4 72/307/4 74/117/4
f 59/119/4 71/146/4 191/120/4
f 45/122/1 59/119/1 189/121/1
f 48/124/15 46/310/15 60/116/15
f 41/125/19 55/102/19 126/113/3
f 44/127/15 42/8622/15 56/128/15
f 466/129/15 50/132/15 64/130/15
f 47/84/1 61/83/1 59/119/1
f 50/132/15 48/124/15 62/118/15
f 67/133/18 79/159/18 130/134/18
f 72/136/1 84/187/1 86/137/1
f 191/139/15 71/165/15 83/140/15
f 470/142/1 76/166/1 88/143/1
f 59/119/4 61/83/4 73/145/4
f 62/118/4 74/117/4 76/147/4
f 57/148/4 69/308/4 67/114/4
f 106/94/4 66/869/4 78/149/4
f 188/90/4 58/89/4 70/112/4
f 61/83/4 63/848/4 75/152/4
f 64/130/4 76/147/4 470/153/4
f 85/154/4 87/850/4 134/155/4
f 83/140/4 85/154/4 133/156/4
f 193/141/4 83/140/4 132/157/4
f 79/159/4 81/306/4 131/160/4
f 68/161/1 80/182/1 82/162/1
f 73/164/15 85/154/15 83/140/15
f 74/138/1 86/137/1 88/143/1
f 69/167/15 81/306/15 79/159/15
f 78/169/3 90/750/3 120/170/3
f 70/163/1 82/162/1 192/172/1
f 75/174/15 87/850/15 85/154/15
f 454/177/20 37/8623/2895 8/178/7
f 474/179/1 464/827/1 29/180/1
f 110/181/4 112/305/4 82/162/4
f 109/183/4 111/304/4 145/184/4
f 194/186/4 114/191/4 84/187/4
f 195/188/4 113/192/4 146/189/4
f 114/191/4 116/261/4 86/137/4
f 113/192/4 115/1261/4 147/193/4
f 86/137/4 116/261/4 118/194/4
f 147/193/4 115/1261/4 117/195/4
f 105/197/4 108/246/4 129/198/4
f 142/200/4 106/94/4 200/150/4
f 481/202/18 110/181/18 80/182/21
f 107/204/18 109/183/18 144/185/21
f 98/206/3 104/211/3 56/128/3
f 97/208/3 103/240/3 141/209/3
f 104/211/4 481/245/4 68/111/4
f 141/209/4 103/240/4 107/212/4
f 100/214/4 93/244/4 652/215/4
f 99/216/4 94/241/4 136/217/4
f 102/219/4 98/243/4 42/98/4
f 101/220/4 97/242/4 138/221/4
f 99/223/18 105/197/18 127/199/18
f 100/95/18 106/94/18 142/200/18
f 96/226/4 102/219/4 54/104/4
f 95/227/4 101/220/4 140/222/4
f 124/224/18 127/199/18 65/229/18
f 127/199/4 129/198/4 77/231/4
f 129/232/22 135/303/22 89/233/3
f 145/184/1 155/236/1 143/235/1
f 197/190/1 159/8624/1 155/236/1
f 476/237/15 117/195/15 480/238/15
f 123/126/3 126/113/3 103/240/3
f 103/240/4 126/113/4 128/115/4
f 124/110/4 121/109/4 94/241/4
f 125/80/4 123/105/4 97/242/4
f 122/81/4 125/80/4 101/220/4
f 137/228/4 140/222/4 102/219/4
f 139/225/18 142/200/18 105/197/18
f 140/222/4 138/221/4 98/243/4
f 139/218/4 136/217/4 93/244/4
f 141/209/4 143/213/4 481/245/4
f 138/210/3 141/209/3 104/211/3
f 142/200/4 160/201/4 108/246/4
f 143/213/4 155/251/4 153/247/4
f 477/248/1 150/8625/1 199/249/1
f 162/250/1 159/8624/1 197/190/1
f 155/251/4 159/269/4 157/252/4
f 160/253/3 149/832/3 119/254/3
f 475/256/15 156/259/15 200/257/15
f 475/256/15 118/194/15 152/258/15
f 118/194/15 116/261/15 198/260/15
f 116/261/15 114/191/15 161/262/15
f 150/263/4 129/198/4 108/246/4
f 836/265/4 199/853/4 480/266/4
f 162/250/1 146/189/1 147/193/1
f 159/269/4 162/271/4 161/270/4
f 148/196/1 154/295/1 479/268/1
f 162/271/4 479/834/4 198/272/4
f 175/108/4 180/107/4 236/273/4
f 177/78/4 165/100/4 214/275/4
f 572/277/23 568/940/79 586/278/24
f 169/280/1 203/331/1 212/281/1
f 172/283/15 206/330/15 208/284/15
f 202/286/3 212/281/3 234/287/3
f 170/289/15 201/8626/15 211/290/15
f 163/79/4 177/78/4 220/276/4
f 167/99/4 202/97/4 223/293/4
f 154/295/1 148/196/1 478/296/1
f 161/262/15 114/191/15 194/186/15
f 154/299/4 158/852/4 156/300/4
f 129/302/1 150/8625/1 477/248/1
f 111/304/4 195/188/4 197/190/4
f 112/305/4 194/186/4 192/172/4
f 190/173/1 192/172/1 84/187/1
f 81/306/4 193/141/4 196/158/4
f 60/116/4 188/90/4 190/151/4
f 69/167/15 191/139/15 193/141/15
f 187/123/1 189/121/1 57/148/1
f 189/121/4 191/120/4 69/308/4
f 44/309/4 186/96/4 202/97/4
f 46/310/15 186/88/15 188/90/15
f 27/311/1 185/8620/1 184/65/1
f 444/40/15 183/42/15 9/312/15
f 26/313/4 185/28/4 187/30/4
f 448/15/8 9/14/8 183/314/9
f 240/315/26 210/835/4 386/316/4
f 208/284/4 384/339/4 486/318/27
f 205/320/4 207/329/4 391/321/4
f 234/287/4 212/281/4 388/323/4
f 174/285/15 208/284/15 484/319/15
f 176/326/18 210/835/18 240/315/18
f 171/328/1 173/854/1 207/329/1
f 172/283/15 170/289/15 204/291/15
f 171/328/1 205/320/1 203/331/1
f 249/292/4 220/276/4 250/332/4
f 254/333/4 250/332/4 178/334/4
f 252/336/4 247/398/4 201/337/4
f 206/330/4 383/348/4 384/339/4
f 205/320/4 390/322/4 389/340/4
f 556/341/28 574/654/78 575/342/29
f 232/344/26 395/404/4 392/345/4
f 206/330/4 204/291/4 382/347/4
f 573/349/31 572/277/23 590/279/25
f 565/351/33 567/917/76 585/352/34
f 556/354/36 611/993/36 614/355/37
f 570/357/15 622/979/15 628/358/38
f 559/356/37 614/355/37 615/360/40
f 571/362/41 569/359/39 628/358/38
f 545/364/42 600/420/42 609/365/43
f 566/367/45 617/375/48 616/368/46
f 539/370/15 538/388/39 593/371/39
f 251/327/18 240/315/18 232/344/18
f 563/374/47 618/991/47 617/375/48
f 554/376/45 602/396/60 603/377/49
f 568/379/50 619/997/50 613/380/51
f 543/382/40 542/397/61 606/383/53
f 572/385/55 573/985/42 621/386/56
f 538/388/39 541/980/41 596/389/41
f 552/390/1 551/977/36 610/391/57
f 543/382/40 607/384/54 608/393/37
f 554/376/45 550/990/69 601/395/59
f 555/378/47 603/377/49 606/383/53
f 216/294/4 223/293/4 247/398/4
f 549/399/52 605/987/52 598/400/50
f 247/402/3 239/405/3 211/290/3
f 240/315/26 385/317/4 395/404/4
f 203/331/4 389/340/4 388/323/4
f 239/405/4 393/742/4 387/406/4
f 204/291/4 211/290/4 387/406/4
f 218/373/18 232/344/18 209/346/18
f 251/408/4 248/413/4 179/409/4
f 250/332/4 253/412/4 166/411/4
f 223/288/3 234/287/3 239/405/3
f 220/276/4 214/275/4 253/412/4
f 218/274/4 236/273/4 248/413/4
f 539/414/15 594/8627/15 595/415/63
f 546/366/44 609/365/43 597/417/65
f 545/364/42 548/984/66 599/419/66
f 523/421/4 526/454/4 544/422/4
f 537/424/4 555/445/4 542/425/4
f 535/427/4 553/456/4 551/428/4
f 520/430/4 523/421/4 541/423/4
f 525/432/4 524/426/4 542/425/4
f 533/429/4 551/428/4 552/434/4
f 253/412/4 214/275/4 216/294/4
f 216/294/4 214/275/4 165/100/4
f 521/436/4 539/444/4 540/437/4
f 531/439/4 534/435/4 552/434/4
f 532/441/4 550/448/4 554/442/4
f 521/436/4 520/430/4 538/431/4
f 536/443/4 554/442/4 555/445/4
f 531/439/4 549/440/4 547/446/4
f 522/438/4 540/437/4 550/448/4
f 528/449/26 527/453/26 545/450/26
f 530/452/4 548/455/4 545/450/26
f 526/454/4 528/449/26 546/451/26
f 529/447/4 547/446/4 548/455/4
f 525/432/4 543/433/4 553/456/4
f 253/412/4 252/336/4 168/338/4
f 243/457/66 235/480/50 267/458/50
f 245/460/67 243/457/66 271/459/66
f 225/462/49 262/475/49 263/463/53
f 229/465/69 264/487/69 265/466/48
f 245/460/67 272/461/67 259/468/70
f 237/470/39 268/486/38 269/471/15
f 238/472/15 269/471/15 266/473/64
f 225/462/49 230/467/48 265/466/48
f 215/476/1 213/488/36 255/477/36
f 217/479/52 257/482/52 267/458/50
f 217/479/52 215/8628/1 256/481/1
f 222/483/65 260/493/65 270/484/41
f 237/470/39 241/485/41 270/484/41
f 233/474/64 266/473/64 264/487/69
f 213/488/36 219/492/72 258/489/58
f 227/464/68 263/463/53 261/490/40
f 219/492/72 224/491/40 261/490/40
f 221/469/71 259/468/70 260/493/65
f 260/494/4 278/524/4 288/495/4
f 264/497/4 282/510/4 283/498/4
f 263/500/26 281/505/26 279/501/4
f 265/499/4 283/498/4 280/503/26
f 262/504/26 280/503/26 281/505/26
f 257/506/4 275/520/4 285/507/4
f 264/497/4 266/518/4 284/509/4
f 272/511/4 271/517/4 289/512/4
f 255/514/4 273/526/4 274/515/4
f 271/517/4 267/508/4 285/507/4
f 266/518/4 269/521/4 287/519/4
f 256/516/4 274/515/4 275/520/4
f 269/521/4 268/527/4 286/522/4
f 260/494/4 259/528/4 277/523/4
f 258/525/4 276/529/4 273/526/4
f 268/527/4 270/496/4 288/495/4
f 259/528/4 272/511/4 290/513/4
f 261/502/4 279/501/4 276/529/4
f 292/530/66 296/582/50 532/531/62
f 283/533/66 352/699/66 353/534/67
f 281/536/43 362/603/43 350/537/65
f 307/539/1 521/8629/1 522/540/52
f 275/542/64 274/8630/15 347/543/15
f 284/545/52 358/703/52 351/546/50
f 305/548/37 302/587/40 526/549/40
f 290/551/73 356/591/49 359/552/53
f 289/554/45 285/706/59 354/555/59
f 293/557/41 535/701/106 533/558/39
f 278/560/40 360/586/40 361/561/37
f 294/563/15 534/712/15 531/564/64
f 308/566/36 305/548/37 523/550/58
f 286/568/36 363/692/36 357/569/1
f 291/571/56 537/610/56 524/572/71
f 307/574/1 308/566/36 520/567/36
f 301/576/47 527/708/47 528/577/61
f 273/579/39 276/695/41 349/580/41
f 296/582/50 306/541/52 522/540/52
f 325/583/55 326/700/56 374/584/56
f 277/553/68 359/552/53 360/586/40
f 300/578/74 528/577/61 526/549/40
f 321/588/50 372/715/50 366/589/52
f 289/554/45 355/556/45 356/591/49
f 297/565/64 531/564/64 529/592/59
f 316/594/73 371/707/73 370/595/45
f 274/597/15 273/579/39 346/581/39
f 303/599/75 304/573/71 524/572/71
f 318/601/59 319/596/45 370/595/45
f 280/535/67 353/534/67 362/603/43
f 324/604/41 322/612/39 381/605/39
f 312/607/37 367/614/37 368/608/40
f 292/530/66 536/532/66 537/610/56
f 323/611/15 375/694/15 381/605/39
f 309/613/36 364/710/36 367/614/37
f 298/615/45 299/593/46 529/592/59
f 320/617/76 338/629/34 336/618/35
f 325/620/23 343/627/80 344/621/32
f 310/623/77 309/637/28 327/624/78
f 321/626/79 339/652/24 343/627/80
f 320/617/76 323/633/85 341/628/81
f 310/623/77 328/625/29 329/630/82
f 322/632/84 340/640/91 341/628/81
f 314/634/86 313/641/92 331/635/87
f 309/637/28 312/643/94 330/638/89
f 324/639/90 342/644/95 340/640/91
f 326/622/31 344/621/32 331/635/87
f 315/642/93 333/648/99 330/638/89
f 324/639/90 314/634/86 332/636/88
f 319/645/96 318/619/33 336/618/35
f 315/642/93 317/651/102 335/647/98
f 319/645/96 337/646/97 334/649/100
f 316/650/101 334/649/100 335/647/98
f 321/626/79 311/631/83 329/630/82
f 353/656/4 371/691/4 380/657/4
f 348/659/4 366/674/4 372/660/103
f 358/662/4 376/673/4 369/663/104
f 356/665/4 355/671/26 373/666/26
f 347/668/4 346/680/4 364/669/4
f 354/661/103 372/660/103 373/666/26
f 357/672/4 375/676/4 376/673/4
f 348/659/4 347/668/4 365/670/4
f 363/675/4 381/683/4 375/676/4
f 359/677/4 377/684/4 378/678/26
f 346/680/4 349/685/27 367/681/27
f 361/682/105 379/687/105 381/683/4
f 356/665/4 374/667/4 377/684/4
f 349/685/27 350/690/4 368/686/4
f 360/679/26 378/678/26 379/687/105
f 351/664/104 369/663/104 370/688/4
f 350/690/4 362/658/4 380/657/4
f 353/656/4 352/689/4 370/688/4
f 288/562/37 361/561/37 363/692/36
f 323/611/15 320/711/64 376/693/64
f 279/538/65 350/537/65 349/580/41
f 313/696/71 314/702/65 378/697/65
f 283/533/66 282/547/50 351/546/50
f 313/696/71 377/698/71 374/584/56
f 303/599/75 525/600/75 535/701/106
f 314/702/65 324/604/41 379/606/41
f 287/570/1 357/569/1 358/703/52
f 317/704/53 315/609/40 368/608/40
f 285/706/59 275/542/64 348/544/64
f 317/704/53 380/705/53 371/707/73
f 301/576/47 298/615/45 530/616/45
f 309/613/36 310/8631/1 365/709/1
f 320/711/64 318/601/59 369/602/59
f 294/563/15 295/559/39 533/558/39
f 310/713/1 311/590/52 366/589/52
f 325/583/55 373/585/55 372/715/50
f 403/716/15 489/855/15 487/717/15
f 384/719/1 226/726/1 488/720/1
f 391/722/15 402/856/15 401/723/15
f 383/725/1 231/732/1 226/726/1
f 395/727/22 406/801/22 403/716/22
f 390/724/15 401/723/15 400/729/15
f 383/725/1 382/741/1 244/731/1
f 388/733/21 399/736/21 405/734/21
f 389/730/15 400/729/15 399/736/15
f 393/738/18 404/747/18 398/739/21
f 382/741/1 387/8632/1 398/739/1
f 78/149/4 66/869/4 468/131/4
f 239/405/4 234/287/4 394/324/4
f 399/736/4 400/729/4 409/743/4
f 400/729/4 401/723/4 408/744/4
f 401/723/4 402/856/4 407/745/4
f 194/186/15 112/305/15 153/746/15
f 404/747/4 246/748/4 244/731/4
f 246/748/4 242/749/4 231/732/4
f 242/749/4 228/824/4 226/726/4
f 472/144/4 475/256/4 120/170/4
f 407/745/1 414/757/1 413/751/1
f 386/752/22 397/807/22 396/753/3
f 477/248/4 473/8633/4 89/233/4
f 246/748/15 415/1271/15 492/755/15
f 491/756/1 410/8634/1 414/757/1
f 409/743/1 408/744/1 413/751/1
f 24/54/1 419/53/1 424/759/1
f 21/760/1 20/844/1 425/761/1
f 30/762/1 648/8635/1 417/763/1
f 671/765/1 2/8636/1 420/766/1
f 654/768/1 435/8637/1 445/769/1
f 659/770/1 445/769/1 417/771/1
f 670/773/1 671/765/1 446/767/1
f 434/775/15 444/40/15 438/38/15
f 670/777/18 817/866/125 821/74/17
f 77/231/4 471/849/4 469/778/4
f 431/779/15 441/842/15 440/45/15
f 430/780/15 440/45/15 439/43/15
f 429/781/15 439/43/15 444/40/15
f 427/782/15 428/776/15 438/38/15
f 427/782/15 437/35/15 443/37/15
f 639/784/3 815/1239/2 823/785/2
f 14/787/8 448/15/8 456/16/9
f 92/789/107 455/806/113 452/790/108
f 91/792/20 454/177/20 447/13/7
f 16/794/12 450/20/12 451/22/14
f 15/796/10 449/18/10 450/20/12
f 184/788/9 456/16/9 449/18/10
f 13/793/7 447/13/7 448/15/8
f 5/797/110 453/1246/110 454/177/20
f 814/798/111 827/1232/291 442/55/15
f 467/800/4 464/8638/4 32/7/4
f 491/756/4 489/855/4 403/716/4
f 416/802/1 435/8637/1 654/768/1
f 494/804/112 465/840/124 33/805/113
f 488/720/4 490/859/4 396/753/4
f 7/808/15 460/8639/15 462/809/15
f 474/810/114 494/804/112 455/806/113
f 780/811/115 768/1191/243 757/812/116
f 777/814/118 762/1189/241 745/815/119
f 701/817/121 747/1141/182 751/818/122
f 674/820/1 3/8640/1 670/773/1
f 442/55/15 463/822/15 462/809/15
f 386/316/4 210/835/4 484/319/4
f 397/807/1 386/8641/1 486/721/1
f 462/809/15 460/8639/15 31/821/15
f 33/57/15 465/843/15 463/822/15
f 242/749/15 492/755/15 493/823/15
f 209/346/1 485/838/1 483/825/1
f 92/60/1 32/59/1 464/827/1
f 469/778/1 467/847/1 51/828/1
f 476/237/15 151/239/15 108/829/15
f 89/233/15 473/8633/15 471/830/15
f 478/296/4 476/237/4 119/254/4
f 478/296/1 149/832/1 160/833/1
f 479/834/4 154/299/4 152/301/4
f 210/835/15 176/8642/15 482/325/15
f 78/836/1 470/142/1 472/144/1
f 483/837/4 466/8643/4 52/106/4
f 392/345/4 487/857/104 485/838/104
f 426/764/1 461/845/1 459/839/1
f 451/22/14 12/21/13 465/840/124
f 29/841/4 464/8638/4 467/800/4
f 441/842/15 463/822/15 465/843/15
f 20/844/1 459/839/1 461/845/1
f 50/846/4 466/8643/4 483/837/4
f 467/847/1 469/778/1 63/848/1
f 63/848/4 469/778/4 471/849/4
f 471/830/15 473/8633/15 87/850/15
f 87/850/4 473/8633/4 477/248/4
f 118/194/4 475/256/4 472/144/4
f 117/195/4 476/237/4 478/296/4
f 112/305/15 110/181/15 481/851/15
f 158/852/4 160/201/4 200/150/4
f 199/853/4 150/263/4 151/264/4
f 173/854/1 483/825/1 485/838/1
f 391/722/15 487/717/15 489/855/15
f 207/329/4 485/838/104 487/857/104
f 402/856/4 489/855/4 491/756/4
f 228/824/4 490/859/4 488/720/4
f 228/824/15 493/823/15 411/858/15
f 431/779/15 462/809/15 463/822/15
f 17/795/109 451/22/14 494/804/112
f 1/860/15 6/867/15 430/780/15
f 1/860/15 429/781/15 434/775/15
f 182/861/15 434/775/15 428/776/15
f 19/863/15 18/862/15 428/776/15
f 34/864/15 19/863/15 427/782/15
f 670/777/18 3/8644/18 833/865/125
f 6/867/15 7/808/15 431/779/15
f 52/868/15 466/129/15 468/131/15
f 495/870/126 507/883/126 514/871/127
f 633/873/128 635/8645/128 512/874/129
f 512/874/129 511/877/130 497/876/130
f 511/877/130 510/879/131 498/878/131
f 510/879/131 509/881/132 499/880/132
f 509/881/132 508/8646/2896 500/882/133
f 500/882/133 508/8646/2896 507/883/126
f 514/871/127 519/8647/134 502/884/134
f 502/884/134 519/8647/134 518/885/135
f 503/886/135 518/885/135 517/887/136
f 517/887/136 516/8648/2897 505/889/138
f 505/889/138 516/8648/2897 515/890/139
f 515/890/139 513/1003/140 634/892/140
f 515/893/18 516/8649/18 511/894/18
f 513/896/18 515/893/18 512/895/18
f 511/894/18 516/8649/18 517/898/18
f 517/898/18 518/901/18 509/900/21
f 518/901/18 519/903/18 508/902/18
f 519/903/18 514/8650/21 507/904/141
f 496/905/3 506/8651/3 634/906/3
f 505/908/3 506/8651/3 496/905/3
f 504/910/3 505/908/3 497/909/3
f 499/912/3 503/8652/3 504/910/3
f 502/913/3 503/8652/3 499/912/3
f 501/915/19 502/913/3 500/914/22
f 567/917/76 570/922/143 588/918/81
f 557/343/30 575/342/29 576/919/82
f 569/921/142 587/928/91 588/918/81
f 561/923/86 560/929/92 578/924/87
f 559/926/94 577/931/89 574/654/78
f 571/927/90 589/932/95 587/928/91
f 573/349/31 591/350/32 578/924/87
f 562/930/93 580/936/99 577/931/89
f 571/927/90 561/923/86 579/925/88
f 565/351/33 583/353/35 584/933/97
f 562/930/93 564/939/102 582/935/98
f 566/934/96 584/933/97 581/937/144
f 564/939/102 563/938/101 581/937/144
f 558/920/83 576/919/82 586/278/24
f 600/941/4 618/976/4 627/942/4
f 601/944/103 595/959/4 613/945/4
f 598/947/104 605/958/4 623/948/4
f 603/950/4 602/956/103 620/951/103
f 594/953/4 593/966/4 611/954/4
f 602/956/103 601/944/103 619/946/103
f 604/957/4 622/961/4 623/948/4
f 595/959/4 594/953/4 612/955/4
f 610/960/4 628/968/26 622/961/4
f 606/962/4 624/969/4 625/963/105
f 596/965/27 614/971/27 611/954/4
f 608/967/105 626/972/105 628/968/26
f 606/962/4 603/950/4 621/952/4
f 597/970/27 615/975/27 614/971/27
f 607/964/105 625/963/105 626/972/105
f 598/947/104 616/949/104 617/973/4
f 609/943/4 627/942/4 615/975/27
f 599/974/4 617/973/4 618/976/4
f 551/977/36 553/394/58 608/393/37
f 570/357/15 567/994/64 623/978/145
f 544/418/65 597/417/65 596/389/41
f 561/981/65 625/986/75 624/982/44
f 547/401/62 598/400/50 599/419/66
f 573/985/42 560/983/44 624/982/44
f 571/362/41 626/363/41 625/986/75
f 549/399/52 552/390/1 604/392/1
f 564/988/61 562/361/40 615/360/40
f 540/416/64 595/415/63 601/395/59
f 564/988/61 627/989/61 618/991/47
f 557/992/1 612/8653/1 611/993/36
f 567/994/64 565/369/46 616/368/46
f 557/995/1 558/381/52 613/380/51
f 568/379/50 572/385/55 620/387/55
f 632/998/18 513/896/18 635/897/18
f 631/1000/15 635/8645/128 633/873/128
f 630/1002/1 634/892/140 513/1003/140
f 629/1005/3 633/907/3 634/906/3
f 457/1007/5 696/1106/5 458/1008/5
f 433/783/15 443/37/15 820/1016/151
f 31/821/15 824/1241/111 814/798/111
f 4/1018/3 660/1046/3 662/1019/3
f 652/1021/3 661/1045/3 663/1022/3
f 666/1026/5 667/1040/5 665/1027/5
f 645/1029/5 641/1032/5 640/1030/5
f 641/1032/155 647/1037/155 646/1033/156
f 655/1034/157 669/1042/166 646/1033/5
f 656/1036/5 657/1035/5 646/1033/5
f 658/1038/158 656/1036/5 647/1037/5
f 667/1040/160 644/1031/160 642/1041/161
f 646/1033/156 669/1042/162 642/1041/162
f 666/1026/163 668/1044/164 643/1043/164
f 647/1037/155 641/1032/155 643/1043/165
f 664/1028/5 658/8654/158 668/1044/159
f 655/1034/157 665/1027/5 667/1040/5
f 644/1031/160 667/1040/160 666/1026/163
f 652/1021/3 38/1020/3 662/1019/3
f 452/6/3 638/5/3 660/1046/3
f 638/5/3 639/784/3 655/1047/3
f 639/1048/5 637/8655/5 636/1049/5
f 826/1051/2 815/1239/2 639/784/3
f 694/1052/167 637/8655/167 639/1053/167
f 636/1049/3 637/8655/3 694/1052/3
f 665/1056/3 655/8656/3 649/1057/3
f 661/1011/147 662/1013/147 657/1015/150
f 658/1059/3 664/1063/3 651/1060/3
f 649/1062/15 655/8657/15 636/1049/15
f 665/1056/3 650/1058/3 651/1060/3
f 180/1023/3 663/1022/3 659/1064/3
f 658/1059/3 654/1067/3 659/1064/3
f 658/1059/3 653/1061/3 677/1066/3
f 692/1068/5 690/8658/5 823/11/5
f 443/37/15 37/36/15 830/1070/168
f 832/1071/152 34/864/15 433/783/15
f 672/1072/18 675/1076/18 674/1073/18
f 416/1075/5 674/8659/5 675/1076/5
f 673/1077/1 675/1076/1 672/1072/1
f 676/1078/3 417/8660/3 416/1079/3
f 672/1072/4 420/8661/4 417/1080/4
f 683/1081/5 685/1109/5 679/1082/5
f 686/1084/5 684/8662/5 3/1085/5
f 679/1087/1 687/1112/1 416/1088/1
f 682/1090/1 3/8663/1 674/1091/1
f 693/1093/5 691/1252/5 678/1094/5
f 692/1068/5 680/1111/5 695/1096/5
f 685/1098/5 683/8664/5 649/1099/5
f 684/1101/5 686/8665/5 681/1102/5
f 686/1104/15 685/8666/15 457/1007/15
f 685/1105/18 680/8667/18 696/1106/18
f 698/1009/3 458/1008/3 681/1107/3
f 685/1109/5 686/1084/5 682/1086/5
f 696/1106/1 680/8668/1 681/1110/1
f 692/1068/5 693/1093/5 681/1095/5
f 31/1069/5 34/1225/5 693/1093/5
f 682/1090/1 689/1092/1 687/1112/1
f 706/1113/169 773/1184/234 741/1114/170
f 726/1116/172 729/1178/2898 753/1117/173
f 717/1119/175 750/1160/206 742/1120/176
f 801/1122/178 790/1205/260 797/1123/179
f 22/1125/4 170/1134/4 172/1126/4
f 21/1127/4 172/1126/4 174/1128/4
f 20/1129/4 174/1128/4 482/1130/4
f 482/1130/4 176/410/4 30/1132/4
f 30/1132/4 176/410/4 179/409/4
f 170/1134/4 22/1125/4 181/1135/4
f 23/1136/4 168/338/4 201/337/4
f 24/1137/4 166/411/4 168/338/4
f 35/1138/4 178/334/4 166/411/4
f 2/1139/4 164/335/4 178/334/4
f 700/1140/181 749/1222/2899 747/1141/182
f 705/1142/183 737/8669/222 735/1143/184
f 699/1145/186 702/1217/279 700/1140/187
f 736/1115/171 737/8670/222 705/1142/183
f 703/1146/188 706/1113/287 705/1142/189
f 709/1147/191 761/8671/2900 759/1148/192
f 760/1150/194 761/8672/2900 709/1147/191
f 707/1152/196 710/1151/280 709/1147/197
f 739/1153/171 740/8673/222 712/1154/198
f 712/1154/198 740/8674/222 738/1156/200
f 751/818/122 752/1221/2901 716/1158/202
f 711/1159/203 714/1155/307 712/1154/204
f 716/1158/202 752/8675/2901 750/1160/206
f 745/815/119 746/8676/253 720/1161/207
f 715/1162/208 718/819/123 716/1158/209
f 720/1161/207 746/8677/253 744/1163/170
f 725/1165/212 767/8678/2902 765/1166/213
f 719/1168/215 722/816/284 720/1161/216
f 766/1118/174 767/8679/2902 725/1165/212
f 723/1169/218 726/1116/281 725/1165/219
f 728/1170/220 730/1253/305 754/1171/221
f 753/1117/173 729/1178/2898 728/1170/220
f 732/1174/223 734/1220/283 788/1175/224
f 727/1177/226 730/1253/306 728/1170/227
f 787/1179/229 733/1183/233 732/1174/223
f 742/1120/176 743/8680/253 772/1181/230
f 731/1182/231 734/1220/282 732/1174/232
f 772/1181/230 743/8681/253 741/1114/170
f 763/1185/235 764/8682/2903 776/1186/236
f 771/1188/238 774/1121/285 772/1181/239
f 776/1186/236 764/8683/2903 762/1189/241
f 781/1190/242 770/8684/2904 768/1191/243
f 775/1192/244 778/1187/237 776/1186/245
f 769/1193/247 770/8685/2904 781/1190/242
f 779/1195/249 782/1194/248 781/1190/250
f 784/1196/252 786/813/117 757/812/116
f 756/1198/170 785/1204/304 784/1196/252
f 791/1200/254 792/8686/2905 800/1201/255
f 783/1203/257 786/813/286 784/1196/258
f 800/1201/255 792/8687/2905 790/1205/260
f 794/1206/261 795/8688/2906 804/1207/262
f 799/1209/264 802/1202/256 800/1201/265
f 804/1207/262 795/8689/2906 793/1210/267
f 808/1212/269 810/1124/180 797/1123/179
f 803/1214/271 806/1208/309 804/1207/272
f 796/1215/274 809/1219/308 808/1212/269
f 735/1143/184 748/8618/2893 702/1217/275
f 807/1218/276 810/1124/288 808/1212/277
f 699/1145/186 703/1146/188 704/1144/190
f 710/1151/195 713/1157/201 738/1156/200
f 707/1152/196 711/1159/203 713/1157/205
f 723/1169/218 727/1177/226 729/1178/228
f 731/1182/231 803/1214/271 805/1211/273
f 734/1220/283 805/1211/268 793/1210/267
f 715/1162/208 771/1188/238 703/1146/188
f 722/816/284 719/1168/215 775/1192/244
f 774/1121/285 771/1188/238 715/1162/208
f 786/813/286 783/1203/257 779/1195/249
f 771/1188/238 773/1184/240 706/1113/287
f 810/1124/288 807/1218/276 799/1209/264
f 724/1167/214 765/1166/213 769/1193/247
f 752/1221/5 751/818/5 747/1141/5
f 701/817/121 718/819/123 715/1162/208
f 832/1223/5 835/8690/2907 834/1224/5
f 818/1017/152 820/1016/151 822/1226/289
f 819/1228/289 822/1231/289 821/74/17
f 820/1016/151 830/1070/168 831/1229/290
f 831/1230/290 829/72/17 821/74/17
f 827/1232/291 814/798/111 816/1233/292
f 816/1235/292 815/1239/2 826/1051/2
f 827/1232/291 828/1234/292 813/1237/293
f 828/1236/292 826/1051/2 812/4/2
f 815/1239/2 816/1235/292 825/1240/294
f 816/1233/292 814/798/111 824/1241/111
f 832/1071/152 818/1017/152 819/1227/289
f 819/1228/289 817/866/125 833/865/125
f 829/1245/297 37/8623/2895 454/177/20
f 830/1247/298 37/8623/2908 829/1245/299
f 455/806/113 33/805/113 812/1249/301
f 812/1249/301 33/805/113 811/1250/302
f 693/1093/5 34/1225/5 834/1224/5
f 785/1204/304 756/1198/170 754/1171/221
f 782/1194/248 779/1195/249 723/1169/218
f 779/1195/249 783/1203/257 727/1177/226
f 727/1177/226 783/1203/257 785/1204/259
f 721/1164/211 744/1163/170 739/1153/171
f 763/1185/235 778/1187/237 708/1149/193
f 719/1168/215 721/1164/217 714/1155/307
f 775/1192/244 719/1168/215 711/1159/203
f 778/1187/237 775/1192/244 707/1152/196
f 802/1202/256 733/1183/233 787/1179/229
f 809/1219/308 796/1215/274 794/1206/261
f 802/1202/256 799/1209/264 731/1182/231
f 731/1182/231 799/1209/264 807/1218/276
f 807/1218/276 809/1219/278 806/1208/309
f 838/1254/4 836/265/4 837/267/4
f 117/195/15 115/1261/15 837/1256/15
f 134/155/1 199/249/1 836/1257/1
f 840/1258/4 838/1254/4 839/1255/4
f 133/156/1 836/1257/1 838/1260/1
f 115/1261/15 113/192/15 839/1262/15
f 842/1263/4 840/1258/4 841/1259/4
f 132/157/1 838/1260/1 840/1265/1
f 195/188/15 841/1268/15 839/1262/15
f 128/115/4 842/1263/4 843/1264/4
f 196/158/1 840/1265/1 842/1266/1
f 195/188/15 111/304/15 843/1267/15
f 842/1266/1 128/8691/1 130/134/1
f 111/304/15 109/183/15 107/1269/15
f 490/859/15 411/858/15 385/1270/310
f 415/1271/15 246/748/15 404/747/15
f 405/734/1 409/743/1 412/758/1
f 395/1274/1 410/8634/1 491/756/1
f 385/317/4 411/1276/4 410/1275/4
f 411/1276/4 493/1278/4 414/1277/4
f 493/1278/4 492/1280/4 413/1279/4
f 492/1280/4 415/1282/4 412/1281/4
f 394/324/4 412/1281/4 415/1282/4
f 865/1283/311 861/1321/363 862/1284/312
f 855/1286/314 851/1313/2909 848/1287/315
f 867/1289/317 866/1285/358 862/1284/318
f 902/1291/320 898/1338/2910 899/1292/321
f 847/1294/323 1715/1302/2911 1712/1295/324
f 844/1297/326 1712/2466/1877 1713/1298/327
f 845/1299/329 1713/1298/1874 1714/1300/330
f 846/1301/332 1714/1300/1875 1715/1302/333
f 856/1303/335 859/1309/360 855/1286/314
f 857/1304/336 856/1322/362 852/1305/337
f 857/1304/339 853/1306/2912 854/1307/340
f 858/1308/342 854/1307/2913 855/1286/343
f 848/1287/315 851/1313/2909 847/1294/323
f 845/1299/328 849/1311/364 848/1310/345
f 849/1311/346 845/1299/329 846/1301/331
f 851/1313/348 850/1312/365 846/1301/332
f 868/1314/349 871/1319/368 867/1289/350
f 868/1316/352 864/1323/366 865/1283/353
f 869/1317/355 865/1283/311 866/1285/313
f 871/1319/357 870/1318/372 866/1285/358
f 860/1320/359 863/1290/1920 859/1309/360
f 861/1321/361 860/8692/2914 856/1322/362
f 861/1321/363 857/1304/339 858/1308/341
f 862/1284/318 858/1308/342 859/1309/344
f 849/1311/364 853/1306/338 852/1305/337
f 855/1286/343 854/1307/2913 850/1312/365
f 854/1307/340 853/1306/2912 849/1311/346
f 864/1323/366 860/8692/2914 861/1321/361
f 872/1324/367 875/1328/374 871/1319/368
f 869/1317/354 873/1330/376 872/1325/369
f 874/1326/370 873/1330/378 869/1317/355
f 871/1319/357 875/1328/380 874/1326/371
f 872/1324/367 876/1343/394 879/1327/373
f 877/1329/375 876/1365/428 872/1325/369
f 878/1331/377 877/1329/398 873/1330/378
f 879/1327/379 878/1331/2915 874/1326/371
f 922/1332/381 921/1373/470 917/1333/382
f 896/1335/384 899/1292/396 895/1336/385
f 898/1338/387 902/1291/424 901/1339/388
f 901/1339/390 900/1362/423 896/1341/391
f 880/1342/393 883/1347/413 879/1327/373
f 900/1344/395 903/1293/421 899/1292/396
f 878/1331/377 882/1346/417 881/1345/397
f 882/1346/399 878/1331/2915 879/1327/379
f 892/1337/386 895/1336/385 891/1348/401
f 893/1350/403 892/1366/429 888/1351/404
f 890/1353/406 894/1354/430 893/1350/407
f 894/1354/409 890/1353/451 891/1348/410
f 884/1355/412 887/1359/449 883/1347/413
f 881/1345/414 885/1358/445 884/1356/415
f 882/1346/417 886/1378/450 885/1358/418
f 887/1359/419 886/1378/2916 882/1346/399
f 904/1360/420 907/1364/432 903/1293/421
f 905/1361/422 904/1369/434 900/1362/423
f 902/1291/424 906/1363/435 905/1361/425
f 906/1363/426 902/1291/320 903/1293/322
f 881/1345/414 880/1357/416 876/1365/428
f 893/1350/403 897/1340/392 896/1341/391
f 897/1340/389 893/1350/407 894/1354/430
f 899/1292/321 898/1338/2910 894/1354/409
f 908/1367/431 911/1371/453 907/1364/432
f 909/1368/433 908/1381/455 904/1369/434
f 906/1363/435 910/1370/457 909/1368/436
f 910/1370/437 906/1363/426 907/1364/427
f 919/1372/439 923/1375/483 922/1332/440
f 921/1373/442 920/1390/468 916/1374/443
f 889/1352/405 888/1351/404 884/1356/415
f 923/1375/446 919/1372/460 916/1376/447
f 888/1349/402 891/1348/401 887/1359/449
f 886/1378/450 890/1353/406 889/1352/408
f 890/1353/451 886/1378/2916 887/1359/419
f 912/1379/452 915/1384/2917 911/1371/453
f 913/1380/454 912/1383/461 908/1381/455
f 913/1380/456 909/1368/436 910/1370/457
f 911/1371/438 915/1384/462 914/1382/459
f 919/1372/460 915/1384/2917 912/1379/452
f 917/1333/444 916/1374/443 912/1383/461
f 918/1334/383 917/1333/382 913/1380/456
f 915/1384/462 919/1372/439 918/1334/441
f 937/1385/463 936/1413/504 932/1386/464
f 920/1377/448 924/1475/598 927/1388/466
f 925/1389/467 924/1473/597 920/1390/468
f 922/1332/381 926/1399/596 925/1389/469
f 928/1391/471 931/1401/486 991/1392/472
f 929/1394/474 928/1402/487 989/1395/475
f 988/1397/477 930/1398/488 929/1394/478
f 991/1392/480 931/1401/491 930/1398/481
f 923/1375/483 927/1388/595 926/1399/484
f 932/1400/485 935/1404/2918 931/1401/486
f 933/1387/465 932/1386/464 928/1402/487
f 930/1398/488 934/1403/494 933/1387/489
f 934/1403/490 930/1398/481 931/1401/491
f 938/1405/493 937/1385/506 933/1387/489
f 939/1406/495 935/1404/2918 932/1400/485
f 938/1405/497 934/1403/490 935/1404/492
f 963/1408/499 959/1441/2919 956/1409/500
f 936/1407/496 940/1415/508 943/1411/502
f 941/1412/503 940/1418/511 936/1413/504
f 942/1414/505 941/1412/513 937/1385/506
f 939/1406/498 943/1411/514 942/1414/507
f 940/1415/508 944/1420/516 947/1416/509
f 945/1417/510 944/1423/519 940/1418/511
f 946/1419/512 945/1417/521 941/1412/513
f 943/1411/514 947/1416/523 946/1419/515
f 944/1420/516 948/1426/525 951/1421/517
f 945/1417/510 949/1427/526 948/1422/518
f 950/1424/520 949/1427/529 945/1417/521
f 951/1421/522 950/1424/531 946/1419/515
f 952/1425/524 955/1430/547 951/1421/517
f 949/1427/526 953/1429/536 952/1428/527
f 950/1424/520 954/1432/533 953/1429/528
f 955/1430/530 954/1432/548 950/1424/531
f 957/1431/532 953/1429/528 954/1432/533
f 956/1434/535 952/1428/527 953/1429/536
f 962/1435/538 961/1437/552 957/1431/532
f 960/1436/539 956/1434/535 957/1431/537
f 1434/1438/541 1438/2091/1337 1437/1439/542
f 963/1408/544 962/1435/554 958/1433/545
f 956/1409/500 959/1441/2919 955/1430/547
f 959/1441/546 958/1433/545 954/1432/548
f 960/1410/501 964/1445/555 967/1442/549
f 961/1437/540 965/1447/557 964/1443/550
f 966/1444/551 965/1447/560 961/1437/552
f 967/1442/553 966/1444/562 962/1435/554
f 964/1445/555 968/1450/563 971/1446/556
f 965/1447/557 969/1452/565 968/1448/558
f 970/1449/559 969/1452/568 965/1447/560
f 971/1446/561 970/1449/570 966/1444/562
f 968/1450/563 972/1456/572 975/1451/564
f 969/1452/565 973/1457/573 972/1453/566
f 974/1454/567 973/1457/576 969/1452/568
f 975/1451/569 974/1454/578 970/1449/570
f 976/1455/571 979/1460/580 975/1451/564
f 973/1457/573 977/1459/581 976/1458/574
f 974/1454/567 978/1464/584 977/1459/575
f 979/1460/577 978/1464/586 974/1454/578
f 976/1455/571 980/1465/587 983/1461/579
f 977/1459/581 981/1467/589 980/1462/582
f 982/1463/583 981/1467/594 977/1459/575
f 983/1461/585 982/1463/592 978/1464/586
f 980/1465/587 987/8693/2920 984/1466/588
f 981/1467/589 986/1470/2921 987/1468/590
f 983/1461/585 984/1466/2922 985/1469/591
f 982/1463/583 985/1469/2923 986/1470/593
f 927/1388/595 991/8694/480 988/1471/482
f 926/1399/596 988/1471/477 990/1472/479
f 990/1472/476 989/8695/475 924/1473/597
f 989/1474/473 991/8694/472 927/1388/466
f 1036/1476/599 1147/1536/654 1152/1477/600
f 1191/1479/602 1207/1656/764 1088/1480/603
f 1193/1482/605 1068/1514/605 1148/1483/1
f 1631/1485/606 1012/1637/748 1011/1486/607
f 1021/1488/609 1159/1526/644 1169/1489/610
f 1144/1491/612 1155/1787/628 1064/1492/613
f 1037/1494/615 1090/1569/685 1202/1495/616
f 1070/1497/618 1024/1670/779 1034/1498/619
f 1030/1478/601 1078/1627/742 1092/1500/621
f 1096/1503/624 1067/1555/673 1059/1501/622
f 1059/1501/622 1102/1688/798 1104/1502/623
f 1134/1504/625 1028/1684/794 1158/1505/626
f 1155/1507/628 1642/2341/1807 1601/1508/629
f 1023/1510/630 1615/1594/709 1614/1511/631
f 1210/1513/633 1100/1755/846 1068/1514/605
f 1226/1515/634 1227/1819/939 1234/1516/635
f 1641/1518/637 1652/1525/2924 1186/1519/638
f 1058/1521/639 1603/1600/715 1626/1522/640
f 1641/1518/642 1602/1618/1733 1665/1524/643
f 1159/1526/644 1021/1488/609 1150/1527/645
f 1108/1531/649 1110/1725/825 1060/1529/647
f 1060/1529/647 1161/1812/918 1172/1530/648
f 1623/1532/650 1597/1595/710 1061/1533/651
f 1034/1498/619 1131/1702/812 1130/1535/653
f 1147/1536/654 1036/1476/599 1037/1494/615
f 1657/1538/656 1613/1544/662 1101/1539/657
f 1638/1541/659 1598/2320/2925 995/1542/660
f 1613/1544/662 1616/1604/719 1098/1545/663
f 996/1546/664 1600/1773/858 1628/1547/665
f 1176/1549/667 1161/1812/918 1060/1529/647
f 1062/1551/669 1156/1718/822 1149/1552/670
f 1140/1554/672 1059/1501/622 1067/1555/673
f 1065/1557/674 1160/1794/878 1178/1558/667
f 1610/1560/676 1109/1664/771 1171/1561/677
f 1710/1563/679 1706/2332/1709 1221/1564/680
f 1117/1566/682 1627/1609/724 1599/1567/683
f 1086/1499/620 1034/1498/619 1035/1481/604
f 1036/1476/599 1092/1500/621 1090/1569/685
f 1063/1568/684 1599/1567/683 1643/1570/686
f 1596/1572/688 997/1673/781 1127/1573/689
f 1151/1575/691 1150/1527/645 1021/1488/609
f 1646/1577/693 1705/1815/925 1223/1578/694
f 1132/1580/1 1066/1586/696 1194/1581/696
f 1010/1583/697 1009/1721/739 1629/1584/698
f 1066/1586/696 1095/1597/712 1203/1587/700
f 1149/1552/670 1148/1483/1 1068/1514/605
f 1010/1583/697 1625/1585/699 1604/1588/701
f 1064/1509/613 1601/1508/629 1622/1590/703
f 1662/1592/705 1702/2349/1797 1643/1570/706
f 1016/1593/708 1617/1643/756 1615/1594/709
f 1597/1595/710 1637/2326/1806 1139/1596/711
f 995/1542/660 1598/2320/2925 1624/1487/608
f 1066/1586/696 1067/1555/673 1096/1503/624
f 1091/1598/713 1208/1668/2926 1202/1495/616
f 1141/1599/714 1640/1763/851 1603/1600/715
f 1606/1601/716 1612/1777/861 1008/1602/717
f 1616/1604/719 1618/1653/762 1115/1605/720
f 1654/1606/721 1209/1813/839 1094/1607/722
f 1627/1609/724 1117/1566/682 1119/1610/725
f 1146/1537/655 1037/1494/615 1192/1496/617
f 1611/1613/728 1105/1679/788 1107/1614/729
f 993/1616/731 1019/1650/760 1621/1617/732
f 1648/1619/734 1657/1538/656 1204/1540/658
f 1083/1621/736 1082/1490/611 1169/1489/610
f 1071/1623/738 1073/1682/791 1008/1602/717
f 1070/1497/618 1073/1682/791 1071/1623/738
f 1080/1626/741 1081/1638/751 1078/1627/742
f 1074/1629/744 1075/1636/750 1076/1630/745
f 1609/1632/747 1013/1635/749 1012/1633/748
f 1076/1630/745 1012/1633/748 1013/1635/749
f 1075/1636/750 1011/1486/607 1012/1637/748
f 1080/1626/741 1015/1644/757 1016/1593/708
f 1018/1639/752 1019/1650/760 1085/1640/753
f 1633/1642/755 1015/1646/757 1014/1548/666
f 1617/1643/756 1016/1593/708 1015/1644/757
f 1079/1628/743 1014/1548/666 1015/1646/757
f 1084/1641/754 1085/1640/753 1082/1490/611
f 1018/1647/752 1017/1652/761 1620/1648/758
f 1019/1650/760 1018/1639/752 1635/1651/759
f 1017/1652/761 1018/1647/752 1084/1641/754
f 1618/1653/762 1634/2360/726 1119/1654/725
f 1089/1655/763 1088/1480/603 1207/1656/764
f 1655/1658/766 1607/1686/796 1020/1659/767
f 1632/1661/769 1623/1532/650 1111/1534/652
f 1610/1560/676 1632/2357/769 1113/1663/770
f 1022/1576/692 1021/1488/609 1082/1490/611
f 1619/1665/772 1123/1791/835 1125/1666/773
f 1163/1579/775 1168/1820/2927 1077/1631/746
f 1197/1660/768 1020/1659/767 1089/1655/763
f 1208/1668/776 1215/1814/920 1233/1669/777
f 1072/1625/740 1025/1685/795 1024/1670/779
f 1081/1638/751 1093/1677/786 1092/1500/621
f 1636/1671/774 1125/8696/773 1121/1591/704
f 1644/1672/780 1143/1701/811 997/1673/781
f 1153/1674/782 1031/1683/793 1030/1478/601
f 1022/1576/692 1085/1640/753 1019/1650/760
f 1142/1520/783 1151/1575/691 1022/1576/692
f 1126/1543/661 995/1542/660 1029/1675/784
f 1081/1638/751 1016/1593/708 1023/1510/630
f 1087/1678/787 1086/1499/620 1088/1480/603
f 1105/1679/788 1611/1613/728 1605/1680/789
f 1073/1682/791 1070/1497/618 1086/1499/620
f 1641/1518/792 1142/1520/783 993/1616/731
f 1031/1683/793 1079/1628/743 1078/1627/742
f 1135/1676/785 1029/1675/784 1028/1684/794
f 1025/1685/795 1072/1625/740 1010/1583/697
f 1127/1573/689 1137/1700/810 1025/1685/795
f 1026/1603/718 1008/1602/717 1073/1682/791
f 1607/1686/796 1606/1601/716 1026/1603/718
f 1020/1659/767 1026/1603/718 1087/1678/787
f 1017/1652/761 1164/1691/801 1647/1687/797
f 1102/1688/798 1047/1723/824 1046/1689/799
f 1093/1677/786 1091/1598/713 1090/1569/685
f 1164/1691/801 1017/1652/761 1083/1621/736
f 1198/1692/802 1208/1668/2926 1091/1598/713
f 1150/1527/638 1187/1764/638 1188/1693/803
f 1093/1677/786 1023/1510/630 1027/1512/632
f 1096/1503/624 1039/1706/813 1038/1694/804
f 1029/1675/784 1075/1636/750 1074/1629/744
f 1011/1486/607 1075/1636/750 1029/1675/784
f 1106/1690/800 1046/1689/799 1048/1695/805
f 1112/1696/806 1108/1531/649 1051/1697/807
f 1136/1699/809 1024/1670/779 1025/1685/795
f 1143/1701/811 996/1546/664 1031/1683/793
f 996/1546/664 1014/1548/666 1079/1628/743
f 1024/1670/779 1136/1699/809 1131/1702/812
f 1097/1703/790 1039/1706/813 1048/1695/805
f 1097/1681/790 1605/1680/789 1608/1608/723
f 1094/1705/722 1038/1694/804 1039/1706/813
f 1099/1707/814 1100/1755/846 1041/1708/815
f 1101/1710/657 1098/1745/663 1040/1709/816
f 1001/1711/817 1128/1713/818 1138/1550/668
f 1061/1712/651 1139/1771/711 1128/1713/818
f 1129/1714/819 1141/1769/714 1058/1715/639
f 1003/1493/614 1065/1557/674 1154/1559/675
f 1002/1717/821 1145/1720/823 1156/1718/822
f 1002/1717/821 1063/1750/684 1157/1719/687
f 1072/1625/740 1071/1623/738 1009/1721/739
f 1000/1716/820 1059/1501/622 1140/1554/672
f 1107/1722/729 1046/1689/799 1047/1723/824
f 1110/1725/825 1112/1696/806 1050/1698/808
f 1105/1704/788 1048/1695/805 1046/1689/799
f 1118/1727/827 1114/1751/842 1057/1728/828
f 1113/1730/770 1111/1746/652 1049/1726/826
f 1120/1731/830 1054/1739/836 1053/1732/831
f 1109/1734/771 1113/1730/770 1050/1698/808
f 1124/1733/832 1053/1732/831 1052/1735/833
f 1123/1737/835 1052/1735/833 1053/1732/831
f 1125/1738/773 1053/1732/831 1054/1739/836
f 1116/1741/837 1118/1727/827 1056/1729/829
f 1119/1743/725 1117/8697/682 1055/1742/838
f 1115/1744/720 1119/1743/725 1056/1729/829
f 1104/1502/623 1048/1695/805 1039/1706/813
f 1098/1745/663 1115/1744/720 1057/1728/828
f 1000/1716/820 1058/1715/639 1103/1724/641
f 1047/1723/824 1102/1688/798 1059/1501/622
f 1060/1529/647 1110/1725/825 1049/1726/826
f 1001/1711/817 1049/1726/826 1111/1746/652
f 1038/1694/804 1094/1705/722 1209/1747/839
f 1172/1530/648 1165/1802/895 1051/1697/807
f 1052/1735/833 1166/1801/894 1173/1749/841
f 1199/1748/840 1203/1587/700 1095/1597/712
f 1062/1551/669 1116/1741/837 1055/1742/838
f 1055/1742/838 1117/8697/682 1063/1750/684
f 1114/1751/842 1099/1707/814 1040/1709/816
f 1005/1752/843 1131/1702/812 1136/1699/809
f 1200/1754/845 1041/1708/815 1100/1755/846
f 1174/1756/735 1166/1801/894 1052/1735/833
f 1134/1504/847 1175/1506/848 1190/1757/848
f 1204/1759/658 1101/1710/657 1041/1708/815
f 1003/1493/614 1064/1492/613 1121/1740/704
f 1054/1739/836 1120/1731/830 1065/1557/674
f 1133/1556/670 1132/1580/1 1006/1760/1
f 1045/1762/850 1595/1781/867 1640/1763/851
f 1151/1575/852 1183/1793/852 1187/1764/638
f 1140/1554/672 1133/1556/670 1007/1761/670
f 1162/1766/667 1176/1549/667 1138/1550/668
f 999/1768/855 1045/1786/850 1141/1769/714
f 1129/1714/819 1140/1554/672 1044/1765/853
f 998/1770/856 1128/1713/818 1139/1771/711
f 998/1770/856 1042/1767/854 1138/1550/668
f 1143/1701/811 1644/1672/780 1600/1773/858
f 997/1673/781 1033/1782/868 1137/1700/810
f 1149/1552/670 1156/1718/822 1044/1765/853
f 1051/1697/807 1165/1802/895 1171/1774/677
f 1126/1543/859 1135/1676/849 1185/1775/849
f 1612/1777/861 1629/2370/698 1009/1624/739
f 1196/1778/862 1205/1811/916 1130/1535/653
f 1190/1757/864 1189/1789/2928 1179/1780/865
f 1147/1536/654 1005/1752/843 1032/1753/844
f 1157/1571/687 1643/1570/686 1595/1781/867
f 1032/1753/844 1136/1699/809 1137/1700/810
f 1148/1483/1 1149/1552/670 1007/1761/670
f 1195/1783/1 1006/1760/1 1132/1580/1
f 1154/1559/675 1178/1558/667 1162/1766/667
f 1004/1779/863 1130/1535/653 1131/1702/812
f 1139/1596/711 1637/2326/1806 992/1784/869
f 1145/1720/823 1157/1719/687 1045/1786/850
f 999/1768/855 1044/1765/853 1156/1718/822
f 998/1770/856 1043/1772/857 1155/1787/628
f 1144/1491/612 1154/1559/675 1042/1767/854
f 1013/1635/749 1609/1632/747 1646/1577/870
f 997/1673/781 1143/1701/811 1153/1674/782
f 1219/1788/871 1218/1809/923 1188/1693/872
f 1182/1758/866 1179/1780/865 1180/1790/874
f 1004/1779/863 1146/1537/655 1212/1612/727
f 1619/1665/772 1648/1619/734 1174/1620/735
f 1219/1788/871 1189/1789/873 1190/1757/876
f 1152/1477/600 1032/1753/844 1033/1782/868
f 1206/1484/1 1148/1483/1 1006/1760/1
f 1077/1631/746 1168/1820/2927 1167/1792/877
f 1146/1537/655 1004/1779/863 1005/1752/843
f 992/1784/869 1642/2341/1807 1155/1507/628
f 1142/1520/638 1186/1519/638 1183/1793/852
f 1160/1794/878 1193/1482/605 1206/1484/1
f 1655/1658/879 1197/1660/899 1230/1795/880
f 1181/1797/882 1184/1776/886 1185/1775/875
f 1187/1764/883 1183/1793/887 1180/1790/874
f 1179/1780/865 1189/1789/2928 1188/1693/884
f 1649/1798/885 1651/2371/1805 1184/1776/886
f 1181/1797/882 1180/1790/874 1183/1793/887
f 1620/1648/889 1683/2314/1672 1698/1799/890
f 1639/1574/690 1127/1573/689 994/1589/702
f 1178/1558/667 1206/1484/1 1195/1783/1
f 1212/1612/892 1217/1817/935 1229/1800/893
f 1195/1783/1 1211/1582/1 1176/1549/667
f 1166/1801/894 1174/1756/735 1204/1759/658
f 1166/1801/894 1200/1754/845 1210/1513/633
f 1165/1802/895 1172/1530/648 1203/1587/700
f 1165/1802/895 1199/1748/840 1209/1747/839
f 1170/1622/896 1169/1489/954 1222/1803/897
f 1197/1660/899 1201/1657/927 1232/1805/900
f 1231/1565/901 1198/1692/919 1656/1806/902
f 1232/1805/904 1213/1816/2929 1214/1807/905
f 1167/1792/907 1214/1807/944 1226/1515/908
f 1159/1526/910 1177/1528/911 1218/1809/911
f 1649/1798/885 1181/1797/882 1186/1519/888
f 1184/1776/860 1651/2371/2930 1638/1541/915
f 1205/1811/916 1191/1479/602 1035/1481/604
f 1158/1505/909 1226/1515/908 1220/1517/917
f 1194/1581/696 1203/1587/700 1172/1530/648
f 1209/1813/839 1654/1606/721 1645/1562/678
f 1173/1749/841 1210/1513/633 1193/1482/605
f 1198/1692/919 1231/1565/901 1215/1814/920
f 1161/1812/918 1176/1549/667 1211/1582/1
f 1027/1512/632 1614/1511/631 1656/1806/921
f 1229/1800/922 1217/1817/937 1218/1809/923
f 1220/1517/636 1234/1516/635 1229/1800/922
f 1709/1796/924 1230/1795/931 1223/1578/694
f 1216/1804/926 1215/1814/933 1231/1565/681
f 1201/1657/927 1207/1656/948 1213/1816/928
f 1221/1564/680 1706/2332/1709 1647/1687/929
f 1230/1795/931 1232/1805/904 1224/1808/906
f 1222/1803/932 1233/1669/2931 1215/1814/933
f 1192/1496/934 1228/1818/940 1217/1817/935
f 1225/1810/936 1218/1809/923 1217/1817/937
f 1228/1818/938 1233/1669/2931 1222/1803/932
f 1214/1807/905 1213/1816/2929 1227/1819/939
f 1202/1495/778 1233/1669/777 1228/1818/940
f 1164/1691/930 1170/1622/896 1216/1804/898
f 1234/1516/941 1227/1819/949 1191/1479/942
f 1168/1820/943 1224/1808/950 1214/1807/944
f 1205/1811/941 1196/1778/893 1229/1800/893
f 1644/1672/945 1703/2365/1801 1663/1821/946
f 1207/1656/948 1191/1479/942 1227/1819/949
f 1163/1579/695 1223/1578/694 1224/1808/950
f 1631/1485/951 1624/1487/1687 1687/1822/952
f 1169/1489/954 1159/1526/910 1225/1810/912
f 1242/1824/955 1241/1832/972 1236/1825/956
f 1242/1827/958 1235/8698/2932 1238/1828/959
f 1239/1829/961 1238/1828/2933 1237/1830/962
f 1241/1832/964 1240/1831/970 1237/1830/965
f 1243/1833/967 1246/1837/974 1242/1827/958
f 1240/1831/963 1244/1834/976 1243/1833/968
f 1241/1832/964 1245/1839/977 1244/1834/969
f 1246/1835/971 1245/1839/980 1241/1832/972
f 1247/1836/973 1250/1844/985 1246/1837/974
f 1248/1838/975 1247/1836/1327 1243/1833/968
f 1245/1839/977 1249/1840/982 1248/1838/978
f 1246/1835/971 1250/1845/986 1249/1840/979
f 1252/1841/981 1248/1838/978 1249/1840/982
f 1251/1843/984 1254/1859/1007 1250/1844/985
f 1250/1845/986 1254/1856/1000 1253/1842/987
f 1261/1846/988 1265/1852/1019 1264/1847/989
f 1260/1848/991 1259/1858/1003 1255/1849/992
f 1262/1851/994 1266/1867/1021 1265/1852/995
f 1285/1853/997 1289/1890/1055 1288/1854/998
f 1254/1856/1000 1258/1860/1009 1257/1857/1001
f 1264/1847/1002 1263/1861/1018 1259/1858/1003
f 1256/1850/993 1255/1849/992 1251/1843/1004
f 1255/1849/1006 1258/1863/1014 1254/1859/1007
f 1253/1842/983 1257/1857/1010 1256/1850/1008
f 1261/1846/996 1257/1857/1001 1258/1860/1009
f 1260/1848/990 1256/1850/1008 1257/1857/1010
f 1263/1861/1011 1266/1865/1016 1262/1862/1012
f 1259/1858/1013 1262/1862/1012 1258/1863/1014
f 1267/1864/1015 1270/1870/1024 1266/1865/1016
f 1268/1866/1017 1267/1864/1026 1263/1861/1018
f 1265/1852/1019 1269/1868/1027 1268/1866/1020
f 1266/1867/1021 1270/1872/1029 1269/1868/1022
f 1271/1869/1023 1274/1875/1032 1270/1870/1024
f 1272/1871/1025 1271/1869/1034 1267/1864/1026
f 1269/1868/1027 1273/1873/1035 1272/1871/1028
f 1270/1872/1029 1274/1878/1038 1273/1873/1030
f 1275/1874/1031 1278/1880/1040 1274/1875/1032
f 1272/1871/1025 1276/1876/1041 1275/1874/1033
f 1273/1873/1035 1277/1883/1044 1276/1876/1036
f 1278/1877/1037 1277/1883/1046 1273/1873/1030
f 1275/1874/1031 1279/1881/1048 1282/1879/1039
f 1276/1876/1041 1280/1887/1050 1279/1881/1042
f 1281/1882/1043 1280/1887/1051 1276/1876/1036
f 1282/1884/1045 1281/1882/1053 1277/1883/1046
f 1283/1885/1047 1286/8699/1070 1282/1879/1039
f 1284/1886/1049 1283/1885/1060 1279/1881/1042
f 1281/1882/1043 1285/1888/997 1284/1886/999
f 1282/1884/1045 1286/8700/1067 1285/1888/1052
f 1293/1889/1054 1292/1902/1075 1288/1854/998
f 1294/1891/1056 1293/1889/1077 1289/1890/1057
f 1288/1854/1059 1287/1894/2934 1283/1893/1060
f 1287/1894/1061 1291/1901/1072 1294/1895/1062
f 1467/1897/1064 1463/2119/1380 1464/1898/1065
f 1289/1890/1057 1285/1853/1052 1286/1900/1067
f 1291/1901/1068 1287/1894/2934 1288/1854/1059
f 1287/1894/1061 1290/1896/1063 1286/1903/1070
f 1295/1904/1071 1298/1908/1079 1294/1895/1062
f 1292/1902/1069 1296/1905/1080 1295/1904/1073
f 1293/1889/1054 1297/1909/1082 1296/1905/1074
f 1298/1906/1076 1297/1909/1085 1293/1889/1077
f 1299/1907/1078 1302/1913/1087 1298/1908/1079
f 1296/1905/1080 1300/1910/1088 1299/1907/1081
f 1297/1909/1082 1301/1914/1090 1300/1910/1083
f 1302/1911/1084 1301/1914/1093 1297/1909/1085
f 1303/1912/1086 1306/1918/1095 1302/1913/1087
f 1300/1910/1088 1304/1915/1097 1303/1912/1089
f 1301/1914/1090 1305/1921/1099 1304/1915/1091
f 1306/1916/1092 1305/1921/1101 1301/1914/1093
f 1303/1912/1086 1307/1923/1107 1310/1917/1094
f 1308/1919/1096 1307/1923/1103 1303/1912/1089
f 1309/1920/1098 1308/1919/1150 1304/1915/1091
f 1306/1916/1092 1310/1924/1104 1309/1920/1100
f 1312/1922/1102 1311/1927/1161 1307/1923/1103
f 1310/1924/1104 1314/1950/1134 1313/1925/1105
f 1314/1926/1106 1310/1917/1094 1307/1923/1107
f 1344/1928/1109 1343/1967/1174 1339/1929/1110
f 1340/1930/1111 1339/1929/1110 1335/1931/1112
f 1318/1933/1114 1314/1926/1106 1311/1927/1108
f 1331/1935/1116 1335/1931/1128 1338/1936/1117
f 1341/1938/1119 1337/1952/1169 1338/1939/1120
f 1336/1932/1113 1335/1931/1112 1331/1935/1122
f 1323/1942/1124 1319/1948/2935 1320/1943/1125
f 1342/1945/1127 1338/1936/1117 1335/1931/1128
f 1339/1929/1129 1343/1967/1171 1346/1946/1130
f 1322/1947/1131 1318/1933/1114 1315/1934/1115
f 1317/1949/1133 1313/1925/1105 1314/1950/1134
f 1341/1938/1136 1340/1930/1157 1336/1932/1137
f 1323/1942/1139 1327/1955/1162 1330/1953/1140
f 1324/1944/1126 1328/1964/1163 1327/1955/1142
f 1329/1956/1143 1328/1964/2936 1324/1944/1144
f 1330/1958/1146 1329/1956/2937 1325/1957/1147
f 1313/1925/1149 1312/1922/1170 1308/1919/1150
f 1321/1960/1151 1317/1949/1133 1318/1951/1135
f 1321/1960/1153 1320/1943/1158 1316/1962/1154
f 1326/1954/1141 1322/1947/1131 1319/1948/1132
f 1345/1963/1156 1344/1928/1176 1340/1930/1157
f 1325/1957/1145 1324/1944/1144 1320/1943/1158
f 1342/1940/1121 1346/1971/1177 1345/1963/1159
f 1316/1962/1160 1315/1934/1168 1311/1927/1161
f 1331/1935/1116 1334/1937/1118 1330/1953/1140
f 1332/1941/1123 1331/1935/1122 1327/1955/1142
f 1332/1941/1164 1328/1964/2936 1329/1956/1143
f 1333/1965/1166 1329/1956/2937 1330/1958/1146
f 1320/1943/1125 1319/1948/2935 1315/1934/1168
f 1334/1966/1167 1338/1939/1120 1337/1952/1169
f 1337/1952/1138 1336/1932/1137 1332/1941/1164
f 1317/1949/1155 1316/1962/1154 1312/1922/1170
f 1343/1967/1171 1347/1972/1179 1350/1968/1172
f 1348/1969/1173 1347/1972/1182 1343/1967/1174
f 1349/1970/1175 1348/1969/1184 1344/1928/1176
f 1346/1971/1177 1350/1976/1185 1349/1970/1178
f 1347/1972/1179 1351/1980/1216 1354/1973/1180
f 1352/1974/1181 1351/1980/1192 1347/1972/1182
f 1353/1975/1183 1352/1974/1188 1348/1969/1184
f 1350/1976/1185 1354/1978/1189 1353/1975/1186
f 1357/1977/1187 1356/1979/1199 1352/1974/1188
f 1354/1978/1189 1358/1986/1200 1357/1977/1190
f 1356/1979/1191 1355/1981/1197 1351/1980/1192
f 1355/1981/1193 1359/1987/1202 1362/1982/1194
f 1360/1984/1196 1359/1987/1205 1355/1981/1197
f 1361/1985/1198 1360/1984/1207 1356/1979/1199
f 1358/1986/1200 1362/1991/1208 1361/1985/1201
f 1359/1987/1202 1363/2000/1928 1366/1988/1203
f 1364/1989/1204 1363/2000/1221 1359/1987/1205
f 1365/1990/1206 1364/1989/1225 1360/1984/1207
f 1362/1991/1208 1366/2002/1223 1365/1990/1209
f 1370/1992/1210 1369/1996/1234 1809/1993/1211
f 1368/1995/1213 1806/1998/1922 1809/1993/1214
f 1351/1980/1216 1355/1981/1193 1358/1983/1195
f 1367/1997/1217 1805/2005/1927 1806/1998/1218
f 1364/1989/1204 1807/2003/1926 1804/1999/1220
f 1810/2001/1222 1808/2481/1923 1365/1990/1209
f 1365/1990/1206 1808/2481/1921 1807/2003/1224
f 1367/1997/1226 1370/2009/1232 1811/2004/1227
f 1372/2006/1229 1368/1995/1213 1369/1996/1215
f 1371/2008/1231 1374/2012/1238 1370/2009/1232
f 1374/2010/1233 1373/2007/1242 1369/1996/1234
f 1371/2008/1235 1367/1997/1217 1368/1995/1219
f 1375/2011/1237 1378/2017/1246 1374/2012/1238
f 1375/2011/1239 1371/2008/1235 1372/2006/1236
f 1378/2014/1241 1377/2015/1248 1373/2007/1242
f 1376/2013/1243 1372/2006/1229 1373/2007/1230
f 1375/2011/1237 1379/2023/1258 1382/2016/1245
f 1378/2014/1241 1382/2021/1253 1381/2018/1247
f 1380/2019/1249 1379/2023/1256 1375/2011/1239
f 1381/2018/1250 1380/2019/1252 1376/2013/1243
f 1385/2020/1251 1384/2022/1251 1380/2019/1252
f 1382/2021/1253 1386/2027/1254 1385/2020/1254
f 1384/2022/1255 1383/2025/1255 1379/2023/1256
f 1386/2024/1257 1382/2016/1245 1379/2023/1258
f 1389/2026/1259 1388/2029/1259 1384/2022/1251
f 1389/2026/1260 1385/2020/1254 1386/2027/1254
f 1388/2029/1261 1387/2031/1261 1383/2025/1255
f 1390/2030/1262 1386/2024/1257 1383/2025/1257
f 1392/2032/1263 1388/2029/1259 1389/2026/1259
f 1391/2034/1264 1394/8701/2938 1390/2030/1262
f 1394/2035/1265 1393/2033/1265 1389/2026/1260
f 1391/2034/1266 1387/2031/1261 1388/2029/1261
f 1405/2036/1267 1404/2047/1283 1400/2037/1268
f 1395/2039/1269 1399/2046/1270 1402/2040/1270
f 1396/2042/1271 1395/2039/1271 1391/2034/1266
f 1401/2038/1272 1397/2045/1273 1398/2043/1273
f 1397/2045/1274 1396/2042/1274 1392/2032/1263
f 1399/2046/1275 1400/2037/1275 1404/2047/1276
f 1397/2045/1273 1393/2033/1265 1394/2035/1265
f 1406/2049/1278 1402/2040/1270 1399/2046/1270
f 1398/2041/1269 1394/8701/2938 1391/2034/1264
f 1400/2037/1275 1399/2046/1275 1395/2039/1271
f 1401/2038/1268 1400/2037/1268 1396/2042/1274
f 1404/2047/1276 1408/2054/1286 1407/2050/1280
f 1403/2048/1279 1407/2050/1284 1410/2051/1281
f 1409/2052/1282 1408/2054/1289 1404/2047/1283
f 1407/2050/1284 1411/2055/1293 1414/2053/1285
f 1408/2054/1286 1412/2061/1296 1411/2055/1287
f 1413/2056/1288 1412/2061/1298 1408/2054/1289
f 1414/2057/1290 1413/2056/1300 1409/2052/1291
f 1411/2055/1293 1415/8702/1294 1418/2059/1294
f 1416/2060/1295 1415/8702/1295 1411/2055/1287
f 1417/2062/1297 1416/2060/1297 1412/2061/1298
f 1414/2057/1290 1418/8703/1299 1417/2062/1299
f 1416/2063/1301 1428/2072/1308 1429/2064/1302
f 1421/2066/1304 1420/2081/1304 1425/2067/1304
f 1418/2069/1305 1415/2065/1303 1429/2064/1302
f 1417/2071/1307 1430/2074/1317 1428/2072/1308
f 1429/2064/1309 1426/2079/1310 1424/2073/1310
f 1425/2067/1311 1426/2079/1311 1429/2064/1312
f 1423/2068/1313 1425/2067/1313 1428/2072/1314
f 1427/2075/1315 1424/2076/1316 1423/2068/1316
f 1417/2071/1307 1418/8704/1305 1427/2075/1306
f 1421/2066/1318 1423/2068/1318 1424/2076/1318
f 1422/2078/1319 1424/2073/1319 1426/2079/1319
f 1420/2081/1320 1419/2080/1320 1426/2079/1320
f 1433/1440/1321 1437/1439/1336 1436/2082/1322
f 1435/2084/1324 1438/2088/1332 1434/2085/1325
f 1252/1841/1005 1251/1843/1004 1247/1836/1327
f 1436/2082/1328 1435/2084/1334 1431/2086/1329
f 1435/2084/1324 1439/2104/1359 1442/2087/1331
f 1440/2089/1333 1439/2104/1356 1435/2084/1334
f 1441/2090/1335 1440/2089/1361 1436/2082/1322
f 1438/2091/1337 1442/2101/1351 1441/2090/1338
f 1450/2092/1339 1454/2110/1368 1453/2093/1340
f 1449/2094/1342 1453/2093/1366 1452/2095/1343
f 1448/2096/1345 1447/2099/1355 1443/2097/1346
f 1447/2099/1348 1450/2106/1358 1446/2100/1349
f 1442/2101/1351 1446/2103/1353 1445/2102/1352
f 1449/2094/1341 1445/2102/1352 1446/2103/1353
f 1452/2095/1354 1451/2105/1365 1447/2099/1355
f 1444/2098/1347 1443/2097/1346 1439/2104/1356
f 1451/2105/1357 1454/2108/1363 1450/2106/1358
f 1443/2097/1350 1446/2100/1349 1442/2087/1331
f 1441/2090/1335 1445/2102/1392 1444/2098/1360
f 1455/2107/1362 1458/2113/1371 1454/2108/1363
f 1456/2109/1364 1455/2107/1373 1451/2105/1365
f 1453/2093/1366 1457/2111/1374 1456/2109/1367
f 1454/2110/1368 1458/2115/1376 1457/2111/1369
f 1459/2112/1370 1462/2118/1379 1458/2113/1371
f 1460/2114/1372 1459/2112/1381 1455/2107/1373
f 1457/2111/1374 1461/2116/1383 1460/2114/1375
f 1458/2115/1376 1462/2122/1385 1461/2116/1377
f 1459/2112/1370 1463/2119/1389 1466/2117/1378
f 1460/2114/1372 1464/1898/1065 1463/2119/1380
f 1465/2120/1382 1464/1898/2939 1460/2114/1375
f 1466/2121/1384 1465/2120/1391 1461/2116/1377
f 1468/1899/1386 1464/1898/2939 1465/2120/1382
f 1467/1897/1388 1470/8705/1394 1466/2117/1378
f 1470/2124/1390 1469/2123/1398 1465/2120/1391
f 1448/2096/1344 1444/2098/1360 1445/2102/1392
f 1471/2125/1393 1474/2134/1400 1470/2126/1394
f 1472/2128/1395 1471/2125/1402 1467/2127/1064
f 1469/2130/1387 1473/2132/1404 1472/2128/1396
f 1470/2131/1390 1474/2138/1406 1473/2132/1397
f 1471/2125/1393 1475/2135/1408 1478/2133/1399
f 1472/2128/1395 1476/2140/1409 1475/2135/1401
f 1477/2136/1403 1476/2140/1412 1472/2128/1396
f 1478/2137/1405 1477/2136/1414 1473/2132/1397
f 1479/2139/1407 1482/2144/1416 1478/2133/1399
f 1476/2140/1409 1480/2141/1418 1479/2139/1410
f 1477/2136/1403 1481/2146/1419 1480/2141/1411
f 1482/2142/1413 1481/2146/1422 1477/2136/1414
f 1483/2143/1415 1486/2249/1568 1482/2144/1416
f 1484/2145/1417 1483/2143/1530 1479/2139/1410
f 1481/2146/1419 1485/2147/1556 1484/2145/1420
f 1482/2142/1413 1486/2250/1569 1485/2147/1421
f 1505/2148/1423 1504/2186/1564 1500/2149/1424
f 1522/2151/1426 1526/2223/1513 1525/2152/1427
f 1524/2154/1429 1525/2152/1534 1529/2155/1430
f 1540/2157/1432 1539/2182/1929 1535/2158/1433
f 1545/2160/1435 1541/2176/1461 1542/2161/1436
f 1530/2163/1438 1526/2207/1496 1523/2164/1439
f 1549/2166/1441 1545/2160/1435 1546/2162/1437
f 1511/2168/1443 1514/2214/1503 1510/2169/1444
f 1534/2171/1446 1538/2180/1460 1537/2172/1447
f 1528/2156/1431 1529/2155/1430 1533/2174/1449
f 1523/2164/1451 1524/2154/1561 1528/2156/1452
f 1541/2176/1454 1540/2157/1463 1536/2159/1455
f 1517/2177/1457 1516/2246/1577 1512/2178/1458
f 1538/2180/1460 1542/2161/1436 1541/2176/1461
f 1545/2160/1462 1544/2200/1536 1540/2157/1463
f 1546/2181/1464 1542/2226/1518 1539/2182/1465
f 1508/2184/1467 1507/2170/1467 1503/2185/1468
f 1550/2167/1442 1554/2231/1523 1553/2187/1470
f 1494/2188/1471 1493/2209/1572 1489/2189/1472
f 1512/2178/1474 1516/2246/1559 1515/2191/1475
f 1491/2192/1477 1495/2198/1506 1498/2193/1478
f 1536/2159/1434 1535/2158/1433 1531/2195/1480
f 1492/2197/1482 1496/2204/1491 1495/2198/1483
f 1548/2199/1485 1547/2229/1521 1543/2183/1486
f 1556/2201/1488 1560/2239/1574 1559/2202/1489
f 1496/2204/1491 1500/2149/1557 1499/2205/1492
f 1559/2202/1493 1562/2222/1493 1558/2206/1494
f 1526/2207/1496 1522/2251/1571 1519/2208/1497
f 1493/2209/1498 1492/2197/1552 1488/2210/1499
f 1533/2174/1448 1529/2155/1512 1530/2211/1501
f 1511/2168/1443 1515/2191/1570 1518/2213/1502
f 1509/2215/1504 1513/2179/1459 1512/2178/1458
f 1502/2216/1505 1498/2193/1478 1495/2198/1506
f 1566/2217/1508 1565/2225/1580 1561/2218/1509
f 1494/2194/1479 1490/8706/2940 1487/2220/1510
f 1563/2221/1511 1566/2255/1582 1562/2222/1493
f 1529/2155/1512 1525/2152/1427 1526/2223/1513
f 1564/2224/1514 1560/2239/1541 1561/2218/1515
f 1535/2158/1517 1539/2182/1465 1542/2226/1518
f 1552/2228/1520 1551/2245/2941 1547/2229/1521
f 1558/2230/1522 1557/2238/1563 1553/2187/1470
f 1507/2170/1445 1510/2169/1444 1506/2232/1524
f 1553/2187/1526 1552/2228/1551 1548/2199/1527
f 1484/2145/1417 1488/2210/1535 1487/2220/1529
f 1532/2196/1450 1533/2173/1449 1537/2172/1456
f 1534/2233/1531 1530/2163/1438 1527/2165/1440
f 1520/2235/1533 1521/2153/1576 1525/2152/1534
f 1488/2210/1535 1492/2197/1482 1491/2192/1484
f 1549/2166/1528 1548/2199/1527 1544/2200/1536
f 1509/2215/1537 1505/2148/1549 1506/2236/1538
f 1499/2205/1507 1503/2185/1525 1506/2232/1524
f 1557/2238/1540 1561/2218/1515 1560/2239/1541
f 1502/2240/1543 1501/2150/1550 1497/2241/1544
f 1501/2150/1425 1500/2149/1424 1496/2204/1546
f 1514/2243/1548 1513/2179/1566 1509/2215/1537
f 1502/2240/1543 1506/2236/1538 1505/2148/1549
f 1553/2187/1526 1557/2238/1540 1556/2201/1542
f 1497/2241/1547 1496/2204/1546 1492/2197/1552
f 1508/2184/1467 1512/2178/1474 1511/2168/1476
f 1554/2244/1553 1550/2247/1560 1547/2229/1554
f 1485/2147/1556 1489/2189/1500 1488/2210/1499
f 1504/2186/1469 1503/2185/1468 1499/2205/1492
f 1532/2175/1481 1531/2234/1480 1527/2165/1453
f 1520/2235/1558 1519/2208/1562 1515/2191/1475
f 1550/2247/1560 1546/2181/1464 1543/2183/1466
f 1555/2203/1495 1558/2206/1494 1554/2244/1553
f 1524/2154/1561 1523/2164/1451 1519/2208/1562
f 1562/2219/1509 1561/2218/1509 1557/2238/1563
f 1505/2148/1423 1509/2215/1504 1508/2184/1504
f 1518/2248/1565 1517/2177/1567 1513/2179/1566
f 1518/2248/1565 1522/2151/1426 1521/2153/1428
f 1487/2220/1510 1490/8706/2940 1486/2249/1568
f 1490/2190/1473 1489/2189/1472 1485/2147/1421
f 1515/2191/1570 1519/2208/1497 1522/2251/1571
f 1498/2242/1545 1497/2241/1544 1493/2209/1572
f 1563/2221/1573 1559/2202/1489 1560/2239/1574
f 1538/2227/1519 1534/8707/1531 1531/2195/1532
f 1555/2203/1490 1551/2245/2941 1552/2228/1520
f 1521/2153/1576 1520/2235/1533 1516/2246/1577
f 1565/2225/1516 1569/2256/1583 1568/2252/1578
f 1570/2253/1579 1569/2256/1599 1565/2225/1580
f 1567/2254/1581 1570/2259/1590 1566/2255/1582
f 1569/2256/1583 1573/2264/1595 1572/2257/1584
f 1564/2224/1575 1568/2252/1587 1567/2254/1585
f 1571/2258/1586 1567/2254/1585 1568/2252/1587
f 1571/2258/1589 1574/2261/1592 1570/2259/1590
f 1571/2258/1589 1575/2267/1601 1578/2260/1591
f 1576/2262/1593 1575/2267/1607 1571/2258/1586
f 1577/2263/1594 1576/2262/1609 1572/2257/1584
f 1574/2265/1596 1578/2476/1910 1577/2263/1597
f 1574/2265/1596 1573/2264/1598 1569/2256/1599
f 1794/2266/1600 1578/2260/1591 1575/2267/1601
f 1802/2269/1603 1582/2292/1637 1581/2270/1604
f 1790/2272/1606 1789/2268/1912 1575/2267/1607
f 1793/2273/1608 1790/2272/1915 1576/2262/1609
f 1803/2274/1610 1795/2478/1914 1788/2275/1611
f 1799/2277/1613 1796/2276/1917 1788/2275/1614
f 1800/2279/1616 1799/2277/1916 1791/2278/1617
f 1800/2279/1619 1792/2280/1913 1795/2281/1620
f 1580/2283/1622 1579/2288/1634 1797/2284/1623
f 1797/2284/1625 1579/2288/1631 1582/2286/1626
f 1581/2270/1628 1580/2283/1636 1798/2285/1629
f 1579/2288/1631 1583/2293/1639 1586/2289/1632
f 1584/2290/1633 1583/2293/1642 1579/2288/1634
f 1585/2291/1635 1584/2290/1644 1580/2283/1636
f 1582/2292/1637 1586/2297/1645 1585/2291/1638
f 1583/2293/1639 1587/2299/1648 1590/2294/1640
f 1588/2295/1641 1587/2299/1657 1583/2293/1642
f 1589/2296/1643 1588/2295/1662 1584/2290/1644
f 1586/2297/1645 1590/2309/1663 1589/2296/1646
f 1787/2298/1647 1590/2294/1640 1587/2299/1648
f 1592/2301/1650 1591/8708/2942 1781/2302/1651
f 1786/2304/1653 1594/8709/2943 1593/2305/1654
f 1782/2307/1656 1780/2300/1905 1587/2299/1657
f 1593/2305/1658 1592/2301/2944 1783/2303/1659
f 1785/2308/1661 1782/2307/1907 1588/2295/1662
f 1590/2309/1663 1787/2474/1906 1785/2308/1664
f 1611/1613/1665 1630/1615/1734 1693/2310/1666
f 1617/1643/1668 1633/1645/1710 1696/2312/1669
f 1160/1794/878 1065/1557/674 1120/1731/830
f 1120/1731/830 1122/1736/834 1173/1749/841
f 1647/1687/1671 1706/2332/1671 1683/2314/1672
f 1667/2315/1673 1700/2352/2945 1639/1574/1674
f 1632/1661/1676 1695/2368/1758 1686/2316/1677
f 1607/1686/1679 1670/2362/1793 1669/2317/1680
f 1606/1601/1681 1669/2317/1680 1675/2318/1682
f 1635/1651/891 1698/8710/890 1684/2319/1684
f 1598/2320/1686 1661/2328/1729 1687/1822/952
f 1699/2321/1688 1682/2329/1703 1619/1665/1689
f 1597/1595/1691 1623/1532/1678 1686/2316/1677
f 1694/2323/1693 1695/2356/1782 1673/2324/1694
f 1637/2326/1696 1597/1595/1691 1660/2322/1692
f 1661/2328/1698 1651/2371/1805 1650/2327/1697
f 1693/2310/1699 1692/2369/1722 1675/2318/1700
f 1648/1619/1702 1619/1665/1689 1682/2329/1703
f 1685/2331/1705 1699/2358/1688 1636/1671/1690
f 1707/2330/1707 1682/2329/1763 1683/2314/1708
f 1633/1642/1710 1628/1547/1717 1691/2333/1711
f 1614/1511/1712 1677/2367/1802 1710/1563/1713
f 1613/1544/1714 1657/1538/1785 1711/2335/1715
f 1600/1773/947 1663/1821/946 1691/2333/1711
f 1634/1611/1718 1697/2355/1761 1690/2337/1719
f 1599/1567/707 1627/1609/1720 1690/2337/1719
f 1689/2338/1721 1688/2354/1768 1692/2339/1722
f 1642/2341/1723 1653/2366/1775 1664/2342/1724
f 1605/1680/1726 1611/1613/1665 1674/2311/1667
f 1638/1541/1728 1651/2371/1728 1661/2328/1729
f 1679/2344/1730 1678/2347/1737 1680/2313/1731
f 1602/1618/1733 1621/1617/1685 1684/2319/1684
f 1601/1508/1725 1664/2342/1724 1685/2331/1705
f 1630/2346/1734 1626/1522/1799 1689/2338/1735
f 1676/2336/1736 1677/2367/1780 1678/2347/1737
f 1707/2330/1707 1706/2332/1709 1710/1563/679
f 1704/2348/1739 1708/2361/1764 1709/1796/924
f 1672/2325/1695 1673/2324/1694 1704/2348/1739
f 1645/1562/1740 1704/2348/1788 1673/2324/1741
f 1702/2349/1743 1703/2365/1774 1659/2350/1744
f 1658/2351/1745 1659/2350/1744 1700/2352/1746
f 1613/1544/1714 1676/2336/1716 1679/2344/1748
f 1616/1604/1749 1679/2344/1748 1681/2345/1750
f 1629/1584/1752 1692/2339/1786 1688/2354/1753
f 1691/2333/1755 1690/2337/1778 1697/2355/1756
f 1610/1560/1742 1673/2324/1741 1695/2356/1758
f 1684/2319/1759 1698/8710/1762 1699/2358/1760
f 1618/1653/1751 1681/2345/1750 1697/2359/1761
f 1698/1799/1762 1683/2314/1708 1682/2329/1763
f 1696/2312/1757 1697/2359/1756 1681/2345/1732
f 1708/2361/1764 1671/2364/1772 1670/2362/1765
f 1674/2311/1701 1675/2318/1700 1669/2317/1766
f 1666/2363/1767 1667/2315/1777 1688/2354/1768
f 1640/1763/1769 1701/2353/1769 1666/2363/1770
f 1671/2364/1772 1668/2343/1766 1669/2317/1766
f 1662/1592/1773 1663/1821/1779 1703/2365/1774
f 1653/2366/1775 1652/1525/913 1665/1524/1776
f 1665/1524/1776 1684/2319/1759 1685/2331/1705
f 1701/2353/1747 1700/2352/1746 1667/2315/1777
f 1690/2337/1778 1691/2333/1755 1663/1821/1779
f 1711/2335/1738 1710/1563/679 1677/2367/1780
f 1686/2316/1677 1687/1822/1781 1661/2328/1698
f 1687/1822/1781 1686/2316/1677 1695/2368/1782
f 1609/1632/1783 1631/1634/951 1694/2323/953
f 1657/1538/1785 1648/1619/1702 1707/2330/1704
f 1612/1777/1683 1675/2318/1682 1692/2369/1786
f 1630/2346/730 1107/8711/729 1103/1523/641
f 1654/1606/1787 1708/2361/1791 1704/2348/1788
f 1646/1577/1789 1609/1632/1783 1672/2325/1784
f 1135/1676/849 1134/1504/847 1182/1758/849
f 1608/1608/1790 1671/2364/1804 1708/2361/1791
f 1607/1686/1679 1655/1658/1792 1709/1796/1792
f 1615/1594/1794 1617/1643/1668 1680/2313/1670
f 1099/1707/814 1069/1553/671 1068/1514/605
f 1595/1781/1796 1643/1570/706 1702/2349/1797
f 1603/1600/1771 1666/2363/1770 1689/2338/1735
f 1596/1572/1800 1659/2350/1803 1703/2365/1801
f 1604/1588/1675 1625/1585/1754 1688/2354/1753
f 1640/1763/1769 1595/1781/1796 1658/2351/1798
f 1614/1511/1712 1615/1594/1794 1678/2347/1795
f 1639/1574/1674 1700/2352/2945 1659/2350/1803
f 1608/1608/1790 1605/1680/1726 1668/2343/1727
f 1167/1792/877 1158/1505/626 1028/1684/794
f 1650/2327/1697 1653/2366/1775 1642/2341/1723
f 984/2372/1808 1716/2378/1814 1717/2373/1809
f 985/2374/1810 1717/2373/1809 1718/2375/1811
f 984/2372/1808 987/2379/1815 1719/2377/1813
f 987/2379/1815 986/2376/1812 1718/2375/1811
f 1716/2378/1816 1720/8712/1816 1721/2380/1816
f 1716/2378/1817 1719/2377/1817 1723/2381/1817
f 1719/2377/1818 1718/2375/1818 1722/2383/1818
f 1717/2373/1819 1721/8713/1819 1722/2385/1819
f 1749/2398/1832 1756/2447/1844 1760/2399/1833
f 1735/2401/1835 1739/2416/1847 1728/2402/1836
f 1733/2404/1838 1737/2414/1846 1731/2405/1839
f 1726/2407/1841 1734/2412/1845 1738/2408/1842
f 1732/2410/1844 1726/2407/1841 1730/2409/1843
f 1734/2412/1845 1727/2406/1840 1731/2405/1839
f 1724/2413/1837 1728/8714/1836 1737/2414/1846
f 1725/2415/1832 1729/2480/1834 1739/2416/1847
f 1747/2417/1848 1746/2425/2946 1741/2418/1849
f 1747/2420/1851 1740/8715/2947 1743/2421/1852
f 1744/2422/1854 1743/2421/2948 1742/2423/1855
f 1746/2425/1857 1745/2424/1862 1742/2423/1858
f 1759/2438/1835 1763/2451/1847 1752/2439/1836
f 1757/2441/1838 1761/2450/1846 1755/2442/1839
f 1750/2444/1841 1758/2448/1845 1762/2445/1842
f 1756/2447/1844 1750/2444/1841 1754/2446/1843
f 1758/2448/1845 1751/2443/1840 1755/2442/1839
f 1748/2449/1837 1752/8716/1836 1761/2450/1846
f 1749/2398/1832 1753/2400/1834 1763/2451/1847
f 1431/2086/1329 1744/2422/1854 1745/2424/1856
f 1433/1440/1321 1432/2083/1323 1745/2424/1862
f 1433/1440/543 1746/2425/2946 1747/2417/1848
f 1434/2085/1325 1747/2420/1851 1744/2422/1853
f 1768/2452/1863 1775/2469/2949 1773/2453/1864
f 1767/2455/1866 1770/2458/1869 1779/2456/1867
f 1770/2458/1869 1767/2455/1866 1764/2459/1870
f 1771/2461/1872 1768/2452/1863 1765/2454/1865
f 1713/1298/1874 1768/2467/1863 1771/2463/1872
f 1712/1295/324 1715/1302/2911 1770/2464/1869
f 1714/1300/1875 1771/2463/2950 1770/2464/1876
f 1712/2466/1877 1769/8717/2951 1768/2467/1878
f 1774/2468/1879 1772/2470/2952 1773/2453/1880
f 1768/2452/1882 1769/2460/2953 1774/2468/1883
f 1765/2454/1885 1773/2453/2954 1772/2470/1886
f 1769/2460/1888 1764/2459/2955 1772/2470/1889
f 1779/2456/1891 1778/2472/2956 1776/2471/1892
f 1766/2462/1894 1776/2471/2957 1778/2472/1895
f 1767/2455/1897 1777/2457/2958 1776/2471/1898
f 1771/2461/1900 1778/2472/2959 1779/2456/1901
f 1067/1555/673 1066/1586/696 1132/1580/1
f 1114/1751/842 1116/1741/837 1062/1551/669
f 1062/1551/669 1069/1553/671 1099/1707/814
f 1786/2473/1903 1787/2298/1647 1780/2300/1649
f 1780/2300/1905 1782/2307/1656 1783/2303/1652
f 1787/2474/1906 1786/2304/1653 1784/2306/1655
f 1782/2307/1907 1785/2308/1661 1784/2306/1660
f 1781/2302/1904 1591/8708/2960 1594/2475/1908
f 1793/2273/1909 1577/2263/1597 1578/2476/1910
f 1789/2268/1912 1790/2272/1606 1791/2278/1615
f 1794/2477/1911 1795/2281/1620 1792/2280/1913
f 1795/2478/1914 1794/2266/1600 1789/2268/1602
f 1790/2272/1915 1793/2273/1608 1792/2280/1618
f 1799/2277/1916 1800/2279/1616 1801/2271/1630
f 1802/2287/1627 1803/2274/1610 1796/2276/1612
f 1796/2276/1917 1799/2277/1613 1798/2285/1624
f 1803/2282/1621 1802/2269/1603 1801/2271/1605
f 1410/2058/1292 1409/2052/1291 1405/2036/1918
f 1725/2415/1832 1732/2410/1844 1736/2411/1833
f 864/1315/351 867/1289/350 863/1290/1920
f 1808/2481/1921 1809/2484/1214 1806/2482/1922
f 1808/2481/1923 1810/2001/1222 1811/2483/1212
f 1805/2485/1228 1811/8718/1227 1810/2486/1924
f 1807/2003/1926 1806/2482/1218 1805/2485/1927
f 1804/1999/1925 1810/2486/1924 1366/1988/1203
f 1326/1959/1148 1325/1957/1147 1321/1960/1151
f 1405/2036/1918 1401/2038/1272 1402/2044/1272
f 1544/2200/1487 1543/2183/1486 1539/2182/1929
f 1908/2487/1930 2130/8719/2961 1915/2488/1931
f 1813/2490/1933 1825/8720/1933 1819/2491/1933
f 1820/2493/1934 1824/2951/2229 1821/2494/1935
f 1911/2496/1937 2124/8721/1937 2125/2497/1937
f 2075/2499/1938 2081/2670/2066 2066/2500/1939
f 1822/2502/1941 1819/8722/2962 1820/2493/1934
f 1814/2503/1942 1827/2950/2228 1818/2504/1943
f 1818/2504/1943 1817/8723/1945 1815/2506/1945
f 1860/2507/1946 1863/2519/1946 1835/2508/1946
f 1830/2514/1947 1854/8724/1947 1857/2515/1947
f 1851/2517/1947 1854/8724/1947 1830/2514/1947
f 1863/2519/1946 1866/2523/1946 1834/2520/1946
f 1869/2522/1946 1833/2567/1946 1834/2520/1946
f 1849/2524/1948 1852/2548/1969 1853/2525/1949
f 1875/2527/1951 1874/2556/1977 1847/2528/1952
f 1872/2530/1954 1839/2536/1960 1871/2531/1955
f 1859/2529/1953 1847/2528/1952 1846/2533/1957
f 1846/2533/1957 1845/8725/2963 1857/2535/1959
f 1839/2536/1960 1838/2538/1962 1870/2537/1961
f 1838/2538/1962 1837/8726/2964 1869/2539/1963
f 1872/2530/1954 1873/2532/1956 1849/2524/1948
f 1840/2540/1964 1849/2524/1948 1850/2526/1950
f 1841/2541/1965 1850/2526/1950 1848/2542/1966
f 1984/2544/1 1985/2801/1 1989/2545/1
f 1850/2526/1950 1853/2525/1949 1851/2547/1968
f 1852/2548/1969 1855/2551/1972 1856/2549/1970
f 1873/2532/1956 1876/2552/1973 1852/2548/1969
f 1853/2525/1949 1856/2549/1970 1854/2550/1971
f 1855/2551/1972 1859/2529/1953 1858/2534/1958
f 1876/2552/1973 1877/2553/1974 1855/2551/1972
f 1856/2549/1970 1858/2534/1958 1857/2535/1959
f 1877/2553/1974 1864/2557/1978 1861/2554/1975
f 1875/2527/1951 1861/2554/1975 1843/2555/1976
f 1864/2557/1978 1865/2562/1983 1862/2558/1979
f 1861/2554/1975 1862/2558/1979 1844/2559/1980
f 1844/2559/1980 1862/2558/1979 1860/2560/1981
f 1865/2562/1983 1863/2565/1986 1860/2560/1981
f 1876/2552/1973 1867/2563/1984 1864/2557/1978
f 1867/2563/1984 1868/2564/1985 1865/2562/1983
f 1868/2564/1985 1866/2566/1987 1863/2565/1986
f 1873/2532/1956 1871/2531/1955 1867/2563/1984
f 1871/2531/1955 1870/2537/1961 1868/2564/1985
f 1870/2537/1961 1869/2539/1963 1866/2566/1987
f 1877/2553/1974 1875/2527/1951 1859/2529/1953
f 1890/2569/1988 1881/8727/2965 1889/2570/1989
f 1885/2572/1991 1890/2569/1988 1902/2571/1990
f 1898/2573/1992 1902/2571/1990 1895/2574/1993
f 1902/2571/1990 1889/2570/1989 1884/2576/1995
f 1897/2577/1996 1886/2575/1994 1895/2574/1993
f 1882/2579/1998 1897/2577/1996 1901/2578/1997
f 1887/2580/1999 1901/2578/1997 1893/2581/2000
f 1883/2583/2002 1896/2591/2010 1900/2584/2003
f 1892/2585/2004 1900/2584/2003 1891/2586/2005
f 1900/2584/2003 1897/2577/1996 1882/2579/1998
f 1888/2588/2007 1880/8728/2966 1894/2589/2008
f 1883/2583/2002 1888/2588/2007 1899/2590/2009
f 1896/2591/2010 1899/2590/2009 1898/2573/1992
f 1899/2590/2009 1894/2589/2008 1885/2572/1991
f 1896/2591/2010 1886/2575/1994 1897/2577/1996
f 1923/2594/2013 2004/8729/2011 2006/2592/2011
f 2006/2592/2011 2005/8730/2011 1903/2593/2012
f 1903/2593/2012 1907/8731/2967 1923/2594/2013
f 2109/2595/2014 2118/2822/2152 2115/2596/2015
f 2082/2598/2017 2076/8732/2165 1930/2599/2018
f 2032/2601/2020 2028/2655/2020 1914/2602/2020
f 2072/2604/2021 2079/2625/2194 1933/2605/2022
f 1917/2607/2023 1915/8733/2968 2130/2608/2024
f 2008/2612/2028 1919/8734/2969 2031/2610/2026
f 2031/2610/2026 1904/8735/2970 2007/2611/2027
f 2007/2611/2027 2009/8736/2971 2008/2612/2028
f 2088/2613/2029 1999/2824/2153 2000/2614/2030
f 1927/2616/2032 2060/8737/2102 2067/2617/2033
f 2018/2619/2035 2017/2706/2036 2026/2620/2036
f 1911/2622/1937 2051/8738/1937 2123/2623/1937
f 2079/2625/2038 2082/2598/2017 1932/2600/2019
f 2001/2626/2040 1996/8739/2040 1906/2627/2040
f 1993/2629/1994 1995/2699/1994 1922/2630/1994
f 1926/2632/1994 1998/2820/1994 1993/2633/1994
f 1913/2628/2040 2058/2903/2040 2096/2635/2040
f 2011/2636/1937 2103/2841/1937 2046/2637/1937
f 1930/2639/2018 2010/2846/2044 2004/2640/2042
f 2010/2642/2044 2105/8740/2220 2108/2643/2045
f 1909/2645/2047 2030/8741/2972 1917/2646/2023
f 1903/2648/2048 1908/2638/2166 2029/2649/2049
f 1922/2630/2051 1924/2694/2051 1920/2651/2052
f 2030/2652/2053 2032/2601/2973 1916/2603/2054
f 2029/2654/2056 1915/8742/2974 1914/2602/2057
f 2040/2656/2059 2041/2701/2060 2044/2657/2060
f 2020/2659/2040 2185/8743/2040 2186/2660/2040
f 1904/2662/2061 2032/8744/2050 2030/2663/2062
f 1931/2606/1994 1922/2690/1994 1995/2665/1994
f 1927/2667/2032 1919/8745/2079 2008/2668/2064
f 2081/2670/2066 2078/2879/2196 2069/2671/2067
f 2069/2671/2068 2078/2879/2192 2073/2672/2069
f 2085/2674/2071 2093/2895/2071 2100/2675/2072
f 2097/2677/2074 2057/2906/2074 2055/2678/2074
f 2013/2680/1937 1909/2664/2063 2121/2681/1937
f 2003/2683/2075 2001/2818/2076 2096/2684/2076
f 1927/2616/2032 1929/2618/2034 1921/2686/2078
f 1929/2618/2034 1928/2689/2099 1920/2688/2080
f 1928/2689/2081 1926/2632/2097 1918/2634/2082
f 1922/2690/2084 1931/2606/2022 1933/2605/2022
f 1924/2691/2085 1933/2605/2039 1932/2600/2019
f 1925/2692/2086 1932/2600/2019 1930/2599/2018
f 1924/2694/2087 1925/2696/2090 1921/2695/2088
f 1925/2696/2090 1923/8746/2975 1919/2697/2091
f 1994/2698/2092 1997/8747/2092 1995/2699/2093
f 2007/2700/1937 1904/2662/2061 1909/2664/2063
f 2041/2701/2060 2039/8748/2976 2043/2702/2094
f 2185/2705/2074 2020/2851/2074 2022/2703/2074
f 2022/2703/2074 2134/8749/2074 2184/2704/2074
f 2133/2708/2095 2026/2620/2095 2017/2706/2095
f 2017/2706/2095 2186/8750/2095 2183/2707/2095
f 1937/2709/2095 2142/2966/2095 2139/2710/2095
f 1917/2712/1937 2023/8751/1937 2019/2713/1937
f 1916/2715/1937 2025/2853/1937 2023/2716/1937
f 1928/2689/2081 2070/2719/2191 2064/2718/2096
f 1929/2618/2034 2067/2617/2033 2070/2719/2098
f 1931/2606/1994 2002/2666/1994 2094/2720/1994
f 2088/2721/2100 2054/8752/2100 1912/2722/2100
f 1927/2667/2032 2014/2669/2065 2112/2724/2101
f 2044/2726/2103 2043/2702/2094 2036/2727/2104
f 2037/2729/2106 2042/2735/2977 2044/2726/2103
f 2042/2658/2107 2028/2741/2107 2032/2730/2107
f 1923/2732/2108 1907/8753/2978 2031/2733/2109
f 2042/2735/2111 2037/2729/2979 1907/2736/2112
f 2049/2738/1937 2051/8754/1937 1911/2739/1937
f 2022/2743/2100 2026/8755/2100 2133/2744/2100
f 2218/2746/1937 2185/3045/1937 2184/2747/1937
f 2102/2597/1937 2115/2596/1937 2120/2749/1937
f 2043/2702/2094 2039/8748/2976 2033/2751/2113
f 1938/2752/2114 1941/2766/2129 1949/2753/2115
f 1959/2755/2117 1944/2763/2126 1943/2756/2118
f 1955/2758/2120 1940/2762/2136 1959/2755/2121
f 1960/2760/2123 1946/2776/2143 1947/2761/2124
f 1940/2762/2125 1947/2761/2124 1944/2763/2126
f 1958/2757/2119 1943/2756/2118 1945/2764/2127
f 1941/2766/2129 1939/8756/2128 1945/2767/2127
f 1954/2768/2130 1956/2770/2134 1961/2769/2131
f 1938/2752/2133 1961/2769/2131 1956/2770/2134
f 1954/2768/2130 1960/2760/2132 1940/2762/2136
f 1953/2772/2137 1951/8617/2892 1958/2757/2138
f 1953/2773/2137 1939/8756/2139 1941/2766/2140
f 1957/2774/2141 1941/2766/2140 1938/2752/2133
f 1960/2760/2123 1961/2769/2144 1948/2775/2142
f 1942/2754/2116 1948/2775/2142 1961/2769/2144
f 1838/2777/2145 1839/2783/2145 1963/2778/2145
f 1840/2780/2145 1964/2794/2145 1970/2781/2145
f 1970/2781/2145 1963/2778/2145 1839/2783/2145
f 1843/2784/2146 1966/2788/2146 1971/2785/2146
f 1844/2787/2146 1967/2799/2146 1966/2788/2146
f 1847/2789/2146 1874/2786/2146 1971/2785/2146
f 1846/2791/2146 1847/2789/2146 1969/2790/2146
f 1841/2793/2145 1965/2813/2145 1964/2794/2145
f 1966/2788/1 1987/2798/1 1975/2795/1
f 1964/2794/1 1965/2813/1 1983/2796/1
f 1987/2798/1 1966/2788/1 1967/2799/1
f 1963/2778/1 1984/2544/1 1988/2546/1
f 1985/2801/1 1986/2803/1 1990/2802/1
f 1986/2803/1 1987/2798/1 1991/2800/1
f 1977/2804/1 1981/2811/1 1980/2805/1
f 1973/2807/1 1974/2808/1 1986/2803/1
f 1974/2808/1 1975/2795/1 1987/2798/1
f 1830/2514/1 1981/2811/1 1982/2809/1
f 1979/2797/1 1972/2812/1 1970/2781/1
f 1976/2806/1 1980/2805/1 1968/2792/1
f 1978/2810/1 1982/2809/1 1981/2811/1
f 1979/2797/1 1983/2796/1 1982/2809/1
f 1972/2812/1 1979/2797/1 1978/2810/1
f 1972/2812/1 1973/2807/1 1985/2801/1
f 1974/2808/1 1977/2804/1 1976/2806/1
f 1973/2807/1 1978/2810/1 1977/2804/1
f 1970/2781/1 1972/2812/1 1984/2544/1
f 1969/2790/1 1971/2785/1 1975/2795/1
f 1831/2518/1 1982/2809/1 1983/2796/1
f 1829/2516/1 1980/2805/1 1981/2811/1
f 1832/2513/1 1983/2796/1 1965/2813/1
f 1989/2545/1 1990/2802/1 1835/2508/1
f 1845/2521/1 1968/2792/1 1980/2805/1
f 1836/2509/1 1835/2508/1 1990/2802/1
f 1988/2546/1 1989/2545/1 1834/2520/1
f 1842/2510/1 1836/2509/1 1991/2800/1
f 1833/2567/1 1837/2568/1 1962/2779/1
f 2091/2676/2073 2100/2675/2072 2097/2814/2147
f 2002/2666/2149 1995/2665/2150 1997/2816/2077
f 2003/2683/2075 1997/2816/2077 1996/2817/2076
f 2002/2666/2149 2003/2683/2075 2099/2685/2077
f 1926/2632/1994 2064/2718/1994 2084/2819/1994
f 2106/2821/2151 2111/2915/2159 2118/2822/2152
f 1992/2823/2153 1994/2825/2031 2000/2614/2030
f 1994/2825/2031 1993/2633/2154 1998/2820/2154
f 1996/2826/2155 1997/8747/2092 1994/2698/2092
f 1996/2828/2095 1992/8757/2095 1905/2829/2095
f 2073/2672/1994 2093/2895/1994 2085/2674/1994
f 1998/2820/2154 2084/2819/2154 2090/2615/2031
f 1992/2831/2100 1999/2723/2100 1912/2722/2100
f 2011/2636/2156 2005/2847/2980 2006/2833/2157
f 2012/2644/2046 2006/2833/2157 2004/2834/2042
f 2014/2835/2065 2015/2842/2162 2117/2836/2158
f 2106/2838/2151 2075/2923/1938 2061/2839/1940
f 2012/2644/2046 2108/2643/2045 2103/2841/2160
f 2114/2682/2161 2117/2836/2158 2015/2842/2162
f 2008/2843/2064 2009/2844/2164 2015/2842/2162
f 2009/2844/2164 2007/2700/2981 2013/2680/2163
f 2076/2845/2165 2105/2920/2220 2010/2846/2044
f 2005/2847/1937 2011/2636/1937 1908/2638/2166
f 2016/2848/2167 2018/2619/2035 2027/2621/2037
f 2024/2850/2169 2022/2703/2170 2020/2851/2170
f 2025/2853/2171 2027/2855/2172 2024/2854/2172
f 2027/2855/2172 2026/8755/2982 2022/2743/2173
f 2019/2713/2174 2023/8751/2174 2024/2850/2169
f 2016/2848/1937 2025/2849/1937 1916/2856/1937
f 2020/2659/2175 2017/2661/2983 2018/2858/2176
f 2021/2859/2176 2018/2858/2176 2016/2860/2177
f 1915/2862/1937 2019/2861/1937 2016/2860/1937
f 2038/2728/2178 2036/2727/2104 2033/2751/2113
f 2037/2865/2179 2038/2728/2178 2035/2864/2178
f 2031/2867/1994 1907/8758/1994 2037/2865/1994
f 2033/2751/2113 2039/8748/2976 2041/2868/2180
f 2041/2868/2180 2040/2870/2984 2034/2869/2182
f 2040/2870/2183 1904/8759/2985 2031/2871/2184
f 2061/2501/1940 2066/2500/1939 2068/2872/2186
f 2068/2872/2186 2067/2876/2033 2060/2874/2102
f 2066/2500/1939 2069/2671/2067 2071/2875/2188
f 2071/2875/2188 2070/2878/2098 2067/2876/2033
f 2069/2671/2068 2063/2673/2070 2065/2877/2189
f 2065/2877/2189 2064/2898/2096 2070/2878/2191
f 2078/2879/2192 2080/2883/2986 2074/2880/2193
f 2074/2880/2193 2080/2883/2986 2079/2881/2194
f 2081/2670/2066 2083/2885/2197 2080/2883/2195
f 2080/2883/2195 2083/2885/2197 2082/2884/2017
f 2075/2499/1938 2077/8760/2225 2083/2885/2197
f 2083/2885/2197 2077/8760/2225 2076/2886/2165
f 2091/2676/2198 2087/2815/2987 2089/2887/2199
f 2089/2887/2199 2088/8761/2988 2090/2889/2201
f 2085/2674/2202 2091/2676/2198 2092/2888/2200
f 2092/2888/2200 2090/2889/2201 2084/2891/2204
f 2094/2892/2205 2099/2896/2209 2101/2893/2206
f 2101/2893/2206 2100/2675/2211 2093/2895/2208
f 2099/2896/2209 2096/8762/2989 2098/2897/2210
f 2098/2897/2210 2097/2814/2990 2100/2675/2211
f 2064/2898/1994 2065/2877/1994 2086/2890/1994
f 2086/2890/1994 2065/2877/1994 2063/2673/1994
f 2087/2679/2212 2055/2678/2212 2056/2899/2213
f 2056/2901/2213 2054/8752/2214 2088/2721/2214
f 2072/2882/1994 2094/2892/1994 2095/2894/1994
f 2095/2894/1994 2093/2895/1994 2073/2672/1994
f 2058/2903/2215 2059/8763/2991 2098/2904/2216
f 2098/2905/2216 2059/8764/2991 2057/2906/2218
f 2108/2907/2045 2110/2911/2221 2104/2908/2219
f 2104/2908/2219 2110/2911/2221 2109/2595/2014
f 2105/2910/2220 2107/8765/2226 2110/2911/2221
f 2110/2911/2221 2107/8765/2226 2106/2821/2151
f 2112/2912/2101 2117/2916/2158 2119/2913/2222
f 2119/2913/2222 2118/2822/2152 2111/2915/2159
f 2117/2916/2158 2114/2926/2161 2116/2917/2224
f 2116/2917/2224 2115/2596/2015 2118/2822/2152
f 2103/2909/1937 2104/2908/1937 2047/2918/1937
f 2047/2918/1937 2104/2908/1937 2102/2597/1937
f 2105/2920/2220 2076/2845/2165 2077/2921/2225
f 2107/2922/2226 2077/2921/2225 2075/2923/1938
f 2060/2725/2102 2112/2724/2101 2113/2924/2223
f 2062/2925/2187 2113/2924/2223 2111/2840/2159
f 2114/2926/1937 2121/8766/1937 2122/2927/1937
f 2122/2927/1937 2120/2749/1937 2115/2596/1937
f 2128/2928/1937 2053/8767/1937 2052/2929/1937
f 2132/2931/1937 2131/2946/1937 2048/2932/1937
f 1910/2934/1937 2125/8768/1937 2126/2935/1937
f 2051/2937/1937 2049/8769/1937 2126/2938/1937
f 2129/2941/1937 2124/8770/1937 2123/2940/1937
f 2123/2940/1937 2128/2928/1937 2127/2930/1937
f 2124/2942/1937 2129/8771/1937 2130/2943/1937
f 2132/2931/1937 2126/8772/1937 2125/2945/1937
f 2125/2945/1937 2130/8773/1937 2131/2946/1937
f 2123/2947/1937 2126/8774/1937 2132/2948/1937
f 1827/2950/2228 1814/2503/1942 1821/2494/1935
f 1934/2952/1937 2134/2955/1937 2133/2953/1937
f 1934/2952/1937 1936/2958/1937 2184/2747/1937
f 1935/2954/1937 2133/2953/1937 2183/2956/1937
f 1936/2958/1937 1937/2957/1937 2183/2956/1937
f 2135/2959/2074 2138/2982/2074 2147/2960/2074
f 1935/2962/2100 2139/8775/2100 2140/2963/2100
f 1936/2965/2040 2141/2967/2040 2142/2966/2040
f 1934/2964/2074 2140/2963/2074 2141/2967/2074
f 2135/2968/1937 2136/2971/1937 2140/2969/1937
f 2136/2971/1937 2137/2975/2230 2141/2972/2230
f 2135/2968/1937 2139/2970/1937 2142/2973/1937
f 2137/2975/2230 2138/2974/1937 2142/2973/1937
f 2155/2976/1937 2156/3009/1937 2157/2977/1937
f 2135/2979/2040 2145/8776/2040 2146/2980/2040
f 2138/2982/2100 2137/2984/2231 2154/2983/2231
f 2136/2981/2095 2146/2980/2095 2154/2983/2232
f 2152/2985/2074 2151/3005/2074 2155/2986/2074
f 2150/2988/1937 2146/3000/1937 2145/2989/1937
f 2143/2990/1937 2145/2989/1937 2147/2991/1937
f 2144/2993/2040 2153/3003/2040 2157/2994/2040
f 2153/2996/1937 2144/2992/1937 2147/2991/1937
f 2144/2993/2095 2149/2995/2095 2148/2998/2095
f 2146/3000/1937 2151/3002/1937 2152/3001/1937
f 2152/2985/2233 2158/2987/2233 2157/2994/2233
f 2156/3004/2235 2155/2986/2235 2151/3005/2235
f 2150/3006/2100 2143/8777/2100 2148/3007/2100
f 2148/3008/1937 2149/8778/1937 2157/2977/1937
f 2163/3010/2236 2165/3016/2243 2166/3011/2236
f 2160/3013/2237 2163/3010/2238 2164/3012/2238
f 2160/3015/2239 2162/8779/2239 2165/3016/2239
f 2161/3017/2240 2166/3011/2240 2165/3016/2240
f 2159/3019/2242 2164/3012/2242 2166/3011/2242
f 2171/3021/2236 2173/3027/2236 2174/3022/2236
f 2168/3024/2237 2171/3021/2238 2172/3023/2237
f 2168/3026/2239 2170/8780/2239 2173/3027/2239
f 2169/3028/2240 2174/3022/2240 2173/3027/2240
f 2167/3030/2242 2172/3023/2242 2174/3022/2242
f 2179/3032/2236 2181/3039/2236 2182/3033/2244
f 2175/3035/2237 2176/8781/2237 2179/3032/2238
f 2178/3036/2239 2181/3039/2239 2179/3032/2239
f 2178/3038/2240 2177/8782/2240 2182/3033/2240
f 2177/3040/2242 2175/8783/2242 2180/3034/2242
f 2215/3041/2095 2190/3115/2095 2187/3042/2095
f 2218/2746/1937 2216/3052/1937 2186/3044/1937
f 2225/3046/2100 2187/8784/2100 2188/3047/2100
f 2201/3049/1937 2191/3077/1937 2187/3050/1937
f 2216/3052/1937 2224/3055/1937 2183/2956/1937
f 2221/3048/2074 2188/3047/2074 2189/3053/2074
f 2222/2748/1937 2184/2747/1937 2183/2956/1937
f 2191/3056/2245 2201/3088/2246 2212/3057/2246
f 2198/3059/2247 2209/3096/2247 2213/3060/2248
f 2192/3062/2249 2203/3090/2249 2207/3063/2250
f 2195/3065/2251 2206/3093/2251 2210/3066/2252
f 2205/3068/1937 2204/8785/1937 2206/3069/1937
f 2195/3071/1937 2197/3082/1937 2189/3072/1937
f 2198/3074/1937 2200/3084/1937 2190/3051/1937
f 2206/3069/1937 2204/8785/1937 2212/3075/1937
f 2200/3061/2248 2213/3060/2248 2214/3086/2253
f 2214/3086/2253 2212/3057/2246 2201/3088/2246
f 2192/3062/2249 2193/8786/2992 2205/3089/2254
f 2205/3089/2254 2193/8786/2992 2191/3091/2245
f 2206/3093/2251 2195/3065/2251 2196/3094/2255
f 2196/3094/2255 2194/3064/2250 2207/3063/2250
f 2209/3096/2247 2198/3059/2247 2199/3097/2257
f 2199/3097/2257 2197/3067/2252 2210/3066/2252
f 2187/3050/1937 2192/3079/1937 2194/3080/1937
f 2207/3099/2258 2203/8787/2227 2205/3068/1937
f 2210/3076/1937 2212/3075/1937 2214/3100/1937
f 2214/3100/1937 2213/8788/2993 2209/3102/1937
f 2221/3103/2259 2223/3106/2262 2226/3104/2260
f 2223/3106/2262 2222/3114/2994 2224/3107/2263
f 2219/3108/2264 2215/3113/2995 2217/3109/2265
f 2220/3110/2266 2217/3109/2265 2216/3111/2267
f 2225/3105/2269 2226/3104/2271 2217/3109/2270
f 2226/3104/2271 2224/3107/2996 2216/3111/2272
f 2221/3103/2273 2219/3108/2997 2220/3110/2274
f 2223/3106/2275 2220/3110/2274 2218/3112/2276
f 2215/3041/2040 2219/3054/2040 2189/3053/2040
f 2231/3116/2278 2227/3140/2301 2239/3117/2279
f 2235/3119/2281 2247/3131/2293 2245/3120/2282
f 2229/3122/2284 2228/3138/2299 2240/3123/2285
f 2230/3125/2287 2242/3133/2295 2246/3126/2288
f 2237/3128/2290 2249/8789/2296 2250/3129/2291
f 2234/3127/2289 2246/3126/2288 2247/3131/2293
f 2232/3132/2294 2244/3139/2300 2242/3133/2295
f 2233/3121/2283 2245/3120/2282 2249/3134/2296
f 2236/3136/2297 2238/3130/2292 2250/3129/2291
f 2228/3138/2299 2236/3136/2297 2248/3137/2298
f 2232/3132/2294 2231/3116/2278 2243/3118/2280
f 2227/3140/2301 2229/3122/2284 2241/3124/2286
f 2245/3141/2302 2248/3145/2304 2250/3142/2302
f 2247/3144/2230 2240/3146/1937 2248/3145/2304
f 2240/3146/1937 2247/3144/2230 2246/3147/2230
f 2246/3147/2230 2242/3151/2230 2239/3149/1937
f 2244/3150/2230 2243/8790/2998 2239/3149/1937
f 2255/3152/2278 2251/3176/2314 2263/3153/2305
f 2259/3155/2281 2271/3167/2293 2269/3156/2282
f 2253/3158/2284 2252/3174/2299 2264/3159/2285
f 2254/3161/2306 2266/3169/2311 2270/3162/2307
f 2261/3164/2308 2273/3170/2296 2274/3165/2291
f 2258/3163/2289 2270/3162/2307 2271/3167/2293
f 2256/3168/2310 2268/3175/2313 2266/3169/2311
f 2257/3157/2283 2269/3156/2282 2273/3170/2296
f 2260/3171/2297 2262/8791/2309 2274/3172/2291
f 2252/3174/2299 2260/3171/2297 2272/3173/2312
f 2256/3168/2310 2255/3152/2278 2267/3154/2280
f 2251/3176/2314 2253/3158/2284 2265/3160/2286
f 2269/3177/2315 2272/3181/2230 2274/3178/2316
f 2271/3180/2230 2264/3183/1937 2272/3181/2230
f 2271/3180/2230 2270/3184/2230 2265/3182/1937
f 2270/3184/2230 2266/3187/2304 2263/3185/2302
f 2268/3186/2230 2267/8792/2999 2263/3185/2302
f 1812/3188/2318 1815/8793/2318 1817/3189/2318
f 1901/2578/1997 1895/2574/1993 1884/2576/1995
f 2276/3191/2319 2370/8794/2319 2398/3192/2319
f 2276/3191/2320 2278/3196/2320 2396/3194/2320
f 2278/3196/2321 2277/3200/2321 2397/3197/2321
f 2275/3193/2322 2398/8795/2322 2397/3199/2322
f 2275/3193/15 2277/3200/15 2278/3196/15
f 2280/3201/2323 2393/8796/2323 2392/3202/2323
f 2280/3201/2320 2282/3206/2320 2367/3204/2320
f 2282/3206/2321 2281/3210/2321 2387/3207/2321
f 2279/3203/2322 2392/8797/2322 2387/3209/2322
f 2279/3203/15 2281/3210/15 2282/3206/15
f 2284/3211/2323 2386/8798/2323 2384/3212/2323
f 2284/3211/2320 2286/3216/2320 2381/3214/2320
f 2286/3216/2321 2285/3220/2321 2382/3217/2321
f 2283/3213/2322 2384/8799/2322 2382/3219/2322
f 2283/3213/15 2285/3220/15 2286/3216/15
f 2288/3221/2323 2379/8800/2325 2378/3222/2323
f 2288/3221/2320 2290/3226/2320 2371/3224/2320
f 2290/3226/2324 2289/3230/2324 2373/3227/2324
f 2287/3223/2322 2378/8801/2322 2373/3229/2322
f 2287/3223/15 2289/3230/15 2290/3226/15
f 2292/3231/2325 2369/8802/2325 2364/3232/2325
f 2292/3231/2320 2294/3236/2320 2362/3234/2320
f 2294/3236/2324 2293/3240/2324 2363/3237/2324
f 2291/3233/2322 2364/8803/2322 2363/3239/2322
f 2291/3233/15 2293/3240/15 2294/3236/15
f 2296/3241/2325 2368/8804/2325 2366/3242/2325
f 2296/3241/2320 2298/3246/2320 2391/3244/2320
f 2298/3246/2326 2297/3250/2326 2365/3247/2326
f 2295/3243/2322 2366/8805/2322 2365/3249/2322
f 2295/3243/15 2297/3250/15 2298/3246/15
f 2300/3251/2327 2399/8806/2327 2374/3252/2327
f 2300/3251/2320 2302/3256/2320 2400/3254/2320
f 2302/3256/2328 2301/3260/2328 2372/3257/2328
f 2299/3253/2322 2374/8807/2322 2372/3259/2322
f 2299/3253/15 2301/3260/15 2302/3256/15
f 2304/3261/2329 2394/8808/2329 2380/3262/2329
f 2304/3261/2320 2306/3266/2320 2395/3264/2320
f 2306/3266/2328 2305/3270/2328 2377/3267/2328
f 2303/3263/2322 2380/8809/2322 2377/3269/2322
f 2303/3263/15 2305/3270/15 2306/3266/15
f 2308/3271/2329 2376/8810/2329 2375/3272/2329
f 2308/3271/2320 2310/3276/2320 2402/3274/2320
f 2310/3276/2330 2309/3280/2330 2383/3277/2330
f 2307/3273/2322 2375/8811/2322 2383/3279/2322
f 2307/3273/15 2309/3280/15 2310/3276/15
f 2312/3281/2331 2385/8812/2331 2401/3282/2331
f 2312/3281/2320 2314/3286/2320 2388/3284/2320
f 2314/3286/2330 2313/3290/2330 2403/3287/2330
f 2311/3283/2322 2401/8813/2322 2403/3289/2322
f 2311/3283/15 2313/3290/15 2314/3286/15
f 2316/3291/2331 2390/8814/2331 2389/3292/2331
f 2316/3291/2320 2318/3296/2320 2404/3294/2320
f 2318/3296/2330 2317/3300/2330 2410/3297/2330
f 2315/3293/2322 2389/8815/2322 2410/3299/2322
f 2315/3293/15 2317/3300/15 2318/3296/15
f 2320/3301/2332 2412/8816/2332 2411/3302/2332
f 2320/3301/2320 2322/3306/2320 2417/3304/2320
f 2322/3306/2333 2321/3310/2333 2416/3307/2333
f 2319/3303/2322 2411/8817/2322 2416/3309/2322
f 2319/3303/15 2321/3310/15 2322/3306/15
f 2324/3311/2332 2407/8818/2332 2409/3312/2332
f 2324/3311/2320 2326/3316/2320 2408/3314/2320
f 2326/3316/2333 2325/3320/2333 2413/3317/2333
f 2323/3313/2322 2409/8819/2322 2413/3319/2322
f 2323/3313/15 2325/3320/15 2326/3316/15
f 2328/3321/2332 2405/8820/2332 2415/3322/2332
f 2328/3321/2320 2330/3326/2320 2406/3324/2320
f 2330/3326/2334 2329/3330/2335 2414/3327/2335
f 2327/3323/2322 2415/8821/2322 2414/3329/2322
f 2327/3323/15 2329/3330/15 2330/3326/15
f 2332/3331/2336 2421/8822/2336 2420/3332/2336
f 2332/3331/2320 2334/3336/2320 2419/3334/2320
f 2334/3336/2334 2333/3340/2334 2418/3337/2334
f 2331/3333/2322 2420/8823/2322 2418/3339/2322
f 2331/3333/15 2333/3340/15 2334/3336/15
f 2336/3341/2336 2422/8824/2336 2424/3342/2336
f 2336/3341/2320 2338/3346/2320 2423/3344/2320
f 2338/3346/2334 2337/3350/2334 2425/3347/2334
f 2335/3343/2322 2424/8825/2322 2425/3349/2322
f 2335/3343/15 2337/3350/15 2338/3346/15
f 2340/3351/2338 2427/8826/2338 2426/3352/2338
f 2340/3351/2320 2342/3356/2320 2429/3354/2320
f 2342/3356/2339 2341/3360/2339 2428/3357/2339
f 2339/3353/2322 2426/8827/2322 2428/3359/2322
f 2339/3353/15 2341/3360/15 2342/3356/15
f 2637/3361/2341 2437/3374/2341 2432/3362/2341
f 2444/3364/2322 2442/3386/2322 2345/3365/2322
f 2638/3367/15 2430/3380/15 2440/3368/15
f 2435/3370/2341 2434/8828/2341 2439/3371/2341
f 2436/3373/2342 2432/8829/2342 2437/3374/2342
f 2433/3376/2341 2436/8830/2341 2441/3377/2341
f 2435/3379/2343 2440/3368/2343 2430/3380/2343
f 2353/3382/2322 2346/3390/2322 2443/3383/2322
f 2643/3385/2322 2641/3388/2322 2442/3386/2322
f 2443/3383/15 2346/3390/15 2438/3378/15
f 2640/3387/15 2440/3372/15 2442/3386/15
f 2440/3372/15 2439/3371/15 2345/3365/15
f 2353/3389/2344 2433/8831/2344 2438/3378/2344
f 2356/3391/2343 2345/3365/3000 2439/3371/2343
f 2592/3393/2345 2432/3683/2462 2603/3394/2346
f 2393/3396/2348 2396/3465/2348 2397/3397/2349
f 2387/3399/2349 2384/3700/2349 2386/3400/2348
f 2382/3402/2349 2378/3702/2349 2379/3403/2348
f 2373/3405/2349 2364/3705/2349 2369/3406/2348
f 2368/3408/2350 2362/3788/2350 2363/3409/2349
f 2399/3411/2350 2391/3810/2350 2365/3412/2349
f 2372/3414/2349 2380/3711/2349 2394/3415/2350
f 2377/3417/2349 2375/3714/2349 2376/3418/2350
f 2383/3420/2349 2401/3717/2349 2385/3421/2350
f 2403/3423/2349 2389/3720/2349 2390/3424/2350
f 2410/3426/2349 2411/3723/2349 2412/3427/2350
f 2407/3429/2350 2417/3884/2350 2416/3430/2349
f 2413/3432/2349 2415/3733/2349 2405/3433/2351
f 2421/3435/2351 2406/3927/2351 2414/3436/2349
f 2418/3438/2349 2424/3753/2349 2422/3439/2351
f 2610/3441/2352 2613/3677/2457 2359/3442/2353
f 2594/3444/2355 2597/3994/2443 2604/3445/2356
f 2595/3447/2358 2596/3663/2444 2605/3448/2359
f 2343/3450/2360 2478/3550/2412 2487/3451/2361
f 2543/3453/2362 2527/3622/2362 2526/3454/2363
f 2567/3456/2364 2545/3467/2364 2543/3457/2362
f 2661/3459/2366 2517/3780/2366 2512/3460/2367
f 2542/3455/2363 2544/3591/2322 2566/3462/2322
f 2393/3396/2348 2540/3468/2366 2546/3464/2366
f 2547/3466/2367 2541/3470/2367 2545/3467/2364
f 2540/3468/2366 2525/3471/2366 2529/3469/2367
f 2525/3471/2366 2531/3766/2366 2532/3472/2367
f 2549/3473/2365 2543/3453/2362 2542/3455/2363
f 2524/3474/2364 2539/3489/2364 2537/3475/2362
f 2571/3477/2363 2573/3608/2322 2496/3478/2368
f 2536/3480/2363 2538/3765/2322 2528/3481/2322
f 2480/3482/2370 2344/3491/2359 2455/3483/2359
f 2565/3485/2372 2478/3550/2412 2343/3450/2360
f 2658/3461/2367 2512/3460/2367 2513/3487/2364
f 2529/3469/2367 2532/3472/2367 2539/3489/2364
f 2560/3490/2373 2558/3553/2359 2344/3491/2359
f 2516/3492/2363 2514/3779/2322 2659/3493/2322
f 2726/3495/2362 2521/3853/2362 2520/3496/2363
f 2821/3498/2362 2510/3531/2399 2506/3499/2374
f 2456/3452/2360 2487/3451/2361 2498/3501/2375
f 2455/3483/2359 2493/3574/2427 2505/3503/2377
f 2457/3536/2402 2464/3507/2381 2466/3537/2379
f 2459/3539/2403 2466/3505/2379 2463/3504/2378
f 2471/3516/2388 2473/3626/2386 2462/3541/2405
f 2473/3514/2386 2470/3513/2385 2461/3543/2407
f 2480/3482/2370 2482/3567/2409 2561/3545/2408
f 2482/3546/2409 2481/3564/2421 2562/3547/2410
f 2564/3549/2411 2479/8832/2419 2478/3550/2412
f 2609/3551/2413 2564/3549/2411 2565/3485/2372
f 2606/3449/2358 2605/3448/2359 2558/3553/2359
f 2607/3446/2357 2604/3445/2356 2561/3548/2408
f 2646/3554/2415 2483/3633/2415 2485/3555/2416
f 2647/3557/2416 2485/3634/2416 2484/3558/2417
f 2478/3550/2412 2479/8832/2419 2488/3560/2418
f 2479/3561/2419 2477/3604/2430 2486/3562/2420
f 2481/3564/2421 2482/3546/2409 2491/3565/2422
f 2482/3567/2409 2480/3482/2370 2489/3484/2371
f 2495/3502/2376 2498/3501/2375 2504/3569/2396
f 2497/3571/2424 2504/3527/2396 2500/3479/2369
f 2506/3499/2374 2508/3628/2397 2494/3572/2425
f 2508/3529/2397 2505/3503/2377 2493/3574/2427
f 2570/3576/2367 2547/3466/2367 2567/3456/2364
f 2825/3578/2364 2507/3533/2400 2510/3579/2399
f 2367/3401/2348 2525/3471/2366 2540/3468/2366
f 2396/3465/2348 2546/3464/2366 2569/3581/2428
f 2545/3467/2364 2524/3474/2364 2527/3476/2362
f 2541/3470/2367 2529/3469/2367 2524/3474/2364
f 2386/3400/2348 2531/3766/2366 2525/3471/2366
f 2728/3583/2367 2519/3607/2367 2523/3584/2364
f 2507/3533/2400 2490/3566/2423 2491/3565/2422
f 2511/3586/2401 2491/3568/2422 2489/3484/2371
f 2487/3451/2361 2488/3560/2418 2501/3522/2392
f 2488/3563/2418 2486/3562/2420 2499/3524/2394
f 2649/3559/2417 2484/3558/2417 2454/3588/2341
f 2568/3577/2364 2567/3456/2364 2549/3458/2365
f 2526/3454/2363 2528/3481/2322 2544/3591/2322
f 2572/3592/2362 2549/3473/2365 2548/3463/2363
f 2576/3593/2416 2534/3726/2416 2535/3594/2417
f 2579/3596/2415 2533/3636/2415 2534/3597/2416
f 2729/3585/2364 2523/3584/2364 2521/3599/2362
f 2546/3464/2366 2540/3468/2366 2541/3470/2367
f 2577/3595/2417 2535/3594/2417 2530/3601/2341
f 2520/3496/2363 2522/3854/2322 2727/3603/2322
f 2370/3582/2429 2569/3581/2428 2477/3604/2430
f 2724/3606/2366 2518/3855/2366 2519/3607/2367
f 2548/3463/2363 2566/3462/2322 2573/3608/2322
f 2663/3488/2364 2513/3487/2364 2515/3609/2362
f 2499/3524/2394 2568/3577/2364 2572/3590/2362
f 2463/3504/2378 2555/3613/2417 2557/3611/2341
f 2469/3612/2384 2553/3616/2416 2555/3613/2417
f 2555/3613/2417 2554/3617/2417 2556/3614/2341
f 2465/3510/2383 2550/3654/2415 2553/3615/2416
f 2553/3616/2416 2552/3649/2416 2554/3617/2417
f 2611/3552/2414 2565/3485/2372 2559/3486/2321
f 2610/3441/2352 2563/3605/2431 2564/3619/2411
f 2560/3490/2373 2561/3545/2408 2604/3621/2356
f 2486/3562/2420 2570/3576/2367 2568/3577/2364
f 2477/3604/2430 2569/3581/2428 2570/3576/2367
f 2569/3581/2428 2546/3464/2366 2547/3466/2367
f 2527/3622/2362 2537/3764/2362 2536/3480/2363
f 2503/3623/2395 2572/3592/2362 2571/3477/2363
f 2506/3499/2374 2492/3573/2426 2820/3624/2322
f 2479/3561/2419 2564/3619/2411 2563/3605/2431
f 2612/3630/2432 2611/3552/2414 2608/3618/2321
f 2614/3632/2433 2609/3551/2413 2611/3552/2414
f 2484/3558/2417 2577/3595/2417 2578/3602/2341
f 2483/3633/2415 2579/3596/2415 2576/3598/2416
f 2485/3634/2416 2576/3593/2416 2577/3595/2417
f 2579/3596/2415 2356/3637/2435 2361/3635/2434
f 2356/3637/2435 2579/3596/2415 2483/3633/2415
f 2585/3639/2417 2582/3643/2417 2583/3640/2341
f 2584/3642/2416 2581/3740/2416 2582/3643/2417
f 2587/3644/2415 2580/3651/2415 2581/3645/2416
f 2551/3647/2415 2587/3644/2415 2584/3646/2416
f 2552/3649/2416 2584/3642/2416 2585/3639/2417
f 2554/3617/2417 2585/3639/2417 2586/3641/2341
f 2644/3650/2428 2645/3737/2415 2580/3651/2415
f 2445/3652/2428 2580/3651/2415 2587/3644/2415
f 2550/3654/2415 2551/3647/2415 2552/3648/2416
f 2350/3655/2437 2353/3653/2436 2587/3644/2415
f 2464/3507/2381 2457/3536/2402 2591/3656/2438
f 2465/3510/2383 2468/3629/2382 2589/3658/2440
f 2468/3508/2382 2464/3507/2381 2590/3657/2439
f 2465/3510/2383 2588/3659/2441 2351/3661/2442
f 2350/3655/2437 2551/3647/2415 2550/3654/2415
f 2589/3660/2440 2590/3657/2439 2595/3447/2358
f 2590/3657/2439 2591/3656/2438 2596/3663/2444
f 2653/3664/2445 2593/3680/2445 2431/3665/2446
f 2351/3661/2442 2588/3659/2441 2594/3444/2355
f 2353/3653/2436 2350/3655/2437 2598/3668/2448
f 2599/3670/2450 2361/3635/2434 2356/3637/2435
f 2563/3605/2431 2610/3441/2352 2398/3443/2354
f 2428/3672/2452 2607/3446/2357 2562/3547/2410
f 2606/3449/2358 2604/3621/2356 2597/3662/2443
f 2349/3667/2447 2594/3444/2355 2607/3446/2357
f 2434/3671/2451 2602/3686/2464 2600/3674/2454
f 2601/3675/2455 2603/3394/2346 2433/3669/2449
f 2357/3676/2456 2359/3442/2353 2613/3677/2457
f 2352/3679/2459 2602/3686/2464 2431/3665/2446
f 2355/3395/2347 2603/3394/2346 2601/3675/2455
f 2600/3674/2454 2602/3686/2464 2352/3679/2459
f 2432/3683/2462 2436/8833/3001 2433/3669/2449
f 2831/3678/2458 2613/3677/2457 2614/3684/2433
f 2602/3686/2464 2434/3671/2451 2435/3687/2465
f 2450/3681/2460 2348/3756/2474 2347/3688/2466
f 2354/3689/2467 2358/3732/2473 2449/3682/2461
f 2613/3677/2457 2610/3441/2352 2609/3620/2413
f 2656/3690/2348 2423/3942/2351 2425/3691/2349
f 2830/3693/2469 2612/3630/2432 2615/3631/2321
f 2832/3695/2463 2614/3632/2433 2612/3630/2432
f 2398/3443/2354 2359/3442/2353 2575/3696/2471
f 2397/3397/2349 2575/3696/2471 2574/3697/2471
f 2392/3398/2349 2574/3697/2471 2453/3698/2471
f 2387/3399/2349 2453/3698/2471 2616/3699/2471
f 2616/3699/2471 2617/3701/2471 2382/3402/2349
f 2617/3701/2471 2618/3703/2471 2378/3702/2349
f 2618/3703/2471 2619/3704/2471 2373/3405/2349
f 2619/3704/2471 2360/3706/2471 2364/3705/2349
f 2360/3706/2471 2621/3707/2471 2363/3409/2349
f 2621/3707/2471 2620/3708/2471 2366/3410/2349
f 2620/3708/2471 2452/8834/2471 2365/3412/2349
f 2365/3412/2349 2452/8834/2471 2622/3709/2471
f 2622/3709/2471 2623/3710/2471 2372/3414/2349
f 2623/3710/2471 2624/8835/2471 2380/3711/2349
f 2380/3711/2349 2624/8835/2471 2625/3712/2471
f 2377/3417/2349 2625/3712/2471 2626/3713/2471
f 2375/3714/2349 2626/3713/2471 2446/3715/2471
f 2627/3716/2471 2401/3717/2349 2383/3420/2349
f 2401/3717/2349 2627/3716/2471 2451/3718/2471
f 2403/3423/2349 2451/3718/2471 2628/3719/2471
f 2389/3720/2349 2628/3719/2471 2629/3721/2471
f 2410/3426/2349 2629/3721/2471 2630/3722/2471
f 2533/3636/2415 2828/3728/2472 2826/3724/2416
f 2829/3725/2417 2535/3594/2417 2534/3726/2416
f 2533/3636/2415 2361/3635/2434 2357/3676/2456
f 2827/3729/2341 2530/3601/2341 2535/3594/2417
f 2411/3723/2349 2630/3722/2471 2631/3730/2471
f 2416/3430/2349 2631/3730/2471 2632/3731/2471
f 2632/3731/2471 2358/3732/2473 2413/3432/2349
f 2358/3732/2473 2354/3689/2467 2415/3733/2349
f 2592/3393/2345 2654/3735/2445 2633/3734/2445
f 2654/3735/2445 2653/3664/2445 2634/3666/2445
f 2444/3638/2428 2483/3633/2415 2646/3554/2415
f 2643/3736/2428 2646/3554/2415 2645/3737/2415
f 2582/3643/2417 2650/3739/2417 2652/3738/2341
f 2650/3739/2417 2649/3559/2417 2651/3589/2341
f 2581/3740/2416 2648/3741/2416 2650/3739/2417
f 2648/3741/2416 2647/3557/2416 2649/3559/2417
f 2580/3651/2415 2645/3737/2415 2648/3742/2416
f 2645/3737/2415 2646/3554/2415 2647/3556/2416
f 2441/3377/15 2639/3744/15 2642/3743/15
f 2639/3744/15 2640/3387/15 2641/3388/15
f 2445/3384/2322 2443/3383/2322 2642/3743/2322
f 2644/3745/2322 2642/3743/2322 2641/3388/2322
f 2437/3374/15 2637/3361/15 2639/3746/15
f 2637/3361/15 2638/3367/15 2640/3369/15
f 2430/3380/2341 2638/3367/2341 2634/3747/2341
f 2638/3367/2341 2637/3361/2341 2633/3363/2341
f 2354/3689/2467 2448/3749/2471 2414/3436/2349
f 2420/3437/2349 2414/3436/2349 2448/3749/2471
f 2418/3438/2349 2420/3437/2349 2635/3750/2471
f 2447/3752/2471 2424/3753/2349 2418/3438/2349
f 2447/3752/2471 2347/3688/2466 2425/3691/2349
f 2427/3754/2351 2656/3690/2348 2655/3692/2468
f 2425/3691/2349 2347/3688/2466 2348/3756/2474
f 2856/3757/15 2854/3979/15 2855/3758/15
f 2655/3692/2468 2348/3756/2474 2657/3760/2471
f 2657/3760/2471 2349/3667/2447 2428/3672/2452
f 2823/3761/2367 2490/3566/2423 2507/3533/2400
f 2824/3762/2475 2481/3564/2421 2490/3566/2423
f 2660/3763/2362 2515/3778/2362 2516/3492/2363
f 2537/3764/2362 2660/3763/2362 2662/3494/2363
f 2539/3489/2364 2663/3488/2364 2660/3610/2362
f 2662/3494/2363 2659/3493/2322 2538/3765/2322
f 2532/3472/2367 2658/3461/2367 2663/3488/2364
f 2531/3766/2366 2661/3459/2366 2658/3461/2367
f 2381/3404/2348 2661/3459/2366 2531/3766/2366
f 2379/3403/2348 2517/3780/2366 2661/3459/2366
f 2671/3767/2366 2664/3781/2366 2668/3768/2367
f 2665/3770/2363 2667/3784/2322 2674/3771/2322
f 2670/3773/2364 2669/3776/2364 2666/3774/2362
f 2675/3769/2367 2668/3768/2367 2669/3776/2364
f 2673/3777/2362 2666/3787/2362 2665/3770/2363
f 2515/3778/2362 2673/3777/2362 2672/3772/2363
f 2512/3460/2367 2675/3769/2367 2670/3773/2364
f 2513/3487/2364 2670/3773/2364 2673/3775/2362
f 2672/3772/2363 2674/3771/2322 2514/3779/2322
f 2517/3780/2366 2671/3767/2366 2675/3769/2367
f 2371/3407/2348 2671/3767/2366 2517/3780/2366
f 2369/3406/2348 2664/3781/2366 2671/3767/2366
f 2664/3781/2366 2676/3789/2366 2680/3782/2367
f 2677/3783/2363 2679/3792/2322 2667/3784/2322
f 2669/3776/2364 2681/3786/2364 2678/3785/2362
f 2668/3768/2367 2680/3782/2367 2681/3786/2364
f 2666/3787/2362 2678/3795/2362 2677/3783/2363
f 2362/3788/2350 2676/3789/2366 2664/3781/2366
f 2676/3789/2366 2682/3809/2366 2686/3790/2367
f 2683/3791/2363 2685/3808/2322 2679/3792/2322
f 2681/3786/2364 2687/3794/2364 2684/3793/2362
f 2680/3782/2367 2686/3790/2367 2687/3794/2364
f 2678/3795/2362 2684/3807/2362 2683/3791/2363
f 2368/3408/2350 2682/3809/2366 2676/3789/2366
f 2695/3796/2366 2688/3824/2366 2692/3797/2367
f 2689/3799/2363 2691/3823/2322 2698/3800/2322
f 2694/3802/2364 2693/3805/2364 2690/3803/2362
f 2699/3798/2367 2692/3797/2367 2693/3805/2364
f 2697/3806/2362 2690/3822/2362 2689/3799/2363
f 2684/3807/2362 2697/3806/2362 2696/3801/2363
f 2686/3790/2367 2699/3798/2367 2694/3802/2364
f 2687/3794/2364 2694/3802/2364 2697/3804/2362
f 2696/3801/2363 2698/3800/2322 2685/3808/2322
f 2682/3809/2366 2695/3796/2366 2699/3798/2367
f 2391/3810/2350 2695/3796/2366 2682/3809/2366
f 2399/3411/2350 2688/3824/2366 2695/3796/2366
f 2707/3811/2366 2700/3838/2366 2704/3812/2367
f 2701/3814/2363 2703/3837/2322 2710/3815/2322
f 2706/3817/2364 2705/3820/2364 2702/3818/2362
f 2711/3813/2367 2704/3812/2367 2705/3820/2364
f 2709/3821/2362 2702/3836/2362 2701/3814/2363
f 2690/3822/2362 2709/3821/2362 2708/3816/2363
f 2692/3797/2367 2711/3813/2367 2706/3817/2364
f 2693/3805/2364 2706/3817/2364 2709/3819/2362
f 2708/3816/2363 2710/3815/2322 2691/3823/2322
f 2688/3824/2366 2707/3811/2366 2711/3813/2367
f 2400/3416/2350 2707/3811/2366 2688/3824/2366
f 2394/3415/2350 2700/3838/2366 2707/3811/2366
f 2719/3825/2366 2712/3839/2366 2716/3826/2367
f 2713/3828/2363 2715/3840/2322 2722/3829/2322
f 2718/3831/2364 2717/3834/2364 2714/3832/2362
f 2723/3827/2367 2716/3826/2367 2717/3834/2364
f 2721/3835/2362 2714/3841/2362 2713/3828/2363
f 2702/3836/2362 2721/3835/2362 2720/3830/2363
f 2704/3812/2367 2723/3827/2367 2718/3831/2364
f 2705/3820/2364 2718/3831/2364 2721/3833/2362
f 2720/3830/2363 2722/3829/2322 2703/3837/2322
f 2700/3838/2366 2719/3825/2366 2723/3827/2367
f 2712/3839/2366 2724/3606/2366 2728/3583/2367
f 2725/3497/2363 2727/3603/2322 2715/3840/2322
f 2717/3834/2364 2729/3585/2364 2726/3600/2362
f 2716/3826/2367 2728/3583/2367 2729/3585/2364
f 2714/3841/2362 2726/3495/2362 2725/3497/2363
f 2395/3419/2350 2719/3825/2366 2700/3838/2366
f 2376/3418/2350 2712/3839/2366 2719/3825/2366
f 2402/3422/2350 2724/3606/2366 2712/3839/2366
f 2385/3421/2350 2518/3855/2366 2724/3606/2366
f 2741/3842/2366 2735/3869/2475 2734/3843/2367
f 2740/3844/2367 2734/3843/2367 2730/3845/2364
f 2733/3847/2363 2731/3868/2322 2737/3848/2322
f 2736/3846/2364 2730/3845/2364 2732/3850/2362
f 2738/3852/2362 2732/3867/2362 2733/3847/2363
f 2521/3853/2362 2738/3852/2362 2739/3849/2363
f 2523/3584/2364 2736/3846/2364 2738/3851/2362
f 2739/3849/2363 2737/3848/2322 2522/3854/2322
f 2519/3607/2367 2740/3844/2367 2736/3846/2364
f 2518/3855/2366 2741/3842/2366 2740/3844/2367
f 2388/3425/2350 2741/3842/2366 2518/3855/2366
f 2390/3424/2350 2735/3869/2475 2741/3842/2366
f 2753/3856/2475 2746/3883/2475 2745/3857/2367
f 2752/3858/2367 2745/3857/2367 2747/3859/2364
f 2744/3861/2363 2742/3882/2322 2749/3862/2322
f 2748/3860/2364 2747/3859/2364 2743/3864/2362
f 2750/3866/2362 2743/3881/2362 2744/3861/2363
f 2732/3867/2362 2750/3866/2362 2751/3863/2363
f 2730/3845/2364 2748/3860/2364 2750/3865/2362
f 2751/3863/2363 2749/3862/2322 2731/3868/2322
f 2734/3843/2367 2752/3858/2367 2748/3860/2364
f 2735/3869/2475 2753/3856/2475 2752/3858/2367
f 2404/3428/2350 2753/3856/2475 2735/3869/2475
f 2412/3427/2350 2746/3883/2475 2753/3856/2475
f 2765/3870/2475 2758/3885/2475 2757/3871/2367
f 2764/3872/2367 2757/3871/2367 2759/3873/2364
f 2756/3875/2363 2754/3889/2322 2761/3876/2322
f 2760/3874/2364 2759/3873/2364 2755/3878/2362
f 2762/3880/2362 2755/3891/2362 2756/3875/2363
f 2743/3881/2362 2762/3880/2362 2763/3877/2363
f 2747/3859/2364 2760/3874/2364 2762/3879/2362
f 2763/3877/2363 2761/3876/2322 2742/3882/2322
f 2745/3857/2367 2764/3872/2367 2760/3874/2364
f 2746/3883/2475 2765/3870/2475 2764/3872/2367
f 2417/3884/2350 2765/3870/2475 2746/3883/2475
f 2407/3429/2350 2758/3885/2475 2765/3870/2475
f 2758/3885/2475 2770/3892/2475 2769/3886/2367
f 2757/3871/2367 2769/3886/2367 2771/3887/2364
f 2768/3888/2363 2766/3896/2322 2754/3889/2322
f 2759/3873/2364 2771/3887/2364 2767/3890/2362
f 2755/3891/2362 2767/3898/2362 2768/3888/2363
f 2770/3892/2475 2776/3923/2475 2775/3893/2367
f 2769/3886/2367 2775/3893/2367 2777/3894/2364
f 2774/3895/2363 2772/3922/2322 2766/3896/2322
f 2771/3887/2364 2777/3894/2364 2773/3897/2362
f 2767/3898/2362 2773/3921/2362 2774/3895/2363
f 2408/3434/2351 2770/3892/2475 2758/3885/2475
f 2405/3433/2351 2776/3923/2475 2770/3892/2475
f 2795/3899/2475 2782/3926/2475 2781/3900/2367
f 2794/3901/2367 2781/3900/2367 2783/3902/2364
f 2780/3904/2363 2778/3925/2322 2791/3905/2322
f 2790/3903/2364 2783/3902/2364 2779/3907/2362
f 2792/3909/2362 2779/3924/2362 2780/3904/2363
f 2801/3910/2475 2788/3928/2475 2787/3911/2367
f 2800/3912/2367 2787/3911/2367 2789/3913/2364
f 2786/3915/2363 2784/3932/2322 2797/3916/2322
f 2796/3914/2364 2789/3913/2364 2785/3918/2362
f 2798/3920/2362 2785/3934/2362 2786/3915/2363
f 2773/3921/2362 2792/3909/2362 2793/3906/2363
f 2777/3894/2364 2790/3903/2364 2792/3908/2362
f 2793/3906/2363 2791/3905/2322 2772/3922/2322
f 2775/3893/2367 2794/3901/2367 2790/3903/2364
f 2776/3923/2475 2795/3899/2475 2794/3901/2367
f 2779/3924/2362 2798/3920/2362 2799/3917/2363
f 2783/3902/2364 2796/3914/2364 2798/3919/2362
f 2799/3917/2363 2797/3916/2322 2778/3925/2322
f 2781/3900/2367 2800/3912/2367 2796/3914/2364
f 2782/3926/2475 2801/3910/2475 2800/3912/2367
f 2406/3927/2351 2795/3899/2475 2776/3923/2475
f 2421/3435/2351 2782/3926/2475 2795/3899/2475
f 2419/3440/2351 2801/3910/2475 2782/3926/2475
f 2422/3439/2351 2788/3928/2475 2801/3910/2475
f 2788/3928/2475 2806/3935/2475 2805/3929/2367
f 2787/3911/2367 2805/3929/2367 2807/3930/2364
f 2804/3931/2363 2802/3939/2322 2784/3932/2322
f 2789/3913/2364 2807/3930/2364 2803/3933/2362
f 2785/3934/2362 2803/3941/2362 2804/3931/2363
f 2806/3935/2475 2812/3943/2475 2811/3936/2367
f 2805/3929/2367 2811/3936/2367 2813/3937/2364
f 2810/3938/2363 2808/3947/2322 2802/3939/2322
f 2807/3930/2364 2813/3937/2364 2809/3940/2362
f 2803/3941/2362 2809/3949/2362 2810/3938/2363
f 2423/3942/2351 2806/3935/2475 2788/3928/2475
f 2656/3690/2348 2812/3943/2475 2806/3935/2475
f 2812/3943/2475 2818/3950/2475 2817/3944/2367
f 2811/3936/2367 2817/3944/2367 2819/3945/2364
f 2816/3946/2363 2814/3951/2322 2808/3947/2322
f 2813/3937/2364 2819/3945/2364 2815/3948/2362
f 2809/3949/2362 2815/3952/2362 2816/3946/2363
f 2427/3754/2351 2818/3950/2475 2812/3943/2475
f 2818/3950/2475 2824/3762/2475 2823/3761/2367
f 2817/3944/2367 2823/3761/2367 2825/3578/2364
f 2822/3500/2363 2820/3624/2322 2814/3951/2322
f 2819/3945/2364 2825/3578/2364 2821/3580/2362
f 2815/3952/2362 2821/3498/2362 2822/3500/2363
f 2824/3762/2475 2818/3950/2475 2427/3754/2351
f 2481/3564/2421 2824/3762/2475 2429/3673/2453
f 2831/3678/2458 2472/3519/2390 2828/3728/2472
f 2476/3627/2391 2832/3695/2463 2830/3693/2469
f 2470/3513/2385 2830/3693/2469 2833/3694/2470
f 2472/3519/2390 2831/3678/2458 2832/3685/2463
f 2460/3542/2406 2827/3729/2341 2829/3725/2417
f 2475/3625/2389 2826/3724/2416 2828/3728/2472
f 2471/3516/2388 2829/3725/2417 2826/3727/2416
f 2835/3953/2476 2837/3960/2476 2841/3954/2476
f 2834/3956/2477 2840/8836/2477 2838/3957/2477
f 2839/3959/2341 2840/8837/2341 2834/3956/2341
f 2837/3960/15 2835/3953/15 2834/3956/15
f 2838/3961/2322 2841/8838/2322 2837/3960/2322
f 2842/3967/1 2843/3966/1 2845/3973/1
f 2845/3973/1 2846/3972/1 2851/3970/1
f 2851/3970/1 2852/3969/1 2848/3964/1
f 2848/3964/1 2849/3963/1 2842/3967/1
f 2842/3967/1 2845/3973/1 2851/3970/1
f 2866/3974/2341 2865/3978/2341 2869/3975/2341
f 2868/3977/15 2867/3985/15 2865/3978/15
f 2854/3979/2341 2856/3757/2341 2859/3980/2341
f 2856/3757/2340 2857/3759/2344 2861/3982/2344
f 2862/3984/2342 2869/8839/2342 2865/3978/2342
f 2860/3986/2343 2855/3758/2343 2854/3979/2338
f 2861/3988/2322 2857/3759/2322 2855/3758/2322
f 2862/3990/2322 2867/3985/2322 2868/3977/2322
f 2864/3992/2337 2868/3977/2337 2866/3974/2337
f 2588/3659/2441 2589/3658/2440 2597/3994/2443
f 3903/3995/2478 3899/6561/2710 3886/3996/2479
f 4260/3998/2481 4246/6892/2703 4242/3999/2482
f 3685/4001/2484 3699/6366/2722 3706/4002/2485
f 4423/4004/2487 4417/7061/2765 4411/4005/2488
f 4458/4007/2490 4452/7096/2760 4460/4008/2491
f 4206/4010/2493 4200/6854/2743 4208/4011/2494
f 4323/4013/2478 4319/6965/2710 4306/4014/2479
f 3896/4016/2481 3882/6542/2730 3878/4017/2482
f 3359/4019/2497 3353/6037/2725 3347/4020/2498
f 3937/4022/2484 3951/6609/2722 3958/4023/2485
f 3695/4025/2497 3689/6361/2719 3683/4026/2500
f 3114/4028/2501 3108/5798/2707 3116/4029/2502
f 3987/4031/2478 3983/6642/2710 3970/4032/2479
f 5352/4034/2504 5338/7945/2752 5334/4035/2505
f 3023/4037/2507 3017/5707/2697 3011/4038/2508
f 3545/4040/2484 3559/6231/2722 3566/4041/2485
f 3814/4043/2490 3808/6477/2737 3816/4044/2510
f 4960/4046/2511 4946/7568/2784 4942/4047/2512
f 3947/4049/2514 3941/6604/2739 3935/4050/2515
f 4049/4052/2484 4063/6716/2722 4070/4053/2485
f 3560/4055/2481 3546/6218/2703 3542/4056/2482
f 3728/4058/2481 3714/6380/2730 3710/4059/2482
f 3247/4061/2507 3241/5928/2697 3235/4062/2518
f 4497/4064/2484 4511/7147/2722 4518/4065/2485
f 3203/4067/2478 3199/5882/2695 3186/4068/2479
f 4316/4070/2481 4302/6946/2629 4298/4071/2519
f 2939/4073/2507 2933/5624/2697 2927/4074/2508
f 3847/4076/2478 3843/6507/2710 3830/4077/2479
f 3476/4079/2481 3462/6137/2730 3458/4080/2482
f 3713/4082/2484 3727/6393/2722 3734/4083/2485
f 3387/4085/2520 3381/6064/2725 3375/4086/2498
f 2974/4088/2521 2968/5659/2700 2976/4089/2522
f 3420/4091/2481 3406/6083/2730 3402/4092/2482
f 5459/4094/2524 5453/8059/2757 5447/4095/2525
f 4115/4097/2487 4109/6765/2734 4103/4098/2500
f 3506/4100/2490 3500/6180/2737 3508/4101/2526
f 3489/4103/2484 3503/6177/2722 3510/4104/2485
f 2944/4106/2481 2930/5616/2629 2926/4107/2519
f 3079/4109/2507 3073/5761/2697 3067/4110/2518
f 4327/4112/2478 4330/6000/2710 4345/4113/2479
f 3282/4115/2527 3276/5963/2700 3284/4116/2502
f 3784/4118/2481 3770/6434/2730 3766/4119/2482
f 3891/4121/2487 3885/6550/2739 3879/4122/2528
f 4792/4124/2511 4778/7406/2664 4774/4125/2529
f 3275/4127/2507 3269/5955/2697 3263/4128/2518
f 3797/4130/2484 3811/6474/2722 3818/4131/2485
f 5240/4133/2504 5226/7837/2752 5222/4134/2505
f 4430/4136/2490 4424/7069/2737 4432/4137/2510
f 4161/4139/2484 4175/6824/2722 4182/4140/2485
f 4008/4142/2481 3994/6650/2730 3990/4143/2531
f 3751/4145/2497 3745/6415/2734 3739/4146/2500
f 3041/4148/2532 3055/5739/2689 3062/4149/2533
f 3415/4151/2497 3409/6091/2725 3403/4152/2500
f 3590/4154/2493 3584/6261/2743 3592/4155/2494
f 3573/4157/2484 3587/6258/2722 3594/4158/2485
f 4019/4160/2536 4022/5889/2710 4037/4161/2537
f 4512/4163/2481 4498/7134/2629 4494/4164/2482
f 3303/4166/2507 3297/5982/2714 3291/4167/2518
f 3097/4169/2532 3111/5795/2689 3118/4170/2533
f 3265/4172/2532 3279/5960/2689 3286/4173/2533
f 4367/4175/2487 4361/7007/2759 4355/4176/2540
f 3163/4178/2507 3157/5844/2697 3151/4179/2518
f 2911/4181/2541 2905/5597/2686 2899/4182/2508
f 3293/4184/2532 3307/5987/2689 3314/4185/2533
f 2946/4187/2521 2940/5632/2700 2948/4188/2522
f 2957/4190/2532 2971/5656/2689 2978/4191/2533
f 2895/4193/2478 2891/5580/2691 2878/4194/2479
f 4540/4196/2481 4526/7161/2730 4522/4197/2482
f 4003/4199/2524 3997/6658/2757 3991/4200/2515
f 2985/4202/2532 2999/5685/2689 3006/4203/2533
f 4336/4205/2490 4337/6983/2737 4331/4206/2510
f 3237/4208/2532 3251/5933/2689 3258/4209/2533
f 3196/4211/2481 3182/5863/2701 3178/4212/2519
f 3629/4214/2484 3643/6312/2722 3650/4215/2485
f 4171/4217/2487 4165/6819/2739 4159/4218/2488
f 3287/4220/2478 3283/5966/2695 3270/4221/2479
f 3478/4223/2490 3472/6153/2737 3480/4224/2510
f 4652/4226/2511 4638/7271/2664 4634/4227/2512
f 3427/4229/2478 3423/6102/2710 3410/4230/2545
f 4519/4232/2478 4515/7153/2766 4502/4233/2479
f 2923/4235/2478 2919/5608/2695 2906/4236/2479
f 3471/4238/2497 3465/6145/2734 3459/4239/2546
f 3483/4241/2536 3479/6156/2710 3466/4242/2547
f 4010/4244/2548 4004/6666/2758 4012/4245/2549
f 3198/4247/2521 3192/5879/2700 3200/4248/2522
f 4245/4250/2484 4259/6905/2722 4266/4251/2485
f 3812/4253/2481 3798/6461/2703 3794/4254/2482
f 4127/4256/2478 4123/6776/2710 4110/4257/2479
f 4479/4259/2514 4473/7115/2765 4467/4260/2551
f 3140/4262/2481 3126/5809/2629 3122/4263/2519
f 3875/4265/2478 3871/6534/2710 3858/4266/2479
f 5263/4268/2552 5257/7872/2863 5251/4269/2553
f 3646/4271/2555 3640/6315/2743 3648/4272/2494
f 3007/4274/2478 3003/5691/2691 2990/4275/2479
f 4932/4277/2556 4918/7541/2664 4914/4278/2529
f 4581/4280/2484 4595/7228/2722 4602/4281/2485
f 3786/4283/2490 3780/6450/2732 3788/4284/2510
f 3209/4286/2532 3223/5906/2689 3230/4287/2533
f 4295/4289/2478 4291/6938/2710 4278/4290/2479
f 3672/4292/2481 3658/6326/2730 3654/4293/2519
f 3191/4295/2507 3185/5871/2697 3179/4296/2518
f 4598/4298/2555 4592/7231/2758 4600/4299/2549
f 4273/4301/2484 4287/6932/2722 4294/4302/2485
f 3868/4304/2481 3854/6515/2703 3850/4305/2482
f 4563/4307/2514 4557/7196/2748 4551/4308/2551
f 4015/4310/2478 4011/6669/2710 3998/4311/2479
f 4311/4313/2514 4305/6954/2748 4299/4314/2515
f 3982/4316/2555 3976/6639/2743 3984/4317/2549
f 3030/4319/2501 3024/5715/2700 3032/4320/2502
f 3924/4322/2481 3910/6569/2703 3906/4323/2482
f 3931/4325/2478 3927/6588/2710 3914/4326/2479
f 3639/4328/2524 3633/6307/2739 3627/4329/2558
f 3254/4331/2501 3248/5936/2700 3256/4332/2502
f 4027/4334/2490 4029/6684/2727 4023/4335/2510
f 4133/4337/2484 4147/6797/2722 4154/4338/2485
f 3112/4340/2481 3098/8616/2629 3094/4341/2519
f 4374/4343/2490 4368/7015/2732 4376/4344/2510
f 4178/4346/2490 4172/6827/2760 4180/4347/2494
f 4553/4349/2484 4567/7201/2722 4574/4350/2485
f 3336/4352/2481 3322/5670/2703 3318/4353/2559
f 3555/4355/2561 3549/6226/2734 3543/4356/2528
f 3562/4358/2490 3556/6234/2740 3564/4359/2494
f 5296/4361/2504 5282/7891/2752 5278/4362/2505
f 4547/4364/2478 4543/7180/2710 4530/4365/2479
f 5095/4367/2562 5089/7710/2841 5083/4368/2563
f 3058/4370/2565 3052/5742/2700 3060/4371/2522
f 4575/4373/2478 4571/7207/2710 4558/4374/2479
f 4736/4376/2556 4722/7352/2664 4718/4377/2512
f 3863/4379/2487 3857/6523/2739 3851/4380/2528
f 4189/4382/2484 4203/6851/2722 4210/4383/2485
f 5179/4385/2562 5173/7791/2841 5167/4386/2566
f 3651/4388/2478 3647/6318/2710 3634/4389/2545
f 3315/4391/2478 3311/5993/2695 3298/4392/2479
f 5184/4394/2504 5170/6677/2752 5166/4395/2505
f 3567/4397/2478 3563/6237/2710 3550/4398/2545
f 3343/4400/2536 3339/6021/2710 3326/4401/2547
f 3702/4403/2567 3696/6369/2732 3704/4404/2568
f 4603/4406/2478 4599/7234/2710 4586/4407/2479
f 3511/4409/2478 3507/6183/2710 3494/4410/2545
f 3504/4412/2481 3490/6164/2730 3486/4413/2482
f 3763/4415/2536 3759/6426/2710 3746/4416/2545
f 3807/4418/2487 3801/6469/2734 3795/4419/2546
f 3618/4421/2555 3612/6288/2743 3620/4422/2494
f 3455/4424/2478 3451/6129/2710 3438/4425/2479
f 4148/4427/2481 4134/6784/2703 4130/4428/2482
f 4227/4430/2514 4221/6873/2739 4215/4431/2515
f 3769/4433/2484 3783/6447/2722 3790/4434/2485
f 4591/4436/2524 4585/7223/2748 4579/4437/2525
f 4570/4439/2555 4564/7204/2758 4572/4440/2549
f 3013/4442/2484 3027/5712/2689 3034/4443/2533
f 4441/4445/2484 4455/7093/2722 4462/4446/2485
f 3700/4448/2481 3686/5780/2703 3682/4449/2482
f 3366/4451/2567 3360/6045/2727 3368/4452/2571
f 3405/4454/2484 3419/6096/2722 3426/4455/2485
f 3443/4457/2497 3437/6118/2734 3431/4458/2498
f 3657/4460/2484 3671/6339/2722 3678/4461/2485
f 3954/4463/2555 3948/6612/2743 3956/4464/2549
f 3825/4466/2484 3839/6501/2722 3846/4467/2485
f 3980/4469/2481 3966/6623/2730 3962/4470/2482
f 4155/4472/2478 4151/6803/2710 4138/4473/2479
f 3730/4475/2490 3724/6396/2732 3732/4476/2568
f 3231/4478/2478 3227/5912/2691 3214/4479/2479
f 3588/4481/2481 3574/6245/2703 3570/4482/2531
f 4071/4484/2478 4067/6722/2710 4054/4485/2537
f 4283/4487/2524 4277/6927/2748 4271/4488/2515
f 4077/4490/2484 4091/6743/2722 4098/4491/2485
f 3758/4493/2490 3752/6423/2737 3760/4494/2568
f 2929/4496/2532 2943/5629/2689 2950/4497/2533
f 4204/4499/2481 4190/6838/2730 4186/4500/2482
f 4451/4502/2487 4445/7088/2765 4439/4503/2540
f 3667/4505/2524 3661/6334/2748 3655/4506/2515
f 3170/4508/2501 3164/5852/2700 3172/4509/2502
f 4435/4511/2478 4431/7072/2710 4418/4512/2479
f 2916/4514/2481 2902/5589/2629 2898/4515/2519
f 3993/4517/2484 4007/6663/2722 4014/4518/2485
f 4262/4520/2493 4256/6908/2743 4264/4521/2549
f 3349/4523/2484 3363/6042/2722 3370/4524/2485
f 3644/4526/2481 3630/6299/2730 3626/4527/2531
f 3377/4529/2484 3391/6069/2722 3398/4530/2485
f 4255/4532/2524 4249/6900/2748 4243/4533/2515
f 4033/4535/2497 4036/6687/2734 4044/4536/2498
f 4318/4538/2555 4312/6962/2758 4320/4539/2549
f 3595/4541/2478 3591/6264/2710 3578/4542/2545
f 3840/4544/2481 3826/6488/2730 3822/4545/2482
f 4507/4547/2514 4501/7142/2765 4495/4548/2551
f 3147/4550/2478 3143/5828/2691 3130/4551/2479
f 4407/4553/2478 4403/7045/2710 4390/4554/2479
f 4234/4556/2493 4228/6881/2743 4236/4557/2494
f 3623/4559/2478 3619/6291/2710 3606/4560/2547
f 3909/4562/2484 3923/6582/2722 3930/4563/2485
f 4064/4565/2481 4050/6703/2730 4046/4566/2482
f 4211/4568/2478 4207/6857/2710 4194/4569/2479
f 4087/4571/2487 4081/6738/2734 4075/4572/2540
f 4626/4574/2573 4620/7260/2774 4628/4575/2574
f 3461/4577/2484 3475/6150/2722 3482/4578/2485
f 3756/4580/2481 3742/6407/2703 3738/4581/2482
f 2873/4583/2532 2887/5574/2689 2894/4584/2533
f 3919/4586/2524 3913/6577/2739 3907/4587/2515
f 3035/4589/2478 3031/5718/2695 3018/4590/2479
f 3002/4592/2501 2996/5688/2700 3004/4593/2576
f 3310/4595/2527 3304/5990/2700 3312/4596/2502
f 3433/4598/2484 3447/6123/2722 3454/4599/2485
f 4463/4601/2478 4459/7099/2710 4446/4602/2479
f 3000/4604/2481 2986/5409/2629 2982/4605/2519
f 4143/4607/2487 4137/6792/2739 4131/4608/2540
f 4413/4610/2484 4427/7066/2722 4434/4611/2485
f 4239/4613/2478 4235/6884/2710 4222/4614/2479
f 2918/4616/2501 2912/5605/2690 2920/4617/2577
f 3399/4619/2478 3395/6075/2710 3382/4620/2545
f 4680/4622/2511 4666/7298/2664 4662/4623/2512
f 3259/4625/2478 3255/5939/2695 3242/4626/2479
f 3224/4628/2481 3210/5091/2629 3206/4629/2519
f 4066/4631/2567 4060/6719/2737 4068/4632/2510
f 4099/4634/2478 4095/6749/2710 4082/4635/2547
f 3499/4637/2487 3493/6172/2734 3487/4638/2546
f 4402/4640/2493 4396/7042/2737 4404/4641/2491
f 3898/4643/2490 3892/6558/2743 3900/4644/2494
f 3601/4646/2484 3615/6285/2722 3622/4647/2485
f 5044/4649/2556 5030/7649/2664 5026/4650/2529
f 3331/4652/2520 3325/6010/2719 3319/4653/2498
f 4122/4655/2490 4116/6773/2737 4124/4656/2510
f 3392/4658/2481 3378/6056/2703 3374/4659/2482
f 3539/4661/2478 3535/6210/2710 3522/4662/2545
f 4347/4664/2484 4333/6980/2722 4326/4665/2485
f 3450/4667/2490 3444/6126/2727 3452/4668/2568
f 5324/4670/2504 5310/7918/2752 5306/4671/2505
f 4217/4673/2484 4231/6878/2722 4238/4674/2485
f 4150/4676/2490 4144/6800/2737 4152/4677/2491
f 4848/4679/2556 4834/7460/2664 4830/4680/2529
f 3119/4682/2478 3115/5801/2691 3102/4683/2479
f 3175/4685/2478 3171/5855/2691 3158/4686/2479
f 4372/4688/2481 4358/6999/2730 4354/4689/2482
f 2951/4691/2478 2947/5635/2691 2934/4692/2479
f 3422/4694/2567 3416/6099/2732 3424/4695/2568
f 3125/4697/2532 3139/5822/2689 3146/4698/2533
f 3308/4700/2481 3294/5974/2701 3290/4701/2519
f 3371/4703/2536 3367/6048/2710 3354/4704/2547
f 3135/4706/2507 3129/5817/2697 3123/4707/2508
f 3842/4709/2490 3836/6504/2737 3844/4710/2526
f 4301/4712/2484 4315/6959/2722 4322/4713/2533
f 4469/4715/2484 4483/7120/2722 4490/4716/2485
f 3616/4718/2481 3602/6272/2730 3598/4719/2531
f 3975/4721/2524 3969/6631/2748 3963/4722/2515
f 4342/4724/2487 4344/6988/2759 4352/4725/2500
f 3674/4727/2555 3668/6342/2743 3676/4728/2549
f 3086/4730/2521 3080/5769/2700 3088/4731/2522
f 3069/4733/2532 3083/5766/2689 3090/4734/2533
f 4059/4736/2497 4053/6711/2759 4047/4737/2500
f 3819/4739/2478 3815/6480/2710 3802/4740/2479
f 3527/4742/2561 3521/6199/2739 3515/4743/2528
f 4290/4745/2555 4284/6935/2758 4292/4746/2549
f 3965/4748/2484 3979/6636/2722 3986/4749/2485
f 3056/4751/2481 3042/5726/2629 3038/4752/2519
f 3517/4754/2484 3531/6204/2722 3538/4755/2485
f 3611/4757/2561 3605/6280/2739 3599/4758/2515
f 3142/4760/2501 3136/5825/2700 3144/4761/2502
f 3707/4763/2478 3703/6372/2710 3690/4764/2479
f 3364/4766/2481 3350/6029/2703 3346/4767/2559
f 4199/4769/2487 4193/6846/2739 4187/4770/2578
f 2901/4772/2484 2915/5602/2689 2922/4773/2533
f 4514/4775/2493 4508/7150/2743 4516/4776/2494
f 3735/4778/2478 3731/6399/2710 3718/4779/2545
f 4484/4781/2481 4470/7107/2730 4466/4782/2482
f 4105/4784/2484 4119/6770/2722 4126/4785/2485
f 4596/4787/2481 4582/7215/2629 4578/4788/2482
f 3741/4790/2484 3755/6420/2722 3762/4791/2485
f 3051/4793/2507 3045/5734/2697 3039/4794/2508
f 3881/4796/2484 3895/6555/2722 3902/4797/2485
f 4542/4799/2493 4536/7177/2743 4544/4800/2549
f 3181/4802/2532 3195/5876/2689 3202/4803/2533
f 3252/4805/2481 3238/5920/2701 3234/4806/2519
f 3583/4808/2487 3577/6253/2739 3571/4809/2528
f 4491/4811/2478 4487/7126/2710 4474/4812/2537
f 3091/4814/2478 3087/5772/2691 3074/4815/2479
f 4456/4817/2481 4442/7080/2730 4438/4818/2482
f 4334/4820/2481 4350/6997/2730 4351/4821/2482
f 4525/4823/2484 4539/7174/2722 4546/4824/2485
f 3153/4826/2532 3167/5849/2689 3174/4827/2533
f 3226/4829/2501 3220/5909/2707 3228/4830/2502
f 3679/4832/2478 3675/6345/2691 3662/4833/2479
f 4568/4835/2481 4554/7188/2629 4550/4836/2482
f 4267/4838/2478 4263/6911/2710 4250/4839/2479
f 3779/4841/2487 3773/6442/2734 3767/4842/2500
f 4395/4844/2487 4389/7034/2759 4383/4845/2540
f 5309/4847/2579 5323/7931/2844 5330/4848/2580
f 4486/4850/2493 4480/7123/2743 4488/4851/2494
f 4183/4853/2536 4179/6830/2710 4166/4854/2479
f 4379/4856/2478 4375/7018/2710 4362/4857/2479
f 3959/4859/2478 3955/6615/2710 3942/4860/2479
f 3723/4862/2497 3717/6388/2725 3711/4863/2500
f 4535/4865/2514 4529/7169/2739 4523/4866/2515
f 4385/4868/2484 4399/7039/2722 4406/4869/2485
f 3280/4871/2481 3266/5947/2629 3262/4872/2519
f 3853/4874/2484 3867/6528/2722 3874/4875/2485
f 3534/4877/2490 3528/6207/2740 3536/4878/2494
f 4428/4880/2481 4414/7053/2703 4410/4881/2482
f 4708/4883/2511 4694/7325/2784 4690/4884/2512
f 3321/4886/2484 3335/6015/2722 3342/4887/2485
f 4094/4889/2490 4088/6746/2732 4096/4890/2510
f 4039/4892/2484 4025/6690/2722 4018/4893/2485
f 2979/4895/2478 2975/5662/2695 2962/4896/2479
f 3835/4898/2487 3829/6496/2739 3823/4899/2528
f 3063/4901/2478 3059/5745/2691 3046/4902/2479
f 3926/4904/2493 3920/6585/2743 3928/4905/2494
f 3870/4907/2490 3864/6531/2743 3872/4908/2494
f 4665/4910/2582 4679/7311/2773 4686/4911/2583
f 5347/4913/2585 5341/7953/2863 5335/4914/2553
f 4357/4916/2484 4371/7012/2722 4378/4917/2485
f 3338/4919/2567 3332/6018/2723 3340/4920/2571
f 3394/4922/2567 3388/6072/2727 3396/4923/2568
f 4028/4925/2481 4042/6701/2703 4043/4926/2482
f 3952/4928/2481 3938/6596/2730 3934/4929/2531
f 4721/4931/2582 4735/7365/2787 4742/4932/2583
f 4787/4934/2587 4781/7414/2790 4775/4935/2588
f 4827/4937/2590 4823/7452/2775 4810/4938/2591
f 4906/4940/2593 4900/7530/2808 4908/4941/2594
f 2888/4943/2481 2874/5365/2629 2870/4944/2519
f 4889/4946/2582 4903/7527/2787 4910/4947/2596
f 4631/4949/2590 4627/7263/2775 4614/4950/2591
f 5039/4952/2598 5033/7657/2825 5027/4953/2599
f 4794/4955/2593 4788/7422/2792 4796/4956/2601
f 5072/4958/2556 5058/7676/2664 5054/4959/2529
f 2967/4961/2507 2961/5651/2697 2955/4962/2518
f 4609/4964/2582 4623/7257/2773 4630/4965/2603
f 4799/4967/2590 4795/7425/2775 4782/4968/2591
f 4990/4970/2604 4984/7611/2818 4992/4971/2605
f 4822/4973/2593 4816/7449/2792 4824/4974/2601
f 5016/4976/2556 5002/7622/2664 4998/4977/2529
f 4833/4979/2582 4847/7473/2787 4854/4980/2596
f 4647/4982/2607 4641/7279/2779 4635/4983/2608
f 5023/4985/2610 5019/7641/2775 5006/4986/2591
f 5046/4988/2611 5040/7665/2828 5048/4989/2612
f 4624/4991/2511 4610/5348/2664 4606/4992/2512
f 5029/4994/2582 5043/7662/2812 5050/4995/2613
f 4955/4997/2607 4949/7576/2770 4943/4998/2614
f 4855/5000/2590 4851/7479/2775 4838/5001/2591
f 4654/5003/2573 4648/7287/2781 4656/5004/2574
f 4904/5006/2556 4890/7514/2664 4886/5007/2529
f 4777/5009/2582 4791/7419/2787 4798/5010/2596
f 4759/5012/2616 4753/7387/2790 4747/5013/2588
f 4715/5015/2590 4711/7344/2775 4698/5016/2591
f 4710/5018/2618 4704/7341/2783 4712/5019/2619
f 3448/5021/2481 3434/6110/2703 3430/5022/2482
f 4637/5024/2582 4651/7284/2773 4658/5025/2583
f 4911/5027/2610 4907/7533/2775 4894/5028/2591
f 4843/5030/2620 4837/7468/2800 4831/5031/2621
f 4878/5033/2593 4872/7503/2802 4880/5034/2594
f 4820/5036/2556 4806/7433/2664 4802/5037/2529
f 4771/5039/2610 4767/7398/2775 4754/5040/2591
f 5051/5042/2610 5047/7668/2775 5034/5043/2591
f 4927/5045/2620 4921/7549/2807 4915/5046/2622
f 4962/5048/2624 4956/7584/2815 4964/5049/2625
f 4988/5051/2556 4974/7595/2664 4970/5052/2529
f 4861/5054/2582 4875/7500/2787 4882/5055/2596
f 4995/5057/2610 4991/7614/2775 4978/5058/2591
f 4815/5060/2587 4809/7441/2790 4803/5061/2588
f 4934/5063/2604 4928/7557/2808 4936/5064/2605
f 4288/5066/2481 4274/6919/2629 4270/5067/2519
f 4805/5069/2582 4819/7446/2787 4826/5070/2583
f 4967/5072/2590 4963/7587/2775 4950/5073/2591
f 4871/5075/2620 4865/7495/2800 4859/5076/2621
f 4850/5078/2593 4844/7476/2802 4852/5079/2627
f 4764/5081/2511 4750/7379/2664 4746/5082/2512
f 5057/5084/2582 5071/7689/2835 5078/5085/2613
f 5079/5087/2610 5075/7695/2775 5062/5088/2591
f 3211/5090/2628 3208/8840/3002 3206/4629/2519
f 4738/5092/2630 4732/7368/2781 4740/5093/2619
f 3532/5095/2481 3518/6191/2730 3514/5096/2482
f 5001/5098/2582 5015/7635/2812 5022/5099/2596
f 5067/5101/2631 5061/7684/2833 5055/5102/2632
f 4883/5104/2590 4879/7506/2775 4866/5105/2591
f 5074/5107/2633 5068/7692/2836 5076/5108/2634
f 4176/5110/2481 4162/6811/2730 4158/5111/2482
f 4749/5113/2582 4763/7392/2773 4770/5114/2596
f 4731/5116/2616 4725/7360/2779 4719/5117/2588
f 4687/5119/2590 4683/7317/2775 4670/5120/2591
f 5018/5122/2604 5012/7638/2822 5020/5123/2636
f 5100/5125/2504 5086/6353/2752 5082/5126/2505
f 4945/5128/2637 4959/7581/2773 4966/5129/2603
f 4939/5131/2610 4935/7560/2775 4922/5132/2591
f 4899/5134/2620 4893/7522/2807 4887/5135/2638
f 4766/5137/2630 4760/7395/2792 4768/5138/2601
f 5268/5140/2504 5254/7242/2752 5250/5141/2505
f 4973/5143/2582 4987/7608/2812 4994/5144/2596
f 4659/5146/2590 4655/7290/2775 4642/5147/2591
f 5011/5149/2639 5005/7630/2817 4999/5150/2622
f 5102/5152/2640 5096/7718/2845 5104/5153/2641
f 4232/5155/2481 4218/6865/2730 4214/5156/2482
f 4917/5158/2582 4931/7554/2812 4938/5159/2596
f 4675/5161/2616 4669/7306/2779 4663/5162/2608
f 4743/5164/2610 4739/7371/2775 4726/5165/2591
f 4682/5167/2573 4676/7314/2783 4684/5168/2574
f 3084/5170/2481 3070/5753/2629 3066/5171/2519
f 4693/5173/2582 4707/7338/2773 4714/5174/2583
f 4983/5176/2643 4977/7603/2817 4971/5177/2622
f 4703/5179/2616 4697/7333/2779 4691/5180/2608
f 5085/5182/2644 5099/7715/2844 5106/5183/2580
f 4092/5185/2481 4078/6730/2703 4074/5186/2482
f 5319/5188/2646 5313/7926/2863 5307/5189/2553
f 5331/5191/2647 5327/7937/2846 5314/5192/2648
f 5151/5194/2562 5145/7764/2841 5139/5195/2563
f 5298/5197/2651 5292/7907/2864 5300/5198/2652
f 5225/5200/2579 5239/7850/2844 5246/5201/2580
f 2972/5203/2481 2958/5643/2701 2954/5204/2519
f 3791/5206/2478 3787/6453/2710 3774/5207/2545
f 5207/5209/2562 5201/7818/2841 5195/5210/2553
f 5235/5212/2562 5229/7845/2856 5223/5213/2553
f 5163/5215/2647 5159/7775/2846 5146/5216/2648
f 5326/5218/2651 5320/7934/2864 5328/5219/2654
f 5242/5221/2651 5236/7853/2858 5244/5222/2655
f 5197/5224/2644 5211/7823/2844 5218/5225/2580
f 5141/5227/2644 5155/7769/2844 5162/5228/2580
f 5128/5230/2504 5114/7729/2752 5110/5231/2505
f 5270/5233/2651 5264/7880/2864 5272/5234/2655
f 5359/5236/2647 5355/7964/2846 5342/5237/2648
f 4876/5239/2556 4862/7487/2664 4858/5240/2529
f 5354/5242/2651 5348/7961/2864 5356/5243/2654
f 5382/5245/2567 5376/7988/2732 5384/5246/2658
f 5107/5248/2647 5103/7721/2846 5090/5249/2648
f 5247/5251/2647 5243/7856/2859 5230/5252/2648
f 5156/5254/2504 5142/7756/2752 5138/5255/2660
f 5130/5257/2651 5124/7745/2849 5132/5258/2641
f 4120/5260/2481 4106/6757/2629 4102/5261/2482
f 5158/5263/2651 5152/7772/2849 5160/5264/2655
f 5281/5266/2579 5295/7904/2844 5302/5267/2580
f 4400/5269/2481 4386/7026/2730 4382/5270/2482
f 5487/5272/2541 5481/8087/2757 5475/5273/2525
f 5375/5275/2497 5369/7980/2719 5363/5276/2498
f 5169/5278/2579 5183/7796/2844 5190/5279/2580
f 5113/5281/2579 5127/7742/2844 5134/5282/2580
f 5135/5284/2647 5131/7748/2846 5118/5285/2661
f 3028/5287/2481 3014/5699/2629 3010/5288/2519
f 5291/5290/2552 5285/7899/2863 5279/5291/2553
f 5303/5293/2647 5299/7910/2859 5286/5294/2648
f 5214/5296/2651 5208/7826/2854 5216/5297/2655
f 5337/5299/2579 5351/7958/2844 5358/5300/2580
f 5123/5302/2562 5117/7737/2841 5111/5303/2563
f 3168/5305/2481 3154/5836/2629 3150/5306/2519
f 5191/5308/2647 5187/7802/2846 5174/5309/2648
f 5275/5311/2647 5271/7883/2859 5258/5312/2648
f 5186/5314/2640 5180/7799/2845 5188/5315/2655
f 5219/5317/2647 5215/7829/2846 5202/5318/2648
f 5253/5320/2644 5267/7877/2844 5274/5321/2580
f 5212/5323/2504 5198/7810/2752 5194/5324/2505
f 5403/5326/2524 5397/8007/2757 5391/5327/2515
f 5365/5329/2484 5379/7985/2722 5386/5330/2485
f 5380/5332/2481 5366/7864/2703 5362/5333/2482
f 5410/5335/2548 5404/8015/2867 5412/5336/2662
f 5387/5338/2536 5383/7991/2710 5370/5339/2479
f 5431/5341/2524 5425/8033/2757 5419/5342/2525
f 5408/5344/2481 5394/7783/2852 5390/5345/2531
f 4611/5347/2663 4608/8841/3003 4606/4992/2512
f 5438/5349/2548 5432/8041/2867 5440/5350/2662
f 5393/5352/2484 5407/8012/2722 5414/5353/2485
f 5415/5355/2478 5411/8018/2766 5398/5356/2479
f 5436/5358/2481 5422/7999/2852 5418/5359/2519
f 5443/5361/2478 5439/8044/2710 5426/5362/2479
f 2875/5364/2665 2872/8842/3004 2870/4944/2519
f 5421/5366/2484 5435/8038/2722 5442/5367/2533
f 5466/5369/2548 5460/8067/2867 5468/5370/2576
f 5471/5372/2478 5467/8070/2710 5454/5373/2479
f 5464/5375/2481 5450/6973/2730 5446/5376/2519
f 5511/5378/2567 5513/8114/2732 5507/5379/2568
f 5449/5381/2484 5463/8064/2722 5470/5382/2533
f 5494/5384/2548 5488/8095/2870 5496/5385/2666
f 5540/5387/2567 5541/8142/2732 5535/5388/2510
f 5477/5390/2484 5491/8092/2722 5498/5391/2533
f 5499/5393/2478 5495/8098/2766 5482/5394/2479
f 5517/5396/2497 5520/8117/2872 5528/5397/2498
f 5492/5399/2481 5478/7972/2629 5474/5400/2531
f 5503/5402/2478 5506/8077/2710 5521/5403/2479
f 5538/5405/2481 5554/8156/2730 5555/5406/2559
f 2987/5408/2665 2984/8843/3004 2982/4605/2519
f 5523/5410/2484 5509/8120/2722 5502/5411/2485
f 5512/5413/2481 5526/8131/2703 5527/5414/2482
f 5531/5416/2478 5534/8105/2710 5549/5417/2537
f 5571/5419/2497 5565/8166/2759 5559/5420/2500
f 5578/5422/2567 5572/8174/2737 5580/5423/2510
f 5551/5425/2484 5537/8139/2722 5530/5426/2485
f 5546/5428/2497 5548/8147/2759 5556/5429/2500
f 5561/5431/2484 5575/8171/2722 5582/5432/2485
f 5576/5434/2481 5562/8158/2730 5558/5435/2482
f 5606/5437/2490 5600/8201/2737 5608/5438/2568
f 5583/5440/2536 5579/8177/2710 5566/5441/2479
f 5599/5443/2487 5593/8193/2759 5587/5444/2500
f 5589/5446/2484 5603/8198/2722 5610/5447/2485
f 5604/5449/2481 5590/8185/2703 5586/5450/2559
f 5634/5452/2490 5628/8228/2760 5636/5453/2510
f 5611/5455/2478 5607/8204/2710 5594/5456/2479
f 5627/5458/2487 5621/8220/2759 5615/5459/2540
f 5617/5461/2484 5631/8225/2722 5638/5462/2485
f 5632/5464/2481 5618/8212/2730 5614/5465/2482
f 5662/5467/2548 5656/8255/2758 5664/5468/2549
f 5639/5470/2478 5635/8231/2766 5622/5471/2479
f 5655/5473/2487 5649/8247/2765 5643/5474/2540
f 5645/5476/2484 5659/8252/2722 5666/5477/2485
f 5660/5479/2481 5646/8239/2730 5642/5480/2482
f 5690/5482/2548 5684/8282/2758 5692/5483/2666
f 5667/5485/2478 5663/8258/2710 5650/5486/2479
f 5683/5488/2667 5677/8274/2874 5671/5489/2668
f 5673/5491/2484 5687/8279/2722 5694/5492/2485
f 5688/5494/2481 5674/8266/2730 5670/5495/2482
f 5718/5497/2548 5712/8309/2758 5720/5498/2666
f 5695/5500/2478 5691/8285/2710 5678/5501/2479
f 5711/5503/2667 5705/8301/2686 5699/5504/2668
f 5701/5506/2484 5715/8306/2722 5722/5507/2533
f 5716/5509/2481 5702/8293/2730 5698/5510/2482
f 5746/5512/2548 5740/8336/2870 5748/5513/2666
f 5723/5515/2478 5719/8312/2710 5706/5516/2479
f 5739/5518/2541 5733/8328/2875 5727/5519/2525
f 5729/5521/2484 5743/8333/2689 5750/5522/2533
f 5744/5524/2481 5730/8320/2730 5726/5525/2519
f 5774/5527/2669 5768/8362/2884 5776/5528/2670
f 5751/5530/2478 5747/8339/2710 5734/5531/2479
f 5760/5533/2672 5767/8844/2880 5761/5534/2673
f 5795/5536/2507 5789/8381/2889 5783/5537/2508
f 5757/5539/2675 5771/8359/2883 5778/5540/2676
f 5779/5542/2678 5775/8365/2885 5762/5543/2679
f 5802/5545/2501 5796/8389/2707 5804/5546/2502
f 5772/5548/2681 5758/8347/2877 5754/5549/2682
f 5785/5551/2532 5799/8386/2689 5806/5552/2533
f 5807/5554/2478 5803/8392/2766 5790/5555/2479
f 5800/5557/2481 5786/8373/2629 5782/5558/2519
f 2871/5560/2508 2872/8845/3004 2875/5561/2665
f 2873/4583/2532 2876/8402/2509 2875/5563/2665
f 2882/5565/2684 2881/4195/2542 2878/4194/2479
f 2880/4585/2534 2881/8846/2542 2882/5567/2684
f 2877/5569/2686 2883/8025/2541 2882/5570/2684
f 2889/5572/2687 2888/4943/2481 2885/4945/2483
f 2887/5574/2689 2888/8847/2481 2889/5575/2687
f 2884/5577/2690 2890/8400/2501 2889/5578/2687
f 2891/5580/2691 2895/4193/2478 2896/5581/2692
f 2896/5583/2692 2897/8401/2891 2892/5584/2502
f 2894/4584/2533 2897/8403/2891 2896/5586/2692
f 2903/5588/2665 2900/8848/3004 2898/4515/2519
f 2899/4182/2508 2900/8849/3004 2903/5590/2665
f 2901/4772/2484 2904/8404/2509 2903/5591/2665
f 2910/5593/2694 2909/4237/2480 2906/4236/2479
f 2908/4774/2534 2909/8850/2480 2910/5595/2694
f 2905/5597/2686 2911/4181/2541 2910/5598/2694
f 2917/5600/2687 2916/4514/2481 2913/4516/2483
f 2915/5602/2689 2916/8851/2481 2917/5603/2687
f 2912/5605/2690 2918/4616/2501 2917/5606/2687
f 2919/5608/2695 2923/4235/2478 2924/5609/2692
f 2924/5611/2692 2925/4618/2523 2920/4617/2577
f 2922/4773/2533 2925/8405/2523 2924/5613/2692
f 2931/5615/2696 2928/8852/3004 2926/4107/2519
f 2927/4074/2508 2928/8853/3004 2931/5617/2696
f 2929/4496/2532 2932/8406/2509 2931/5618/2696
f 2938/5620/2694 2937/4693/2480 2934/4692/2479
f 2936/4498/2534 2937/8854/2480 2938/5622/2694
f 2933/5624/2697 2939/4073/2507 2938/5625/2694
f 2945/5627/2698 2944/4106/2481 2941/4108/2483
f 2943/5629/2689 2944/8855/2481 2945/5630/2698
f 2940/5632/2700 2946/4187/2521 2945/5633/2698
f 2947/5635/2691 2951/4691/2478 2952/5636/2692
f 2952/5638/2692 2953/4189/2523 2948/4188/2522
f 2950/4497/2533 2953/8407/2523 2952/5640/2692
f 2959/5642/2696 2956/8856/3005 2954/5204/2519
f 2955/4962/2518 2956/8857/3005 2959/5644/2696
f 2957/4190/2532 2960/8408/2509 2959/5645/2696
f 2966/5647/2684 2965/4897/2480 2962/4896/2479
f 2964/4192/2534 2965/8858/2480 2966/5649/2684
f 2961/5651/2697 2967/4961/2507 2966/5652/2684
f 2973/5654/2698 2972/5203/2481 2969/5205/2483
f 2971/5656/2689 2972/8859/2481 2973/5657/2698
f 2968/5659/2700 2974/4088/2521 2973/5660/2698
f 2975/5662/2695 2979/4895/2478 2980/5663/2692
f 2980/5665/2692 2981/4090/2523 2976/4089/2522
f 2978/4191/2533 2981/8409/2523 2980/5667/2692
f 3323/5669/2702 3320/8860/3006 3318/4353/2559
f 2983/5671/2508 2984/8861/3004 2987/5672/2665
f 2985/4202/2532 2988/8410/2509 2987/5674/2665
f 2994/5676/2694 2993/4276/2480 2990/4275/2479
f 2992/4204/2534 2993/8862/2480 2994/5678/2694
f 2989/5680/2686 2995/8051/2541 2994/5681/2694
f 3001/5683/2704 3000/4604/2481 2997/4606/2483
f 2999/5685/2689 3000/8863/2481 3001/5686/2704
f 2996/5688/2700 3002/4592/2501 3001/5689/2704
f 3003/5691/2691 3007/4274/2478 3008/5692/2705
f 3008/5694/2705 3009/4594/2572 3004/4593/2576
f 3006/4203/2533 3009/8411/2572 3008/5696/2705
f 3015/5698/2665 3012/8864/3004 3010/5288/2519
f 3011/4038/2508 3012/8865/3004 3015/5700/2665
f 3013/4442/2484 3016/8412/2509 3015/5701/2665
f 3022/5703/2706 3021/4591/2480 3018/4590/2479
f 3020/4444/2534 3021/8866/2480 3022/5705/2706
f 3017/5707/2697 3023/4037/2507 3022/5708/2706
f 3029/5710/2687 3028/5287/2481 3025/5289/2483
f 3027/5712/2689 3028/8867/2481 3029/5713/2687
f 3024/5715/2700 3030/4319/2501 3029/5716/2687
f 3031/5718/2695 3035/4589/2478 3036/5719/2692
f 3036/5721/2692 3037/4321/2523 3032/4320/2502
f 3034/4443/2533 3037/8413/2523 3036/5723/2692
f 3043/5725/2696 3040/8868/3002 3038/4752/2519
f 3039/4794/2508 3040/8869/3002 3043/5727/2696
f 3041/4148/2532 3044/8414/2509 3043/5728/2696
f 3050/5730/2694 3049/4903/2480 3046/4902/2479
f 3048/4150/2534 3049/8870/2480 3050/5732/2694
f 3045/5734/2697 3051/4793/2507 3050/5735/2694
f 3057/5737/2698 3056/4751/2481 3053/4753/2483
f 3055/5739/2689 3056/8871/2481 3057/5740/2698
f 3052/5742/2700 3058/4370/2565 3057/5743/2698
f 3059/5745/2691 3063/4901/2478 3064/5746/2692
f 3064/5748/2692 3065/4372/2523 3060/4371/2522
f 3062/4149/2533 3065/8415/2523 3064/5750/2692
f 3071/5752/2696 3068/8872/3005 3066/5171/2519
f 3067/4110/2518 3068/8873/3005 3071/5754/2696
f 3069/4733/2532 3072/8416/2509 3071/5755/2696
f 3078/5757/2706 3077/4816/2480 3074/4815/2479
f 3076/4735/2534 3077/8874/2480 3078/5759/2706
f 3073/5761/2697 3079/4109/2507 3078/5762/2706
f 3085/5764/2698 3084/5170/2481 3081/5172/2483
f 3083/5766/2689 3084/8875/2481 3085/5767/2698
f 3080/5769/2700 3086/4730/2521 3085/5770/2698
f 3087/5772/2691 3091/4814/2478 3092/5773/2692
f 3092/5775/2692 3093/4732/2523 3088/4731/2522
f 3090/4734/2533 3093/8417/2523 3092/5777/2692
f 3687/5779/2702 3684/8876/3007 3682/4449/2482
f 3095/5781/2508 3096/8877/3004 3099/5782/2665
f 3097/4169/2532 3100/8418/2509 3099/5784/2665
f 3106/5786/2706 3105/4684/2480 3102/4683/2479
f 3104/4171/2534 3105/8878/2480 3106/5788/2706
f 3101/5790/2697 3107/8132/2507 3106/5791/2706
f 3113/5793/2687 3112/4340/2481 3109/4342/2483
f 3111/5795/2689 3112/8879/2481 3113/5796/2687
f 3108/5798/2707 3114/4028/2501 3113/5799/2687
f 3115/5801/2691 3119/4682/2478 3120/5802/2705
f 3120/5804/2705 3121/4030/2503 3116/4029/2502
f 3118/4170/2533 3121/8419/2503 3120/5806/2705
f 3127/5808/2628 3124/8880/3002 3122/4263/2519
f 3123/4707/2508 3124/8881/3002 3127/5810/2628
f 3125/4697/2532 3128/8420/2509 3127/5811/2628
f 3134/5813/2706 3133/4552/2480 3130/4551/2479
f 3132/4699/2534 3133/8882/2480 3134/5815/2706
f 3129/5817/2697 3135/4706/2507 3134/5818/2706
f 3141/5820/2687 3140/4262/2481 3137/4264/2483
f 3139/5822/2689 3140/8883/2481 3141/5823/2687
f 3136/5825/2700 3142/4760/2501 3141/5826/2687
f 3143/5828/2691 3147/4550/2478 3148/5829/2692
f 3148/5831/2692 3149/4762/2523 3144/4761/2502
f 3146/4698/2533 3149/8421/2523 3148/5833/2692
f 3155/5835/2696 3152/8884/3005 3150/5306/2519
f 3151/4179/2518 3152/8885/3005 3155/5837/2696
f 3153/4826/2532 3156/8422/2509 3155/5838/2696
f 3162/5840/2694 3161/4687/2480 3158/4686/2479
f 3160/4828/2534 3161/8886/2480 3162/5842/2694
f 3157/5844/2697 3163/4178/2507 3162/5845/2694
f 3169/5847/2698 3168/5305/2481 3165/5307/2483
f 3167/5849/2689 3168/8887/2481 3169/5850/2698
f 3164/5852/2700 3170/4508/2501 3169/5853/2698
f 3171/5855/2691 3175/4685/2478 3176/5856/2692
f 3176/5858/2692 3177/4510/2523 3172/4509/2502
f 3174/4827/2533 3177/8423/2523 3176/5860/2692
f 3183/5862/2696 3180/8888/3005 3178/4212/2519
f 3179/4296/2518 3180/8889/3005 3183/5864/2696
f 3181/4802/2532 3184/8424/2509 3183/5865/2696
f 3190/5867/2706 3189/4069/2480 3186/4068/2479
f 3188/4804/2534 3189/8890/2480 3190/5869/2706
f 3185/5871/2697 3191/4295/2507 3190/5872/2706
f 3197/5874/2698 3196/4211/2481 3193/4213/2483
f 3195/5876/2689 3196/8891/2481 3197/5877/2698
f 3192/5879/2700 3198/4247/2521 3197/5880/2698
f 3199/5882/2695 3203/4067/2478 3204/5883/2708
f 3204/5885/2708 3205/4249/2523 3200/4248/2522
f 3202/4803/2533 3205/8425/2523 3204/5887/2708
f 4022/5889/2710 4019/4160/2536 4020/5890/2711
f 3207/5892/2508 3208/8892/3002 3211/5893/2628
f 3209/4286/2532 3212/8426/2509 3211/5895/2628
f 3218/5897/2706 3217/4480/2480 3214/4479/2479
f 3216/4288/2534 3217/8893/2480 3218/5899/2706
f 3213/5901/2697 3219/8399/2507 3218/5902/2706
f 3225/5904/2687 3224/4628/2481 3221/4630/2483
f 3223/5906/2689 3224/8894/2481 3225/5907/2687
f 3220/5909/2707 3226/4829/2501 3225/5910/2687
f 3227/5912/2691 3231/4478/2478 3232/5913/2692
f 3232/5915/2692 3233/4831/2503 3228/4830/2502
f 3230/4287/2533 3233/8427/2503 3232/5917/2692
f 3239/5919/2628 3236/8895/3008 3234/4806/2519
f 3235/4062/2518 3236/8896/3008 3239/5921/2628
f 3237/4208/2532 3240/8428/2509 3239/5922/2628
f 3246/5924/2694 3245/4627/2480 3242/4626/2479
f 3244/4210/2534 3245/8897/2480 3246/5926/2694
f 3241/5928/2697 3247/4061/2507 3246/5929/2694
f 3253/5931/2687 3252/4805/2481 3249/4807/2483
f 3251/5933/2689 3252/8898/2481 3253/5934/2687
f 3248/5936/2700 3254/4331/2501 3253/5937/2687
f 3255/5939/2695 3259/4625/2478 3260/5940/2708
f 3260/5942/2708 3261/4333/2523 3256/4332/2502
f 3258/4209/2533 3261/8429/2523 3260/5944/2708
f 3267/5946/2628 3264/8899/3002 3262/4872/2519
f 3263/4128/2518 3264/8900/3002 3267/5948/2628
f 3265/4172/2532 3268/8430/2509 3267/5949/2628
f 3274/5951/2706 3273/4222/2480 3270/4221/2479
f 3272/4174/2534 3273/8901/2480 3274/5953/2706
f 3269/5955/2697 3275/4127/2507 3274/5956/2706
f 3281/5958/2687 3280/4871/2481 3277/4873/2483
f 3279/5960/2689 3280/8902/2481 3281/5961/2687
f 3276/5963/2700 3282/4115/2527 3281/5964/2687
f 3283/5966/2695 3287/4220/2478 3288/5967/2708
f 3288/5969/2708 3289/4117/2523 3284/4116/2502
f 3286/4173/2533 3289/8431/2523 3288/5971/2708
f 3295/5973/2628 3292/8903/3009 3290/4701/2519
f 3291/4167/2518 3292/8904/3009 3295/5975/2628
f 3293/4184/2532 3296/8432/2539 3295/5976/2628
f 3302/5978/2713 3301/4393/2480 3298/4392/2479
f 3300/4186/2534 3301/8905/2480 3302/5980/2713
f 3297/5982/2714 3303/4166/2507 3302/5983/2713
f 3309/5985/2687 3308/4700/2481 3305/4702/2483
f 3307/5987/2689 3308/8906/2481 3309/5988/2687
f 3304/5990/2700 3310/4595/2527 3309/5991/2687
f 3311/5993/2695 3315/4391/2478 3316/5994/2708
f 3316/5996/2708 3317/4597/2523 3312/4596/2502
f 3314/4185/2533 3317/8433/2523 3316/5998/2708
f 4330/6000/2710 4327/4112/2478 4328/6001/2715
f 3319/4653/2498 3320/8907/3006 3323/6003/2702
f 3321/4886/2484 3324/8434/2499 3323/6004/2702
f 3330/6006/2717 3329/4402/2538 3326/4401/2547
f 3328/4888/2486 3329/8908/2538 3330/6008/2717
f 3325/6010/2719 3331/4652/2520 3330/6011/2717
f 3337/6013/2720 3336/4352/2481 3333/4354/2560
f 3335/6015/2722 3336/8909/2481 3337/6016/2720
f 3332/6018/2723 3338/4919/2567 3337/6019/2720
f 3339/6021/2710 3343/4400/2536 3344/6022/2711
f 3344/6024/2711 3345/4921/2586 3340/4920/2571
f 3342/4887/2485 3345/8435/2586 3344/6026/2711
f 3351/6028/2702 3348/8910/3010 3346/4767/2559
f 3347/4020/2498 3348/8911/3010 3351/6030/2702
f 3349/4523/2484 3352/8436/2499 3351/6031/2702
f 3358/6033/2724 3357/4705/2480 3354/4704/2547
f 3356/4525/2486 3357/8912/2480 3358/6035/2724
f 3353/6037/2725 3359/4019/2497 3358/6038/2724
f 3365/6040/2726 3364/4766/2481 3361/4768/2570
f 3363/6042/2722 3364/8913/2481 3365/6043/2726
f 3360/6045/2727 3366/4451/2567 3365/6046/2726
f 3367/6048/2710 3371/4703/2536 3372/6049/2715
f 3372/6051/2715 3373/4453/2544 3368/4452/2571
f 3370/4524/2485 3373/8437/2544 3372/6053/2715
f 3379/6055/2702 3376/8914/3010 3374/4659/2482
f 3375/4086/2498 3376/8915/3010 3379/6057/2702
f 3377/4529/2484 3380/8438/2499 3379/6058/2702
f 3386/6060/2728 3385/4621/2538 3382/4620/2545
f 3384/4531/2517 3385/8916/2538 3386/6062/2728
f 3381/6064/2725 3387/4085/2520 3386/6065/2728
f 3393/6067/2720 3392/4658/2481 3389/4660/2570
f 3391/6069/2722 3392/8917/2481 3393/6070/2720
f 3388/6072/2727 3394/4922/2567 3393/6073/2720
f 3395/6075/2710 3399/4619/2478 3400/6076/2729
f 3400/6078/2729 3401/4924/2544 3396/4923/2568
f 3398/4530/2485 3401/8439/2544 3400/6080/2729
f 3407/6082/2702 3404/8918/3006 3402/4092/2482
f 3403/4152/2500 3404/8919/3006 3407/6084/2702
f 3405/4454/2484 3408/8440/2499 3407/6085/2702
f 3414/6087/2724 3413/4231/2538 3410/4230/2545
f 3412/4456/2517 3413/8920/2538 3414/6089/2724
f 3409/6091/2725 3415/4151/2497 3414/6092/2724
f 3421/6094/2731 3420/4091/2481 3417/4093/2496
f 3419/6096/2722 3420/8921/2481 3421/6097/2731
f 3416/6099/2732 3422/4694/2567 3421/6100/2731
f 3423/6102/2710 3427/4229/2478 3428/6103/2715
f 3428/6105/2715 3429/4696/2544 3424/4695/2568
f 3426/4455/2485 3429/8441/2544 3428/6107/2715
f 3435/6109/2702 3432/8922/3006 3430/5022/2482
f 3431/4458/2498 3432/8923/3006 3435/6111/2702
f 3433/4598/2484 3436/8442/2499 3435/6112/2702
f 3442/6114/2724 3441/4426/2538 3438/4425/2479
f 3440/4600/2486 3441/8924/2538 3442/6116/2724
f 3437/6118/2734 3443/4457/2497 3442/6119/2724
f 3449/6121/2731 3448/5021/2481 3445/5023/2496
f 3447/6123/2722 3448/8925/2481 3449/6124/2731
f 3444/6126/2727 3450/4667/2490 3449/6127/2731
f 3451/6129/2710 3455/4424/2478 3456/6130/2715
f 3456/6132/2715 3457/4669/2544 3452/4668/2568
f 3454/4599/2485 3457/8443/2544 3456/6134/2715
f 3463/6136/2736 3460/8926/3006 3458/4080/2482
f 3459/4239/2546 3460/8927/3006 3463/6138/2736
f 3461/4577/2484 3464/8444/2489 3463/6139/2736
f 3470/6141/2724 3469/4243/2538 3466/4242/2547
f 3468/4579/2486 3469/8928/2538 3470/6143/2724
f 3465/6145/2734 3471/4238/2497 3470/6146/2724
f 3477/6148/2731 3476/4079/2481 3473/4081/2496
f 3475/6150/2722 3476/8929/2481 3477/6151/2731
f 3472/6153/2737 3478/4223/2490 3477/6154/2731
f 3479/6156/2710 3483/4241/2536 3484/6157/2715
f 3484/6159/2715 3485/4225/2544 3480/4224/2510
f 3482/4578/2485 3485/8445/2544 3484/6161/2715
f 3491/6163/2702 3488/8930/3007 3486/4413/2482
f 3487/4638/2546 3488/8931/3007 3491/6165/2702
f 3489/4103/2484 3492/8446/2489 3491/6166/2702
f 3498/6168/2724 3497/4411/2538 3494/4410/2545
f 3496/4105/2486 3497/8932/2538 3498/6170/2724
f 3493/6172/2734 3499/4637/2487 3498/6173/2724
f 3505/6175/2731 3504/4412/2481 3501/4414/2496
f 3503/6177/2722 3504/8933/2481 3505/6178/2731
f 3500/6180/2737 3506/4100/2490 3505/6181/2731
f 3507/6183/2710 3511/4409/2478 3512/6184/2715
f 3512/6186/2715 3513/4102/2492 3508/4101/2526
f 3510/4104/2485 3513/8447/2492 3512/6188/2715
f 3519/6190/2702 3516/8934/3007 3514/5096/2482
f 3515/4743/2528 3516/8935/3007 3519/6192/2702
f 3517/4754/2484 3520/8448/2489 3519/6193/2702
f 3526/6195/2724 3525/4663/2480 3522/4662/2545
f 3524/4756/2486 3525/8936/2480 3526/6197/2724
f 3521/6199/2739 3527/4742/2561 3526/6200/2724
f 3533/6202/2731 3532/5095/2481 3529/5097/2496
f 3531/6204/2722 3532/8937/2481 3533/6205/2731
f 3528/6207/2740 3534/4877/2490 3533/6208/2731
f 3535/6210/2710 3539/4661/2478 3540/6211/2741
f 3540/6213/2741 3541/4879/2492 3536/4878/2494
f 3538/4755/2485 3541/8449/2492 3540/6215/2741
f 3547/6217/2702 3544/8938/3007 3542/4056/2482
f 3543/4356/2528 3544/8939/3007 3547/6219/2702
f 3545/4040/2484 3548/8450/2489 3547/6220/2702
f 3554/6222/2724 3553/4399/2480 3550/4398/2545
f 3552/4042/2486 3553/8940/2480 3554/6224/2724
f 3549/6226/2734 3555/4355/2561 3554/6227/2724
f 3561/6229/2731 3560/4055/2481 3557/4057/2496
f 3559/6231/2722 3560/8941/2481 3561/6232/2731
f 3556/6234/2740 3562/4358/2490 3561/6235/2731
f 3563/6237/2710 3567/4397/2478 3568/6238/2741
f 3568/6240/2741 3569/4360/2495 3564/4359/2494
f 3566/4041/2485 3569/8451/2495 3568/6242/2741
f 3575/6244/2702 3572/8942/3007 3570/4482/2531
f 3571/4809/2528 3572/8943/3007 3575/6246/2702
f 3573/4157/2484 3576/8452/2489 3575/6247/2702
f 3582/6249/2724 3581/4543/2480 3578/4542/2545
f 3580/4159/2486 3581/8944/2480 3582/6251/2724
f 3577/6253/2739 3583/4808/2487 3582/6254/2724
f 3589/6256/2704 3588/4481/2481 3585/4483/2496
f 3587/6258/2722 3588/8945/2481 3589/6259/2704
f 3584/6261/2743 3590/4154/2493 3589/6262/2704
f 3591/6264/2710 3595/4541/2478 3596/6265/2744
f 3596/6267/2744 3597/4156/2535 3592/4155/2494
f 3594/4158/2485 3597/8453/2535 3596/6269/2744
f 3603/6271/2736 3600/8946/3007 3598/4719/2531
f 3599/4758/2515 3600/8947/3007 3603/6273/2736
f 3601/4646/2484 3604/8454/2516 3603/6274/2736
f 3610/6276/2745 3609/4561/2480 3606/4560/2547
f 3608/4648/2486 3609/8948/2480 3610/6278/2745
f 3605/6280/2739 3611/4757/2561 3610/6281/2745
f 3617/6283/2704 3616/4718/2481 3613/4720/2496
f 3615/6285/2722 3616/8949/2481 3617/6286/2704
f 3612/6288/2743 3618/4421/2555 3617/6289/2704
f 3619/6291/2710 3623/4559/2478 3624/6292/2741
f 3624/6294/2741 3625/4423/2569 3620/4422/2494
f 3622/4647/2485 3625/8455/2569 3624/6296/2741
f 3631/6298/2665 3628/8950/3007 3626/4527/2531
f 3627/4329/2558 3628/8951/3007 3631/6300/2665
f 3629/4214/2484 3632/8456/2516 3631/6301/2665
f 3638/6303/2745 3637/4390/2480 3634/4389/2545
f 3636/4216/2486 3637/8952/2480 3638/6305/2745
f 3633/6307/2739 3639/4328/2524 3638/6308/2745
f 3645/6310/2704 3644/4526/2481 3641/4528/2483
f 3643/6312/2722 3644/8953/2481 3645/6313/2704
f 3640/6315/2743 3646/4271/2555 3645/6316/2704
f 3647/6318/2710 3651/4388/2478 3652/6319/2744
f 3652/6321/2744 3653/4273/2550 3648/4272/2494
f 3650/4215/2485 3653/8457/2550 3652/6323/2744
f 3659/6325/2665 3656/8954/3011 3654/4293/2519
f 3655/4506/2515 3656/8955/3011 3659/6327/2665
f 3657/4460/2484 3660/8458/2516 3659/6328/2665
f 3666/6330/2745 3665/4834/2480 3662/4833/2479
f 3664/4462/2486 3665/8956/2480 3666/6332/2745
f 3661/6334/2748 3667/4505/2524 3666/6335/2745
f 3673/6337/2704 3672/4292/2481 3669/4294/2483
f 3671/6339/2722 3672/8957/2481 3673/6340/2704
f 3668/6342/2743 3674/4727/2555 3673/6343/2704
f 3675/6345/2691 3679/4832/2478 3680/6346/2705
f 3680/6348/2705 3681/4729/2550 3676/4728/2549
f 3678/4461/2485 3681/8459/2550 3680/6350/2705
f 5087/6352/2751 5084/8958/3012 5082/5126/2505
f 3683/4026/2500 3684/8959/3007 3687/6354/2702
f 3685/4001/2484 3688/8460/2499 3687/6355/2702
f 3694/6357/2724 3693/4765/2480 3690/4764/2479
f 3692/4003/2486 3693/8960/2480 3694/6359/2724
f 3689/6361/2719 3695/4025/2497 3694/6362/2724
f 3701/6364/2731 3700/4448/2481 3697/4450/2570
f 3699/6366/2722 3700/8961/2481 3701/6367/2731
f 3696/6369/2732 3702/4403/2567 3701/6370/2731
f 3703/6372/2710 3707/4763/2478 3708/6373/2753
f 3708/6375/2753 3709/4405/2544 3704/4404/2568
f 3706/4002/2485 3709/8461/2544 3708/6377/2753
f 3715/6379/2702 3712/8962/3006 3710/4059/2482
f 3711/4863/2500 3712/8963/3006 3715/6381/2702
f 3713/4082/2484 3716/8462/2499 3715/6382/2702
f 3722/6384/2724 3721/4780/2538 3718/4779/2545
f 3720/4084/2486 3721/8964/2538 3722/6386/2724
f 3717/6388/2725 3723/4862/2497 3722/6389/2724
f 3729/6391/2731 3728/4058/2481 3725/4060/2496
f 3727/6393/2722 3728/8965/2481 3729/6394/2731
f 3724/6396/2732 3730/4475/2490 3729/6397/2731
f 3731/6399/2710 3735/4778/2478 3736/6400/2715
f 3736/6402/2715 3737/4477/2544 3732/4476/2568
f 3734/4083/2485 3737/8463/2544 3736/6404/2715
f 3743/6406/2702 3740/8966/3007 3738/4581/2482
f 3739/4146/2500 3740/8967/3007 3743/6408/2702
f 3741/4790/2484 3744/8464/2499 3743/6409/2702
f 3750/6411/2724 3749/4417/2480 3746/4416/2545
f 3748/4792/2486 3749/8968/2480 3750/6413/2724
f 3745/6415/2734 3751/4145/2497 3750/6416/2724
f 3757/6418/2731 3756/4580/2481 3753/4582/2496
f 3755/6420/2722 3756/8969/2481 3757/6421/2731
f 3752/6423/2737 3758/4493/2490 3757/6424/2731
f 3759/6426/2710 3763/4415/2536 3764/6427/2754
f 3764/6429/2754 3765/4495/2492 3760/4494/2568
f 3762/4791/2485 3765/8465/2492 3764/6431/2754
f 3771/6433/2702 3768/8970/3006 3766/4119/2482
f 3767/4842/2500 3768/8971/3006 3771/6435/2702
f 3769/4433/2484 3772/8466/2489 3771/6436/2702
f 3778/6438/2724 3777/5208/2538 3774/5207/2545
f 3776/4435/2486 3777/8972/2538 3778/6440/2724
f 3773/6442/2734 3779/4841/2487 3778/6443/2724
f 3785/6445/2726 3784/4118/2481 3781/4120/2496
f 3783/6447/2722 3784/8973/2481 3785/6448/2726
f 3780/6450/2732 3786/4283/2490 3785/6451/2726
f 3787/6453/2710 3791/5206/2478 3792/6454/2741
f 3792/6456/2741 3793/4285/2544 3788/4284/2510
f 3790/4434/2485 3793/8467/2544 3792/6458/2741
f 3799/6460/2736 3796/8974/3007 3794/4254/2482
f 3795/4419/2546 3796/8975/3007 3799/6462/2736
f 3797/4130/2484 3800/8468/2489 3799/6463/2736
f 3806/6465/2724 3805/4741/2480 3802/4740/2479
f 3804/4132/2517 3805/8976/2480 3806/6467/2724
f 3801/6469/2734 3807/4418/2487 3806/6470/2724
f 3813/6472/2731 3812/4253/2481 3809/4255/2496
f 3811/6474/2722 3812/8977/2481 3813/6475/2731
f 3808/6477/2737 3814/4043/2490 3813/6478/2731
f 3815/6480/2710 3819/4739/2478 3820/6481/2741
f 3820/6483/2741 3821/4045/2492 3816/4044/2510
f 3818/4131/2485 3821/8469/2492 3820/6485/2741
f 3827/6487/2702 3824/8978/3007 3822/4545/2482
f 3823/4899/2528 3824/8979/3007 3827/6489/2702
f 3825/4466/2484 3828/8470/2489 3827/6490/2702
f 3834/6492/2724 3833/4078/2480 3830/4077/2479
f 3832/4468/2517 3833/8980/2480 3834/6494/2724
f 3829/6496/2739 3835/4898/2487 3834/6497/2724
f 3841/6499/2731 3840/4544/2481 3837/4546/2496
f 3839/6501/2722 3840/8981/2481 3841/6502/2731
f 3836/6504/2737 3842/4709/2490 3841/6505/2731
f 3843/6507/2710 3847/4076/2478 3848/6508/2741
f 3848/6510/2741 3849/4711/2492 3844/4710/2526
f 3846/4467/2485 3849/8471/2492 3848/6512/2741
f 3855/6514/2755 3852/8982/3007 3850/4305/2482
f 3851/4380/2528 3852/8983/3007 3855/6516/2755
f 3853/4874/2484 3856/8472/2489 3855/6517/2755
f 3862/6519/2724 3861/4267/2480 3858/4266/2479
f 3860/4876/2486 3861/8984/2480 3862/6521/2724
f 3857/6523/2739 3863/4379/2487 3862/6524/2724
f 3869/6526/2731 3868/4304/2481 3865/4306/2496
f 3867/6528/2722 3868/8985/2481 3869/6529/2731
f 3864/6531/2743 3870/4907/2490 3869/6532/2731
f 3871/6534/2710 3875/4265/2478 3876/6535/2741
f 3876/6537/2741 3877/4909/2495 3872/4908/2494
f 3874/4875/2485 3877/8473/2495 3876/6539/2741
f 3883/6541/2702 3880/8986/3007 3878/4017/2482
f 3879/4122/2528 3880/8987/3007 3883/6543/2702
f 3881/4796/2484 3884/8474/2489 3883/6544/2702
f 3890/6546/2724 3889/3997/2480 3886/3996/2479
f 3888/4798/2486 3889/8988/2480 3890/6548/2724
f 3885/6550/2739 3891/4121/2487 3890/6551/2724
f 3897/6553/2731 3896/4016/2481 3893/4018/2496
f 3895/6555/2722 3896/8989/2481 3897/6556/2731
f 3892/6558/2743 3898/4643/2490 3897/6559/2731
f 3899/6561/2710 3903/3995/2478 3904/6562/2741
f 3904/6564/2741 3905/4645/2495 3900/4644/2494
f 3902/4797/2485 3905/8475/2495 3904/6566/2741
f 3911/6568/2665 3908/8990/3007 3906/4323/2482
f 3907/4587/2515 3908/8991/3007 3911/6570/2665
f 3909/4562/2484 3912/8476/2516 3911/6571/2665
f 3918/6573/2745 3917/4327/2480 3914/4326/2479
f 3916/4564/2486 3917/8992/2480 3918/6575/2745
f 3913/6577/2739 3919/4586/2524 3918/6578/2745
f 3925/6580/2756 3924/4322/2481 3921/4324/2496
f 3923/6582/2722 3924/8993/2481 3925/6583/2756
f 3920/6585/2743 3926/4904/2493 3925/6586/2756
f 3927/6588/2710 3931/4325/2478 3932/6589/2741
f 3932/6591/2741 3933/4906/2535 3928/4905/2494
f 3930/4563/2485 3933/8477/2535 3932/6593/2741
f 3939/6595/2665 3936/8994/3007 3934/4929/2531
f 3935/4050/2515 3936/8995/3007 3939/6597/2665
f 3937/4022/2484 3940/8478/2516 3939/6598/2665
f 3946/6600/2694 3945/4861/2480 3942/4860/2479
f 3944/4024/2486 3945/8996/2480 3946/6602/2694
f 3941/6604/2739 3947/4049/2514 3946/6605/2694
f 3953/6607/2704 3952/4928/2481 3949/4930/2483
f 3951/6609/2722 3952/8997/2481 3953/6610/2704
f 3948/6612/2743 3954/4463/2555 3953/6613/2704
f 3955/6615/2710 3959/4859/2478 3960/6616/2705
f 3960/6618/2705 3961/4465/2550 3956/4464/2549
f 3958/4023/2485 3961/8479/2550 3960/6620/2705
f 3967/6622/2665 3964/8998/3011 3962/4470/2482
f 3963/4722/2515 3964/8999/3011 3967/6624/2665
f 3965/4748/2484 3968/8480/2516 3967/6625/2665
f 3974/6627/2694 3973/4033/2480 3970/4032/2479
f 3972/4750/2486 3973/9000/2480 3974/6629/2694
f 3969/6631/2748 3975/4721/2524 3974/6632/2694
f 3981/6634/2704 3980/4469/2481 3977/4471/2483
f 3979/6636/2722 3980/9001/2481 3981/6637/2704
f 3976/6639/2743 3982/4316/2555 3981/6640/2704
f 3983/6642/2710 3987/4031/2478 3988/6643/2744
f 3988/6645/2744 3989/4318/2550 3984/4317/2549
f 3986/4749/2485 3989/8481/2550 3988/6647/2744
f 3995/6649/2665 3992/9002/3011 3990/4143/2531
f 3991/4200/2515 3992/9003/3011 3995/6651/2665
f 3993/4517/2484 3996/8482/2543 3995/6652/2665
f 4002/6654/2694 4001/4312/2480 3998/4311/2479
f 4000/4519/2534 4001/9004/2480 4002/6656/2694
f 3997/6658/2757 4003/4199/2524 4002/6659/2694
f 4009/6661/2704 4008/4142/2481 4005/4144/2483
f 4007/6663/2722 4008/9005/2481 4009/6664/2704
f 4004/6666/2758 4010/4244/2548 4009/6667/2704
f 4011/6669/2710 4015/4310/2478 4016/6670/2705
f 4016/6672/2705 4017/4246/2550 4012/4245/2549
f 4014/4518/2485 4017/8483/2550 4016/6674/2705
f 5171/6676/2751 5168/9006/3012 5166/4395/2505
f 4020/6678/2711 4021/4336/2544 4023/4335/2510
f 4018/4893/2485 4021/8484/2544 4020/6680/2711
f 4026/6682/2731 4028/4925/2481 4030/4927/2496
f 4029/6684/2727 4027/4334/2490 4026/6685/2731
f 4036/6687/2734 4033/4535/2497 4034/6688/2717
f 4025/6690/2722 4028/8486/2481 4026/6691/2731
f 4034/6693/2717 4035/4162/2538 4037/4161/2537
f 4032/4894/2517 4035/9007/2538 4034/6695/2717
f 4044/4536/2498 4045/9008/3006 4041/6697/2702
f 4039/4892/2484 4040/8485/2499 4041/6698/2702
f 4041/6700/2702 4045/9009/3006 4043/4926/2482
f 4051/6702/2702 4048/9010/3007 4046/4566/2482
f 4047/4737/2500 4048/9011/3007 4051/6704/2702
f 4049/4052/2484 4052/8487/2499 4051/6705/2702
f 4058/6707/2724 4057/4486/2480 4054/4485/2537
f 4056/4054/2517 4057/9012/2480 4058/6709/2724
f 4053/6711/2759 4059/4736/2497 4058/6712/2724
f 4065/6714/2731 4064/4565/2481 4061/4567/2560
f 4063/6716/2722 4064/9013/2481 4065/6717/2731
f 4060/6719/2737 4066/4631/2567 4065/6720/2731
f 4067/6722/2710 4071/4484/2478 4072/6723/2729
f 4072/6725/2729 4073/4633/2544 4068/4632/2510
f 4070/4053/2485 4073/8488/2544 4072/6727/2729
f 4079/6729/2702 4076/9014/3007 4074/5186/2482
f 4075/4572/2540 4076/9015/3007 4079/6731/2702
f 4077/4490/2484 4080/8489/2489 4079/6732/2702
f 4086/6734/2724 4085/4636/2538 4082/4635/2547
f 4084/4492/2486 4085/9016/2538 4086/6736/2724
f 4081/6738/2734 4087/4571/2487 4086/6739/2724
f 4093/6741/2731 4092/5185/2481 4089/5187/2496
f 4091/6743/2722 4092/9017/2481 4093/6744/2731
f 4088/6746/2732 4094/4889/2490 4093/6747/2731
f 4095/6749/2710 4099/4634/2478 4100/6750/2754
f 4100/6752/2754 4101/4891/2492 4096/4890/2510
f 4098/4491/2485 4101/8490/2492 4100/6754/2754
f 4107/6756/2702 4104/9018/3007 4102/5261/2482
f 4103/4098/2500 4104/9019/3007 4107/6758/2702
f 4105/4784/2484 4108/8491/2489 4107/6759/2702
f 4114/6761/2724 4113/4258/2480 4110/4257/2479
f 4112/4786/2517 4113/9020/2480 4114/6763/2724
f 4109/6765/2734 4115/4097/2487 4114/6766/2724
f 4121/6768/2731 4120/5260/2481 4117/5262/2496
f 4119/6770/2722 4120/9021/2481 4121/6771/2731
f 4116/6773/2737 4122/4655/2490 4121/6774/2731
f 4123/6776/2710 4127/4256/2478 4128/6777/2741
f 4128/6779/2741 4129/4657/2492 4124/4656/2510
f 4126/4785/2485 4129/8492/2492 4128/6781/2741
f 4135/6783/2702 4132/9022/3007 4130/4428/2482
f 4131/4608/2540 4132/9023/3007 4135/6785/2702
f 4133/4337/2484 4136/8493/2489 4135/6786/2702
f 4142/6788/2724 4141/4474/2480 4138/4473/2479
f 4140/4339/2486 4141/9024/2480 4142/6790/2724
f 4137/6792/2739 4143/4607/2487 4142/6793/2724
f 4149/6795/2731 4148/4427/2481 4145/4429/2496
f 4147/6797/2722 4148/9025/2481 4149/6798/2731
f 4144/6800/2737 4150/4676/2490 4149/6801/2731
f 4151/6803/2710 4155/4472/2478 4156/6804/2741
f 4156/6806/2741 4157/4678/2492 4152/4677/2491
f 4154/4338/2485 4157/8494/2492 4156/6808/2741
f 4163/6810/2702 4160/9026/3007 4158/5111/2482
f 4159/4218/2488 4160/9027/3007 4163/6812/2702
f 4161/4139/2484 4164/8495/2489 4163/6813/2702
f 4170/6815/2724 4169/4855/2480 4166/4854/2479
f 4168/4141/2486 4169/9028/2480 4170/6817/2724
f 4165/6819/2739 4171/4217/2487 4170/6820/2724
f 4177/6822/2731 4176/5110/2481 4173/5112/2496
f 4175/6824/2722 4176/9029/2481 4177/6825/2731
f 4172/6827/2760 4178/4346/2490 4177/6828/2731
f 4179/6830/2710 4183/4853/2536 4184/6831/2741
f 4184/6833/2741 4185/4348/2492 4180/4347/2494
f 4182/4140/2485 4185/8496/2492 4184/6835/2741
f 4191/6837/2755 4188/9030/3007 4186/4500/2482
f 4187/4770/2578 4188/9031/3007 4191/6839/2755
f 4189/4382/2484 4192/8497/2489 4191/6840/2755
f 4198/6842/2724 4197/4570/2480 4194/4569/2479
f 4196/4384/2486 4197/9032/2480 4198/6844/2724
f 4193/6846/2739 4199/4769/2487 4198/6847/2724
f 4205/6849/2704 4204/4499/2481 4201/4501/2496
f 4203/6851/2722 4204/9033/2481 4205/6852/2704
f 4200/6854/2743 4206/4010/2493 4205/6855/2704
f 4207/6857/2710 4211/4568/2478 4212/6858/2741
f 4212/6860/2741 4213/4012/2495 4208/4011/2494
f 4210/4383/2485 4213/8498/2495 4212/6862/2741
f 4219/6864/2761 4216/9034/3007 4214/5156/2482
f 4215/4431/2515 4216/9035/3007 4219/6866/2761
f 4217/4673/2484 4220/8499/2516 4219/6867/2761
f 4226/6869/2724 4225/4615/2480 4222/4614/2479
f 4224/4675/2486 4225/9036/2480 4226/6871/2724
f 4221/6873/2739 4227/4430/2514 4226/6874/2724
f 4233/6876/2704 4232/5155/2481 4229/5157/2496
f 4231/6878/2722 4232/9037/2481 4233/6879/2704
f 4228/6881/2743 4234/4556/2493 4233/6882/2704
f 4235/6884/2710 4239/4613/2478 4240/6885/2741
f 4240/6887/2741 4241/4558/2535 4236/4557/2494
f 4238/4674/2485 4241/8500/2535 4240/6889/2741
f 4247/6891/2762 4244/9038/3011 4242/3999/2482
f 4243/4533/2515 4244/9039/3011 4247/6893/2762
f 4245/4250/2484 4248/8501/2516 4247/6894/2762
f 4254/6896/2694 4253/4840/2480 4250/4839/2479
f 4252/4252/2486 4253/9040/2480 4254/6898/2694
f 4249/6900/2748 4255/4532/2524 4254/6901/2694
f 4261/6903/2704 4260/3998/2481 4257/4000/2483
f 4259/6905/2722 4260/9041/2481 4261/6906/2704
f 4256/6908/2743 4262/4520/2493 4261/6909/2704
f 4263/6911/2710 4267/4838/2478 4268/6912/2744
f 4268/6914/2744 4269/4522/2535 4264/4521/2549
f 4266/4251/2485 4269/8502/2535 4268/6916/2744
f 4275/6918/2665 4272/9042/3013 4270/5067/2519
f 4271/4488/2515 4272/9043/3013 4275/6920/2665
f 4273/4301/2484 4276/8503/2516 4275/6921/2665
f 4282/6923/2694 4281/4291/2480 4278/4290/2479
f 4280/4303/2486 4281/9044/2480 4282/6925/2694
f 4277/6927/2748 4283/4487/2524 4282/6928/2694
f 4289/6930/2704 4288/5066/2481 4285/5068/2483
f 4287/6932/2722 4288/9045/2481 4289/6933/2704
f 4284/6935/2758 4290/4745/2555 4289/6936/2704
f 4291/6938/2710 4295/4289/2478 4296/6939/2705
f 4296/6941/2705 4297/4747/2550 4292/4746/2549
f 4294/4302/2485 4297/8504/2550 4296/6943/2705
f 4303/6945/2665 4300/9046/3013 4298/4071/2519
f 4299/4314/2515 4300/9047/3013 4303/6947/2665
f 4301/4712/2484 4304/8505/2516 4303/6948/2665
f 4310/6950/2694 4309/4015/2480 4306/4014/2479
f 4308/4714/2534 4309/9048/2480 4310/6952/2694
f 4305/6954/2748 4311/4313/2514 4310/6955/2694
f 4317/6957/2704 4316/4070/2481 4313/4072/2483
f 4315/6959/2722 4316/9049/2481 4317/6960/2704
f 4312/6962/2758 4318/4538/2555 4317/6963/2704
f 4319/6965/2710 4323/4013/2478 4324/6966/2705
f 4324/6968/2705 4325/4540/2572 4320/4539/2549
f 4322/4713/2533 4325/8506/2572 4324/6970/2705
f 5451/6972/2665 5448/9050/3013 5446/5376/2519
f 4328/6974/2715 4329/4207/2544 4331/4206/2510
f 4326/4665/2485 4329/8507/2544 4328/6976/2715
f 4335/6978/2731 4334/4820/2481 4338/4822/2496
f 4333/6980/2722 4334/8509/2481 4335/6981/2731
f 4337/6983/2737 4336/4205/2490 4335/6984/2731
f 4341/6986/2724 4343/4114/2480 4345/4113/2479
f 4344/6988/2759 4342/4724/2487 4341/6989/2724
f 4352/4725/2500 4353/9051/3007 4349/6991/2702
f 4340/4666/2486 4343/9052/2480 4341/6992/2724
f 4347/4664/2484 4348/8508/2499 4349/6994/2702
f 4349/6996/2702 4353/9053/3007 4351/4821/2482
f 4359/6998/2702 4356/9054/3007 4354/4689/2482
f 4355/4176/2540 4356/9055/3007 4359/7000/2702
f 4357/4916/2484 4360/8510/2489 4359/7001/2702
f 4366/7003/2724 4365/4858/2538 4362/4857/2479
f 4364/4918/2486 4365/9056/2538 4366/7005/2724
f 4361/7007/2759 4367/4175/2487 4366/7008/2724
f 4373/7010/2731 4372/4688/2481 4369/4690/2496
f 4371/7012/2722 4372/9057/2481 4373/7013/2731
f 4368/7015/2732 4374/4343/2490 4373/7016/2731
f 4375/7018/2710 4379/4856/2478 4380/7019/2754
f 4380/7021/2754 4381/4345/2492 4376/4344/2510
f 4378/4917/2485 4381/8511/2492 4380/7023/2754
f 4387/7025/2755 4384/9058/3007 4382/5270/2482
f 4383/4845/2540 4384/9059/3007 4387/7027/2755
f 4385/4868/2484 4388/8512/2489 4387/7028/2755
f 4394/7030/2724 4393/4555/2480 4390/4554/2479
f 4392/4870/2486 4393/9060/2480 4394/7032/2724
f 4389/7034/2759 4395/4844/2487 4394/7035/2724
f 4401/7037/2763 4400/5269/2481 4397/5271/2496
f 4399/7039/2722 4400/9061/2481 4401/7040/2763
f 4396/7042/2737 4402/4640/2493 4401/7043/2763
f 4403/7045/2710 4407/4553/2478 4408/7046/2754
f 4408/7048/2754 4409/4642/2492 4404/4641/2491
f 4406/4869/2485 4409/8513/2492 4408/7050/2754
f 4415/7052/2702 4412/9062/3007 4410/4881/2482
f 4411/4005/2488 4412/9063/3007 4415/7054/2702
f 4413/4610/2484 4416/8514/2489 4415/7055/2702
f 4422/7057/2764 4421/4513/2538 4418/4512/2479
f 4420/4612/2486 4421/9064/2538 4422/7059/2764
f 4417/7061/2765 4423/4004/2487 4422/7062/2764
f 4429/7064/2731 4428/4880/2481 4425/4882/2496
f 4427/7066/2722 4428/9065/2481 4429/7067/2731
f 4424/7069/2737 4430/4136/2490 4429/7070/2731
f 4431/7072/2710 4435/4511/2478 4436/7073/2741
f 4436/7075/2741 4437/4138/2492 4432/4137/2510
f 4434/4611/2485 4437/8515/2492 4436/7077/2741
f 4443/7079/2702 4440/9066/3007 4438/4818/2482
f 4439/4503/2540 4440/9067/3007 4443/7081/2702
f 4441/4445/2484 4444/8516/2489 4443/7082/2702
f 4450/7084/2724 4449/4603/2480 4446/4602/2479
f 4448/4447/2486 4449/9068/2480 4450/7086/2724
f 4445/7088/2765 4451/4502/2487 4450/7089/2724
f 4457/7091/2731 4456/4817/2481 4453/4819/2496
f 4455/7093/2722 4456/9069/2481 4457/7094/2731
f 4452/7096/2760 4458/4007/2490 4457/7097/2731
f 4459/7099/2710 4463/4601/2478 4464/7100/2741
f 4464/7102/2741 4465/4009/2492 4460/4008/2491
f 4462/4446/2485 4465/8517/2492 4464/7104/2741
f 4471/7106/2762 4468/9070/3007 4466/4782/2482
f 4467/4260/2551 4468/9071/3007 4471/7108/2762
f 4469/4715/2484 4472/8518/2516 4471/7109/2762
f 4478/7111/2724 4477/4813/2480 4474/4812/2537
f 4476/4717/2486 4477/9072/2480 4478/7113/2724
f 4473/7115/2765 4479/4259/2514 4478/7116/2724
f 4485/7118/2704 4484/4781/2481 4481/4783/2496
f 4483/7120/2722 4484/9073/2481 4485/7121/2704
f 4480/7123/2743 4486/4850/2493 4485/7124/2704
f 4487/7126/2710 4491/4811/2478 4492/7127/2744
f 4492/7129/2744 4493/4852/2535 4488/4851/2494
f 4490/4716/2485 4493/8519/2535 4492/7131/2744
f 4499/7133/2755 4496/9074/3011 4494/4164/2482
f 4495/4548/2551 4496/9075/3011 4499/7135/2755
f 4497/4064/2484 4500/8520/2516 4499/7136/2755
f 4506/7138/2745 4505/4234/2480 4502/4233/2479
f 4504/4066/2486 4505/9076/2480 4506/7140/2745
f 4501/7142/2765 4507/4547/2514 4506/7143/2745
f 4513/7145/2704 4512/4163/2481 4509/4165/2496
f 4511/7147/2722 4512/9077/2481 4513/7148/2704
f 4508/7150/2743 4514/4775/2493 4513/7151/2704
f 4515/7153/2766 4519/4232/2478 4520/7154/2741
f 4520/7156/2741 4521/4777/2535 4516/4776/2494
f 4518/4065/2485 4521/8521/2535 4520/7158/2741
f 4527/7160/2665 4524/9078/3007 4522/4197/2482
f 4523/4866/2515 4524/9079/3007 4527/7162/2665
f 4525/4823/2484 4528/8522/2516 4527/7163/2665
f 4534/7165/2694 4533/4366/2480 4530/4365/2479
f 4532/4825/2486 4533/9080/2480 4534/7167/2694
f 4529/7169/2739 4535/4865/2514 4534/7170/2694
f 4541/7172/2704 4540/4196/2481 4537/4198/2496
f 4539/7174/2722 4540/9081/2481 4541/7175/2704
f 4536/7177/2743 4542/4799/2493 4541/7178/2704
f 4543/7180/2710 4547/4364/2478 4548/7181/2744
f 4548/7183/2744 4549/4801/2535 4544/4800/2549
f 4546/4824/2485 4549/8523/2535 4548/7185/2744
f 4555/7187/2665 4552/9082/3011 4550/4836/2482
f 4551/4308/2551 4552/9083/3011 4555/7189/2665
f 4553/4349/2484 4556/8524/2516 4555/7190/2665
f 4562/7192/2694 4561/4375/2480 4558/4374/2479
f 4560/4351/2486 4561/9084/2480 4562/7194/2694
f 4557/7196/2748 4563/4307/2514 4562/7197/2694
f 4569/7199/2704 4568/4835/2481 4565/4837/2483
f 4567/7201/2722 4568/9085/2481 4569/7202/2704
f 4564/7204/2758 4570/4439/2555 4569/7205/2704
f 4571/7207/2710 4575/4373/2478 4576/7208/2705
f 4576/7210/2705 4577/4441/2535 4572/4440/2549
f 4574/4350/2485 4577/8525/2535 4576/7212/2705
f 4583/7214/2762 4580/9086/3011 4578/4788/2482
f 4579/4437/2525 4580/9087/3011 4583/7216/2762
f 4581/4280/2484 4584/8526/2516 4583/7217/2762
f 4590/7219/2694 4589/4408/2480 4586/4407/2479
f 4588/4282/2534 4589/9088/2480 4590/7221/2694
f 4585/7223/2748 4591/4436/2524 4590/7224/2694
f 4597/7226/2704 4596/4787/2481 4593/4789/2496
f 4595/7228/2722 4596/9089/2481 4597/7229/2704
f 4592/7231/2758 4598/4298/2555 4597/7232/2704
f 4599/7234/2710 4603/4406/2478 4604/7235/2705
f 4604/7237/2705 4605/4300/2535 4600/4299/2549
f 4602/4281/2485 4605/8527/2535 4604/7239/2705
f 5255/7241/2751 5252/9090/3012 5250/5141/2505
f 4607/7243/2767 4608/9091/3003 4611/7244/2663
f 4609/4964/2582 4612/8528/2609 4611/7246/2663
f 4618/7248/2768 4617/4951/2592 4614/4950/2591
f 4616/4966/2584 4617/9092/2592 4618/7250/2768
f 4613/7252/2770 4619/7702/2607 4618/7253/2768
f 4625/7255/2771 4624/4991/2511 4621/4993/2530
f 4623/7257/2773 4624/9093/2511 4625/7258/2771
f 4620/7260/2774 4626/4574/2573 4625/7261/2771
f 4627/7263/2775 4631/4949/2590 4632/7264/2776
f 4632/7266/2776 4633/4576/2575 4628/4575/2574
f 4630/4965/2603 4633/8529/2575 4632/7268/2776
f 4639/7270/2663 4636/9094/3003 4634/4227/2512
f 4635/4983/2608 4636/9095/3003 4639/7272/2663
f 4637/5024/2582 4640/8530/2609 4639/7273/2663
f 4646/7275/2778 4645/5148/2592 4642/5147/2591
f 4644/5026/2584 4645/9096/2592 4646/7277/2778
f 4641/7279/2779 4647/4982/2607 4646/7280/2778
f 4653/7282/2771 4652/4226/2511 4649/4228/2513
f 4651/7284/2773 4652/9097/2511 4653/7285/2771
f 4648/7287/2781 4654/5003/2573 4653/7288/2771
f 4655/7290/2775 4659/5146/2590 4660/7291/2782
f 4660/7293/2782 4661/5005/2615 4656/5004/2574
f 4658/5025/2583 4661/8531/2615 4660/7295/2782
f 4667/7297/2663 4664/9098/3003 4662/4623/2512
f 4663/5162/2608 4664/9099/3003 4667/7299/2663
f 4665/4910/2582 4668/8532/2617 4667/7300/2663
f 4674/7302/2778 4673/5121/2592 4670/5120/2591
f 4672/4912/2584 4673/9100/2592 4674/7304/2778
f 4669/7306/2779 4675/5161/2616 4674/7307/2778
f 4681/7309/2771 4680/4622/2511 4677/4624/2530
f 4679/7311/2773 4680/9101/2511 4681/7312/2771
f 4676/7314/2783 4682/5167/2573 4681/7315/2771
f 4683/7317/2775 4687/5119/2590 4688/7318/2782
f 4688/7320/2782 4689/5169/2575 4684/5168/2574
f 4686/4911/2583 4689/8533/2575 4688/7322/2782
f 4695/7324/2663 4692/9102/3003 4690/4884/2512
f 4691/5180/2608 4692/9103/3003 4695/7326/2663
f 4693/5173/2582 4696/8534/2609 4695/7327/2663
f 4702/7329/2778 4701/5017/2592 4698/5016/2591
f 4700/5175/2584 4701/9104/2592 4702/7331/2778
f 4697/7333/2779 4703/5179/2616 4702/7334/2778
f 4709/7336/2785 4708/4883/2511 4705/4885/2530
f 4707/7338/2773 4708/9105/2511 4709/7339/2785
f 4704/7341/2783 4710/5018/2618 4709/7342/2785
f 4711/7344/2775 4715/5015/2590 4716/7345/2786
f 4716/7347/2786 4717/5020/2575 4712/5019/2619
f 4714/5174/2583 4717/8535/2575 4716/7349/2786
f 4723/7351/2663 4720/9106/3014 4718/4377/2512
f 4719/5117/2588 4720/9107/3014 4723/7353/2663
f 4721/4931/2582 4724/8536/2617 4723/7354/2663
f 4730/7356/2778 4729/5166/2592 4726/5165/2591
f 4728/4933/2584 4729/9108/2592 4730/7358/2778
f 4725/7360/2779 4731/5116/2616 4730/7361/2778
f 4737/7363/2785 4736/4376/2556 4733/4378/2530
f 4735/7365/2787 4736/9109/2556 4737/7366/2785
f 4732/7368/2781 4738/5092/2630 4737/7369/2785
f 4739/7371/2775 4743/5164/2610 4744/7372/2782
f 4744/7374/2782 4745/5094/2602 4740/5093/2619
f 4742/4932/2583 4745/8537/2602 4744/7376/2782
f 4751/7378/2663 4748/9110/3015 4746/5082/2512
f 4747/5013/2588 4748/9111/3015 4751/7380/2663
f 4749/5113/2582 4752/8538/2617 4751/7381/2663
f 4758/7383/2778 4757/5041/2592 4754/5040/2591
f 4756/5115/2584 4757/9112/2592 4758/7385/2778
f 4753/7387/2790 4759/5012/2616 4758/7388/2778
f 4765/7390/2785 4764/5081/2511 4761/5083/2530
f 4763/7392/2773 4764/9113/2511 4765/7393/2785
f 4760/7395/2792 4766/5137/2630 4765/7396/2785
f 4767/7398/2775 4771/5039/2610 4772/7399/2782
f 4772/7401/2782 4773/5139/2602 4768/5138/2601
f 4770/5114/2596 4773/8539/2602 4772/7403/2782
f 4779/7405/2663 4776/9114/3015 4774/4125/2529
f 4775/4935/2588 4776/9115/3015 4779/7407/2663
f 4777/5009/2582 4780/8540/2589 4779/7408/2663
f 4786/7410/2778 4785/4969/2592 4782/4968/2591
f 4784/5011/2584 4785/9116/2592 4786/7412/2778
f 4781/7414/2790 4787/4934/2587 4786/7415/2778
f 4793/7417/2785 4792/4124/2511 4789/4126/2530
f 4791/7419/2787 4792/9117/2511 4793/7420/2785
f 4788/7422/2792 4794/4955/2593 4793/7423/2785
f 4795/7425/2775 4799/4967/2590 4800/7426/2782
f 4800/7428/2782 4801/4957/2602 4796/4956/2601
f 4798/5010/2596 4801/8541/2602 4800/7430/2782
f 4807/7432/2663 4804/9118/3015 4802/5037/2529
f 4803/5061/2588 4804/9119/3015 4807/7434/2663
f 4805/5069/2582 4808/8542/2617 4807/7435/2663
f 4814/7437/2793 4813/4939/2592 4810/4938/2591
f 4812/5071/2584 4813/9120/2592 4814/7439/2793
f 4809/7441/2790 4815/5060/2587 4814/7442/2793
f 4821/7444/2794 4820/5036/2556 4817/5038/2530
f 4819/7446/2787 4820/9121/2556 4821/7447/2794
f 4816/7449/2792 4822/4973/2593 4821/7450/2794
f 4823/7452/2775 4827/4937/2590 4828/7453/2796
f 4828/7455/2796 4829/4975/2602 4824/4974/2601
f 4826/5070/2583 4829/8543/2602 4828/7457/2796
f 4835/7459/2798 4832/9122/3015 4830/4680/2529
f 4831/5031/2621 4832/9123/3015 4835/7461/2798
f 4833/4979/2582 4836/8544/2589 4835/7462/2798
f 4842/7464/2793 4841/5002/2592 4838/5001/2591
f 4840/4981/2597 4841/9124/2592 4842/7466/2793
f 4837/7468/2800 4843/5030/2620 4842/7469/2793
f 4849/7471/2785 4848/4679/2556 4845/4681/2557
f 4847/7473/2787 4848/9125/2556 4849/7474/2785
f 4844/7476/2802 4850/5078/2593 4849/7477/2785
f 4851/7479/2775 4855/5000/2590 4856/7480/2803
f 4856/7482/2803 4857/5080/2595 4852/5079/2627
f 4854/4980/2596 4857/8545/2595 4856/7484/2803
f 4863/7486/2798 4860/9126/3016 4858/5240/2529
f 4859/5076/2621 4860/9127/3016 4863/7488/2798
f 4861/5054/2582 4864/8546/2589 4863/7489/2798
f 4870/7491/2793 4869/5106/2592 4866/5105/2591
f 4868/5056/2597 4869/9128/2592 4870/7493/2793
f 4865/7495/2800 4871/5075/2620 4870/7496/2793
f 4877/7498/2805 4876/5239/2556 4873/5241/2557
f 4875/7500/2787 4876/9129/2556 4877/7501/2805
f 4872/7503/2802 4878/5033/2593 4877/7504/2805
f 4879/7506/2775 4883/5104/2590 4884/7507/2806
f 4884/7509/2806 4885/5035/2595 4880/5034/2594
f 4882/5055/2596 4885/8547/2595 4884/7511/2806
f 4891/7513/2798 4888/9130/3015 4886/5007/2529
f 4887/5135/2638 4888/9131/3015 4891/7515/2798
f 4889/4946/2582 4892/8548/2623 4891/7516/2798
f 4898/7518/2793 4897/5029/2592 4894/5028/2591
f 4896/4948/2597 4897/9132/2592 4898/7520/2793
f 4893/7522/2807 4899/5134/2620 4898/7523/2793
f 4905/7525/2805 4904/5006/2556 4901/5008/2557
f 4903/7527/2787 4904/9133/2556 4905/7528/2805
f 4900/7530/2808 4906/4940/2593 4905/7531/2805
f 4907/7533/2775 4911/5027/2610 4912/7534/2809
f 4912/7536/2809 4913/4942/2595 4908/4941/2594
f 4910/4947/2596 4913/8549/2595 4912/7538/2809
f 4919/7540/2798 4916/9134/3017 4914/4278/2529
f 4915/5046/2622 4916/9135/3017 4919/7542/2798
f 4917/5158/2582 4920/8550/2623 4919/7543/2798
f 4926/7545/2810 4925/5133/2592 4922/5132/2591
f 4924/5160/2597 4925/9136/2592 4926/7547/2810
f 4921/7549/2807 4927/5045/2620 4926/7550/2810
f 4933/7552/2811 4932/4277/2556 4929/4279/2557
f 4931/7554/2812 4932/9137/2556 4933/7555/2811
f 4928/7557/2808 4934/5063/2604 4933/7558/2811
f 4935/7560/2775 4939/5131/2610 4940/7561/2809
f 4940/7563/2809 4941/5065/2595 4936/5064/2605
f 4938/5159/2596 4941/8551/2595 4940/7565/2809
f 4947/7567/2663 4944/9138/3003 4942/4047/2512
f 4943/4998/2614 4944/9139/3003 4947/7569/2663
f 4945/5128/2637 4948/8552/2609 4947/7570/2663
f 4954/7572/2778 4953/5074/2592 4950/5073/2591
f 4952/5130/2584 4953/9140/2592 4954/7574/2778
f 4949/7576/2770 4955/4997/2607 4954/7577/2778
f 4961/7579/2771 4960/4046/2511 4957/4048/2513
f 4959/7581/2773 4960/9141/2511 4961/7582/2771
f 4956/7584/2815 4962/5048/2624 4961/7585/2771
f 4963/7587/2775 4967/5072/2590 4968/7588/2782
f 4968/7590/2782 4969/5050/2626 4964/5049/2625
f 4966/5129/2603 4969/8553/2626 4968/7592/2782
f 4975/7594/2816 4972/9142/3017 4970/5052/2529
f 4971/5177/2622 4972/9143/3017 4975/7596/2816
f 4973/5143/2582 4976/8554/2623 4975/7597/2816
f 4982/7599/2810 4981/5059/2592 4978/5058/2591
f 4980/5145/2597 4981/9144/2592 4982/7601/2810
f 4977/7603/2817 4983/5176/2643 4982/7604/2810
f 4989/7606/2805 4988/5051/2556 4985/5053/2557
f 4987/7608/2812 4988/9145/2556 4989/7609/2805
f 4984/7611/2818 4990/4970/2604 4989/7612/2805
f 4991/7614/2775 4995/5057/2610 4996/7615/2809
f 4996/7617/2809 4997/4972/2606 4992/4971/2605
f 4994/5144/2596 4997/8555/2606 4996/7619/2809
f 5003/7621/2816 5000/9146/3017 4998/4977/2529
f 4999/5150/2622 5000/9147/3017 5003/7623/2816
f 5001/5098/2582 5004/8556/2623 5003/7624/2816
f 5010/7626/2810 5009/4987/2592 5006/4986/2591
f 5008/5100/2597 5009/9148/2592 5010/7628/2810
f 5005/7630/2817 5011/5149/2639 5010/7631/2810
f 5017/7633/2820 5016/4976/2556 5013/4978/2557
f 5015/7635/2812 5016/9149/2556 5017/7636/2820
f 5012/7638/2822 5018/5122/2604 5017/7639/2820
f 5019/7641/2775 5023/4985/2610 5024/7642/2809
f 5024/7644/2809 5025/5124/2606 5020/5123/2636
f 5022/5099/2596 5025/8557/2606 5024/7646/2809
f 5031/7648/2816 5028/9150/3017 5026/4650/2529
f 5027/4953/2599 5028/9151/3017 5031/7650/2816
f 5029/4994/2582 5032/8558/2600 5031/7651/2816
f 5038/7653/2824 5037/5044/2592 5034/5043/2591
f 5036/4996/2597 5037/9152/2592 5038/7655/2824
f 5033/7657/2825 5039/4952/2598 5038/7658/2824
f 5045/7660/2826 5044/4649/2556 5041/4651/2557
f 5043/7662/2812 5044/9153/2556 5045/7663/2826
f 5040/7665/2828 5046/4988/2611 5045/7666/2826
f 5047/7668/2775 5051/5042/2610 5052/7669/2829
f 5052/7671/2829 5053/4990/2606 5048/4989/2612
f 5050/4995/2613 5053/8559/2606 5052/7673/2829
f 5059/7675/2831 5056/9154/3018 5054/4959/2529
f 5055/5102/2632 5056/9155/3018 5059/7677/2831
f 5057/5084/2582 5060/8560/2600 5059/7678/2831
f 5066/7680/2824 5065/5089/2592 5062/5088/2591
f 5064/5086/2597 5065/9156/2592 5066/7682/2824
f 5061/7684/2833 5067/5101/2631 5066/7685/2824
f 5073/7687/2826 5072/4958/2556 5069/4960/2557
f 5071/7689/2835 5072/9157/2556 5073/7690/2826
f 5068/7692/2836 5074/5107/2633 5073/7693/2826
f 5075/7695/2775 5079/5087/2610 5080/7696/2837
f 5080/7698/2837 5081/5109/2635 5076/5108/2634
f 5078/5085/2613 5081/8561/2635 5080/7700/2837
f 4619/7702/2607 4613/7252/2770 4607/7243/2767
f 5083/4368/2563 5084/9158/3012 5087/7703/2751
f 5085/5182/2644 5088/8562/2564 5087/7704/2751
f 5094/7706/2839 5093/5250/2659 5090/5249/2648
f 5092/5184/2645 5093/9159/2659 5094/7708/2839
f 5089/7710/2841 5095/4367/2562 5094/7711/2839
f 5101/7713/2842 5100/5125/2504 5097/5127/2506
f 5099/7715/2844 5100/9160/2504 5101/7716/2842
f 5096/7718/2845 5102/5152/2640 5101/7719/2842
f 5103/7721/2846 5107/5248/2647 5108/7722/2847
f 5108/7724/2847 5109/5154/2642 5104/5153/2641
f 5106/5183/2580 5109/8563/2642 5108/7726/2847
f 5115/7728/2751 5112/9161/3012 5110/5231/2505
f 5111/5303/2563 5112/9162/3012 5115/7730/2751
f 5113/5281/2579 5116/8564/2564 5115/7731/2751
f 5122/7733/2839 5121/5286/2649 5118/5285/2661
f 5120/5283/2645 5121/9163/2649 5122/7735/2839
f 5117/7737/2841 5123/5302/2562 5122/7738/2839
f 5129/7740/2842 5128/5230/2504 5125/5232/2506
f 5127/7742/2844 5128/9164/2504 5129/7743/2842
f 5124/7745/2849 5130/5257/2651 5129/7746/2842
f 5131/7748/2846 5135/5284/2647 5136/7749/2850
f 5136/7751/2850 5137/5259/2656 5132/5258/2641
f 5134/5282/2580 5137/8565/2656 5136/7753/2850
f 5143/7755/2751 5140/9165/3012 5138/5255/2660
f 5139/5195/2563 5140/9166/3012 5143/7757/2751
f 5141/5227/2644 5144/8566/2650 5143/7758/2751
f 5150/7760/2839 5149/5217/2649 5146/5216/2648
f 5148/5229/2645 5149/9167/2649 5150/7762/2839
f 5145/7764/2841 5151/5194/2562 5150/7765/2839
f 5157/7767/2842 5156/5254/2504 5153/5256/2506
f 5155/7769/2844 5156/9168/2504 5157/7770/2842
f 5152/7772/2849 5158/5263/2651 5157/7773/2842
f 5159/7775/2846 5163/5215/2647 5164/7776/2850
f 5164/7778/2850 5165/5265/2656 5160/5264/2655
f 5162/5228/2580 5165/8567/2656 5164/7780/2850
f 5395/7782/2665 5392/9169/3013 5390/5345/2531
f 5167/4386/2566 5168/9170/3012 5171/7784/2751
f 5169/5278/2579 5172/8568/2564 5171/7785/2751
f 5178/7787/2839 5177/5310/2659 5174/5309/2648
f 5176/5280/2645 5177/9171/2659 5178/7789/2839
f 5173/7791/2841 5179/4385/2562 5178/7792/2839
f 5185/7794/2842 5184/4394/2504 5181/4396/2506
f 5183/7796/2844 5184/9172/2504 5185/7797/2842
f 5180/7799/2845 5186/5314/2640 5185/7800/2842
f 5187/7802/2846 5191/5308/2647 5192/7803/2850
f 5192/7805/2850 5193/5316/2642 5188/5315/2655
f 5190/5279/2580 5193/8569/2642 5192/7807/2850
f 5199/7809/2751 5196/9173/3012 5194/5324/2505
f 5195/5210/2553 5196/9174/3012 5199/7811/2751
f 5197/5224/2644 5200/8570/2564 5199/7812/2751
f 5206/7814/2839 5205/5319/2649 5202/5318/2648
f 5204/5226/2645 5205/9175/2649 5206/7816/2839
f 5201/7818/2841 5207/5209/2562 5206/7819/2839
f 5213/7821/2842 5212/5323/2504 5209/5325/2506
f 5211/7823/2844 5212/9176/2504 5213/7824/2842
f 5208/7826/2854 5214/5296/2651 5213/7827/2842
f 5215/7829/2846 5219/5317/2647 5220/7830/2850
f 5220/7832/2850 5221/5298/2642 5216/5297/2655
f 5218/5225/2580 5221/8571/2642 5220/7834/2850
f 5227/7836/2751 5224/9177/3012 5222/4134/2505
f 5223/5213/2553 5224/9178/3012 5227/7838/2751
f 5225/5200/2579 5228/8572/2653 5227/7839/2751
f 5234/7841/2839 5233/5253/2649 5230/5252/2648
f 5232/5202/2645 5233/9179/2649 5234/7843/2839
f 5229/7845/2856 5235/5212/2562 5234/7846/2839
f 5241/7848/2857 5240/4133/2504 5237/4135/2506
f 5239/7850/2844 5240/9180/2504 5241/7851/2857
f 5236/7853/2858 5242/5221/2651 5241/7854/2857
f 5243/7856/2859 5247/5251/2647 5248/7857/2850
f 5248/7859/2850 5249/5223/2656 5244/5222/2655
f 5246/5201/2580 5249/8573/2656 5248/7861/2850
f 5367/7863/2860 5364/9181/3006 5362/5333/2482
f 5251/4269/2553 5252/9182/3012 5255/7865/2751
f 5253/5320/2644 5256/8574/2554 5255/7866/2751
f 5262/7868/2861 5261/5313/2649 5258/5312/2648
f 5260/5322/2581 5261/9183/2649 5262/7870/2861
f 5257/7872/2863 5263/4268/2552 5262/7873/2861
f 5269/7875/2857 5268/5140/2504 5265/5142/2506
f 5267/7877/2844 5268/9184/2504 5269/7878/2857
f 5264/7880/2864 5270/5233/2651 5269/7881/2857
f 5271/7883/2859 5275/5311/2647 5276/7884/2865
f 5276/7886/2865 5277/5235/2642 5272/5234/2655
f 5274/5321/2580 5277/8575/2642 5276/7888/2865
f 5283/7890/2751 5280/9185/3012 5278/4362/2505
f 5279/5291/2553 5280/9186/3012 5283/7892/2751
f 5281/5266/2579 5284/8576/2554 5283/7893/2751
f 5290/7895/2861 5289/5295/2649 5286/5294/2648
f 5288/5268/2645 5289/9187/2649 5290/7897/2861
f 5285/7899/2863 5291/5290/2552 5290/7900/2861
f 5297/7902/2857 5296/4361/2504 5293/4363/2506
f 5295/7904/2844 5296/9188/2504 5297/7905/2857
f 5292/7907/2864 5298/5197/2651 5297/7908/2857
f 5299/7910/2859 5303/5293/2647 5304/7911/2865
f 5304/7913/2865 5305/5199/2642 5300/5198/2652
f 5302/5267/2580 5305/8577/2642 5304/7915/2865
f 5311/7917/2751 5308/9189/3019 5306/4671/2505
f 5307/5189/2553 5308/9190/3019 5311/7919/2751
f 5309/4847/2579 5312/8578/2554 5311/7920/2751
f 5318/7922/2861 5317/5193/2649 5314/5192/2648
f 5316/4849/2581 5317/9191/2649 5318/7924/2861
f 5313/7926/2863 5319/5188/2646 5318/7927/2861
f 5325/7929/2842 5324/4670/2504 5321/4672/2506
f 5323/7931/2844 5324/9192/2504 5325/7932/2842
f 5320/7934/2864 5326/5218/2651 5325/7935/2842
f 5327/7937/2846 5331/5191/2647 5332/7938/2850
f 5332/7940/2850 5333/5220/2642 5328/5219/2654
f 5330/4848/2580 5333/8579/2642 5332/7942/2850
f 5339/7944/2751 5336/9193/3012 5334/4035/2505
f 5335/4914/2553 5336/9194/3012 5339/7946/2751
f 5337/5299/2579 5340/8580/2554 5339/7947/2751
f 5346/7949/2861 5345/5238/2649 5342/5237/2648
f 5344/5301/2581 5345/9195/2649 5346/7951/2861
f 5341/7953/2863 5347/4913/2585 5346/7954/2861
f 5353/7956/2857 5352/4034/2504 5349/4036/2506
f 5351/7958/2844 5352/9196/2504 5353/7959/2857
f 5348/7961/2864 5354/5242/2651 5353/7962/2857
f 5355/7964/2846 5359/5236/2647 5360/7965/2865
f 5360/7967/2865 5361/5244/2657 5356/5243/2654
f 5358/5300/2580 5361/8581/2657 5360/7969/2865
f 5479/7971/2665 5476/9197/3013 5474/5400/2531
f 5363/5276/2498 5364/9198/3006 5367/7973/2860
f 5365/5329/2484 5368/8582/2499 5367/7974/2860
f 5374/7976/2717 5373/5340/2538 5370/5339/2479
f 5372/5331/2517 5373/9199/2538 5374/7978/2717
f 5369/7980/2719 5375/5275/2497 5374/7981/2717
f 5381/7983/2731 5380/5332/2481 5377/5334/2570
f 5379/7985/2722 5380/9200/2481 5381/7986/2731
f 5376/7988/2732 5382/5245/2567 5381/7989/2731
f 5383/7991/2710 5387/5338/2536 5388/7992/2753
f 5388/7994/2753 5389/5247/2544 5384/5246/2658
f 5386/5330/2485 5389/8583/2544 5388/7996/2753
f 5423/7998/2665 5420/9201/3013 5418/5359/2519
f 5391/5327/2515 5392/9202/3013 5395/8000/2665
f 5393/5352/2484 5396/8584/2516 5395/8001/2665
f 5402/8003/2694 5401/5357/2480 5398/5356/2479
f 5400/5354/2486 5401/9203/2480 5402/8005/2694
f 5397/8007/2757 5403/5326/2524 5402/8008/2694
f 5409/8010/2704 5408/5344/2481 5405/5346/2483
f 5407/8012/2722 5408/9204/2481 5409/8013/2704
f 5404/8015/2867 5410/5335/2548 5409/8016/2704
f 5411/8018/2766 5415/5355/2478 5416/8019/2705
f 5416/8021/2705 5417/5337/2572 5412/5336/2662
f 5414/5353/2485 5417/8585/2572 5416/8023/2705
f 2883/8025/2541 2877/5569/2686 2871/5560/2508
f 5419/5342/2525 5420/9205/3013 5423/8026/2665
f 5421/5366/2484 5424/8586/2543 5423/8027/2665
f 5430/8029/2694 5429/5363/2480 5426/5362/2479
f 5428/5368/2486 5429/9206/2480 5430/8031/2694
f 5425/8033/2757 5431/5341/2524 5430/8034/2694
f 5437/8036/2704 5436/5358/2481 5433/5360/2483
f 5435/8038/2722 5436/9207/2481 5437/8039/2704
f 5432/8041/2867 5438/5349/2548 5437/8042/2704
f 5439/8044/2710 5443/5361/2478 5444/8045/2705
f 5444/8047/2705 5445/5351/2572 5440/5350/2662
f 5442/5367/2533 5445/8587/2572 5444/8049/2705
f 2995/8051/2541 2989/5680/2686 2983/5671/2508
f 5447/4095/2525 5448/9208/3013 5451/8052/2665
f 5449/5381/2484 5452/8588/2516 5451/8053/2665
f 5458/8055/2694 5457/5374/2480 5454/5373/2479
f 5456/5383/2486 5457/9209/2480 5458/8057/2694
f 5453/8059/2757 5459/4094/2524 5458/8060/2694
f 5465/8062/2704 5464/5375/2481 5461/5377/2483
f 5463/8064/2722 5464/9210/2481 5465/8065/2704
f 5460/8067/2867 5466/5369/2548 5465/8068/2704
f 5467/8070/2710 5471/5372/2478 5472/8071/2705
f 5472/8073/2705 5473/5371/2572 5468/5370/2576
f 5470/5382/2533 5473/8589/2572 5472/8075/2705
f 5506/8077/2710 5503/5402/2478 5504/8078/2753
f 5475/5273/2525 5476/9211/3013 5479/8080/2665
f 5477/5390/2484 5480/8590/2543 5479/8081/2665
f 5486/8083/2694 5485/5395/2480 5482/5394/2479
f 5484/5392/2534 5485/9212/2480 5486/8085/2694
f 5481/8087/2757 5487/5272/2541 5486/8088/2694
f 5493/8090/2704 5492/5399/2481 5489/5401/2483
f 5491/8092/2722 5492/9213/2481 5493/8093/2704
f 5488/8095/2870 5494/5384/2548 5493/8096/2704
f 5495/8098/2766 5499/5393/2478 5500/8099/2705
f 5500/8101/2705 5501/5386/2572 5496/5385/2666
f 5498/5391/2533 5501/8591/2572 5500/8103/2705
f 5534/8105/2710 5531/5416/2478 5532/8106/2715
f 5504/8108/2753 5505/5380/2544 5507/5379/2568
f 5502/5411/2485 5505/8592/2544 5504/8110/2753
f 5510/8112/2726 5512/5413/2481 5514/5415/2496
f 5513/8114/2732 5511/5378/2567 5510/8115/2726
f 5520/8117/2872 5517/5396/2497 5518/8118/2724
f 5509/8120/2722 5512/8594/2481 5510/8121/2726
f 5518/8123/2724 5519/5404/2538 5521/5403/2479
f 5516/5412/2486 5519/9214/2538 5518/8125/2724
f 5528/5397/2498 5529/9215/3010 5525/8127/2702
f 5523/5410/2484 5524/8593/2499 5525/8128/2702
f 5525/8130/2702 5529/9216/3010 5527/5414/2482
f 3107/8132/2507 3101/5790/2697 3095/5781/2508
f 5532/8133/2715 5533/5389/2544 5535/5388/2510
f 5530/5426/2485 5533/8595/2544 5532/8135/2715
f 5539/8137/2731 5538/5405/2481 5542/5407/2560
f 5537/8139/2722 5538/8597/2481 5539/8140/2731
f 5541/8142/2732 5540/5387/2567 5539/8143/2731
f 5545/8145/2724 5547/5418/2538 5549/5417/2537
f 5548/8147/2759 5546/5428/2497 5545/8148/2724
f 5556/5429/2500 5557/9217/3006 5553/8150/2755
f 5544/5427/2486 5547/9218/2538 5545/8151/2724
f 5551/5425/2484 5552/8596/2499 5553/8153/2755
f 5553/8155/2755 5557/9219/3006 5555/5406/2559
f 5563/8157/2702 5560/9220/3006 5558/5435/2482
f 5559/5420/2500 5560/9221/3006 5563/8159/2702
f 5561/5431/2484 5564/8598/2499 5563/8160/2702
f 5570/8162/2724 5569/5442/2538 5566/5441/2479
f 5568/5433/2517 5569/9222/2538 5570/8164/2724
f 5565/8166/2759 5571/5419/2497 5570/8167/2724
f 5577/8169/2726 5576/5434/2481 5573/5436/2570
f 5575/8171/2722 5576/9223/2481 5577/8172/2726
f 5572/8174/2737 5578/5422/2567 5577/8175/2726
f 5579/8177/2710 5583/5440/2536 5584/8178/2729
f 5584/8180/2729 5585/5424/2492 5580/5423/2510
f 5582/5432/2485 5585/8599/2492 5584/8182/2729
f 5591/8184/2755 5588/9224/3006 5586/5450/2559
f 5587/5444/2500 5588/9225/3006 5591/8186/2755
f 5589/5446/2484 5592/8600/2489 5591/8187/2755
f 5598/8189/2724 5597/5457/2538 5594/5456/2479
f 5596/5448/2486 5597/9226/2538 5598/8191/2724
f 5593/8193/2759 5599/5443/2487 5598/8194/2724
f 5605/8196/2731 5604/5449/2481 5601/5451/2570
f 5603/8198/2722 5604/9227/2481 5605/8199/2731
f 5600/8201/2737 5606/5437/2490 5605/8202/2731
f 5607/8204/2710 5611/5455/2478 5612/8205/2754
f 5612/8207/2754 5613/5439/2492 5608/5438/2568
f 5610/5447/2485 5613/8601/2492 5612/8209/2754
f 5619/8211/2755 5616/9228/3007 5614/5465/2482
f 5615/5459/2540 5616/9229/3007 5619/8213/2755
f 5617/5461/2484 5620/8602/2489 5619/8214/2755
f 5626/8216/2724 5625/5472/2480 5622/5471/2479
f 5624/5463/2486 5625/9230/2480 5626/8218/2724
f 5621/8220/2759 5627/5458/2487 5626/8221/2724
f 5633/8223/2731 5632/5464/2481 5629/5466/2496
f 5631/8225/2722 5632/9231/2481 5633/8226/2731
f 5628/8228/2760 5634/5452/2490 5633/8229/2731
f 5635/8231/2766 5639/5470/2478 5640/8232/2754
f 5640/8234/2754 5641/5454/2492 5636/5453/2510
f 5638/5462/2485 5641/8603/2492 5640/8236/2754
f 5647/8238/2755 5644/9232/3007 5642/5480/2482
f 5643/5474/2540 5644/9233/3007 5647/8240/2755
f 5645/5476/2484 5648/8604/2489 5647/8241/2755
f 5654/8243/2724 5653/5487/2480 5650/5486/2479
f 5652/5478/2486 5653/9234/2480 5654/8245/2724
f 5649/8247/2765 5655/5473/2487 5654/8248/2724
f 5661/8250/2704 5660/5479/2481 5657/5481/2483
f 5659/8252/2722 5660/9235/2481 5661/8253/2704
f 5656/8255/2758 5662/5467/2548 5661/8256/2704
f 5663/8258/2710 5667/5485/2478 5668/8259/2705
f 5668/8261/2705 5669/5469/2535 5664/5468/2549
f 5666/5477/2485 5669/8605/2535 5668/8263/2705
f 5675/8265/2762 5672/9236/3013 5670/5495/2482
f 5671/5489/2668 5672/9237/3013 5675/8267/2762
f 5673/5491/2484 5676/8606/2543 5675/8268/2762
f 5682/8270/2694 5681/5502/2480 5678/5501/2479
f 5680/5493/2534 5681/9238/2480 5682/8272/2694
f 5677/8274/2874 5683/5488/2667 5682/8275/2694
f 5689/8277/2704 5688/5494/2481 5685/5496/2483
f 5687/8279/2722 5688/9239/2481 5689/8280/2704
f 5684/8282/2758 5690/5482/2548 5689/8283/2704
f 5691/8285/2710 5695/5500/2478 5696/8286/2705
f 5696/8288/2705 5697/5484/2572 5692/5483/2666
f 5694/5492/2485 5697/8607/2572 5696/8290/2705
f 5703/8292/2665 5700/9240/3013 5698/5510/2482
f 5699/5504/2668 5700/9241/3013 5703/8294/2665
f 5701/5506/2484 5704/8608/2543 5703/8295/2665
f 5710/8297/2694 5709/5517/2480 5706/5516/2479
f 5708/5508/2534 5709/9242/2480 5710/8299/2694
f 5705/8301/2686 5711/5503/2667 5710/8302/2694
f 5717/8304/2704 5716/5509/2481 5713/5511/2483
f 5715/8306/2722 5716/9243/2481 5717/8307/2704
f 5712/8309/2758 5718/5497/2548 5717/8310/2704
f 5719/8312/2710 5723/5515/2478 5724/8313/2705
f 5724/8315/2705 5725/5499/2572 5720/5498/2666
f 5722/5507/2533 5725/8609/2572 5724/8317/2705
f 5731/8319/2665 5728/9244/3013 5726/5525/2519
f 5727/5519/2525 5728/9245/3013 5731/8321/2665
f 5729/5521/2484 5732/8610/2543 5731/8322/2665
f 5738/8324/2694 5737/5532/2480 5734/5531/2479
f 5736/5523/2534 5737/9246/2480 5738/8326/2694
f 5733/8328/2875 5739/5518/2541 5738/8329/2694
f 5745/8331/2704 5744/5524/2481 5741/5526/2483
f 5743/8333/2689 5744/9247/2481 5745/8334/2704
f 5740/8336/2870 5746/5512/2548 5745/8337/2704
f 5747/8339/2710 5751/5530/2478 5752/8340/2705
f 5752/8342/2705 5753/5514/2572 5748/5513/2666
f 5750/5522/2533 5753/8611/2572 5752/8344/2705
f 5759/8346/2876 5756/9248/3020 5754/5549/2682
f 5755/5535/2674 5756/9249/3020 5759/8348/2876
f 5757/5539/2675 5760/9250/2672 5759/8349/2876
f 5766/8351/2878 5765/5544/2680 5762/5543/2679
f 5764/5541/2677 5765/9251/2680 5766/8353/2878
f 5761/5534/2673 5767/8844/2880 5766/8355/2878
f 5773/8357/2881 5772/5548/2681 5769/5550/2683
f 5771/8359/2883 5772/9252/2681 5773/8360/2881
f 5768/8362/2884 5774/5527/2669 5773/8363/2881
f 5775/8365/2885 5779/5542/2678 5780/8366/2886
f 5780/8368/2886 5781/5529/2671 5776/5528/2670
f 5778/5540/2676 5781/8612/2671 5780/8370/2886
f 5787/8372/2628 5784/9253/3013 5782/5558/2519
f 5783/5537/2508 5784/9254/3013 5787/8374/2628
f 5785/5551/2532 5788/8613/2539 5787/8375/2628
f 5794/8377/2888 5793/5556/2480 5790/5555/2479
f 5792/5553/2534 5793/9255/2480 5794/8379/2888
f 5789/8381/2889 5795/5536/2507 5794/8382/2888
f 5801/8384/2890 5800/5557/2481 5797/5559/2483
f 5799/8386/2689 5800/9256/2481 5801/8387/2890
f 5796/8389/2707 5802/5545/2501 5801/8390/2890
f 5803/8392/2766 5807/5554/2478 5808/8393/2708
f 5808/8395/2708 5809/5547/2523 5804/5546/2502
f 5806/5552/2533 5809/8614/2523 5808/8397/2708
f 3219/8399/2507 3213/5901/2697 3207/5892/2508
f 2890/8400/2501 2884/5577/2690 2892/5584/2502
f 2876/8402/2509 2873/4583/2532 2880/4585/2534
f 2897/8403/2891 2894/4584/2533 2887/5574/2689
f 2895/5587/2478 2881/8846/2542 2880/4585/2534
f 2874/5564/2629 2888/8847/2481 2887/5574/2689
f 2904/8404/2509 2901/4772/2484 2908/4774/2534
f 2925/8405/2523 2922/4773/2533 2915/5602/2689
f 2923/5614/2478 2909/8850/2480 2908/4774/2534
f 2902/5592/2629 2916/8851/2481 2915/5602/2689
f 2932/8406/2509 2929/4496/2532 2936/4498/2534
f 2953/8407/2523 2950/4497/2533 2943/5629/2689
f 2951/5641/2478 2937/8854/2480 2936/4498/2534
f 2930/5619/2629 2944/8855/2481 2943/5629/2689
f 2960/8408/2509 2957/4190/2532 2964/4192/2534
f 2981/8409/2523 2978/4191/2533 2971/5656/2689
f 2979/5668/2478 2965/8858/2480 2964/4192/2534
f 2958/5646/2701 2972/8859/2481 2971/5656/2689
f 2988/8410/2509 2985/4202/2532 2992/4204/2534
f 3009/8411/2572 3006/4203/2533 2999/5685/2689
f 3007/5697/2478 2993/8862/2480 2992/4204/2534
f 2986/5675/2629 3000/8863/2481 2999/5685/2689
f 3016/8412/2509 3013/4442/2484 3020/4444/2534
f 3037/8413/2523 3034/4443/2533 3027/5712/2689
f 3035/5724/2478 3021/8866/2480 3020/4444/2534
f 3014/5702/2629 3028/8867/2481 3027/5712/2689
f 3044/8414/2509 3041/4148/2532 3048/4150/2534
f 3065/8415/2523 3062/4149/2533 3055/5739/2689
f 3063/5751/2478 3049/8870/2480 3048/4150/2534
f 3042/5729/2629 3056/8871/2481 3055/5739/2689
f 3072/8416/2509 3069/4733/2532 3076/4735/2534
f 3093/8417/2523 3090/4734/2533 3083/5766/2689
f 3091/5778/2478 3077/8874/2480 3076/4735/2534
f 3070/5756/2629 3084/8875/2481 3083/5766/2689
f 3100/8418/2509 3097/4169/2532 3104/4171/2534
f 3121/8419/2503 3118/4170/2533 3111/5795/2689
f 3119/5807/2478 3105/8878/2480 3104/4171/2534
f 3098/5785/2629 3112/8879/2481 3111/5795/2689
f 3128/8420/2509 3125/4697/2532 3132/4699/2534
f 3149/8421/2523 3146/4698/2533 3139/5822/2689
f 3147/5834/2478 3133/8882/2480 3132/4699/2534
f 3126/5812/2629 3140/8883/2481 3139/5822/2689
f 3156/8422/2509 3153/4826/2532 3160/4828/2534
f 3177/8423/2523 3174/4827/2533 3167/5849/2689
f 3175/5861/2478 3161/8886/2480 3160/4828/2534
f 3154/5839/2629 3168/8887/2481 3167/5849/2689
f 3184/8424/2509 3181/4802/2532 3188/4804/2534
f 3205/8425/2523 3202/4803/2533 3195/5876/2689
f 3203/5888/2478 3189/8890/2480 3188/4804/2534
f 3182/5866/2701 3196/8891/2481 3195/5876/2689
f 3212/8426/2509 3209/4286/2532 3216/4288/2534
f 3233/8427/2503 3230/4287/2533 3223/5906/2689
f 3231/5918/2478 3217/8893/2480 3216/4288/2534
f 3210/5896/2629 3224/8894/2481 3223/5906/2689
f 3240/8428/2509 3237/4208/2532 3244/4210/2534
f 3261/8429/2523 3258/4209/2533 3251/5933/2689
f 3259/5945/2478 3245/8897/2480 3244/4210/2534
f 3238/5923/2701 3252/8898/2481 3251/5933/2689
f 3268/8430/2509 3265/4172/2532 3272/4174/2534
f 3289/8431/2523 3286/4173/2533 3279/5960/2689
f 3287/5972/2478 3273/8901/2480 3272/4174/2534
f 3266/5950/2629 3280/8902/2481 3279/5960/2689
f 3296/8432/2539 3293/4184/2532 3300/4186/2534
f 3317/8433/2523 3314/4185/2533 3307/5987/2689
f 3315/5999/2478 3301/8905/2480 3300/4186/2534
f 3294/5977/2701 3308/8906/2481 3307/5987/2689
f 3324/8434/2499 3321/4886/2484 3328/4888/2486
f 3345/8435/2586 3342/4887/2485 3335/6015/2722
f 3343/6027/2536 3329/8908/2538 3328/4888/2486
f 3322/6005/2703 3336/8909/2481 3335/6015/2722
f 3352/8436/2499 3349/4523/2484 3356/4525/2486
f 3373/8437/2544 3370/4524/2485 3363/6042/2722
f 3371/6054/2536 3357/8912/2480 3356/4525/2486
f 3350/6032/2703 3364/8913/2481 3363/6042/2722
f 3380/8438/2499 3377/4529/2484 3384/4531/2517
f 3401/8439/2544 3398/4530/2485 3391/6069/2722
f 3399/6081/2478 3385/8916/2538 3384/4531/2517
f 3378/6059/2703 3392/8917/2481 3391/6069/2722
f 3408/8440/2499 3405/4454/2484 3412/4456/2517
f 3429/8441/2544 3426/4455/2485 3419/6096/2722
f 3427/6108/2478 3413/8920/2538 3412/4456/2517
f 3406/6086/2730 3420/8921/2481 3419/6096/2722
f 3436/8442/2499 3433/4598/2484 3440/4600/2486
f 3457/8443/2544 3454/4599/2485 3447/6123/2722
f 3455/6135/2478 3441/8924/2538 3440/4600/2486
f 3434/6113/2703 3448/8925/2481 3447/6123/2722
f 3464/8444/2489 3461/4577/2484 3468/4579/2486
f 3485/8445/2544 3482/4578/2485 3475/6150/2722
f 3483/6162/2536 3469/8928/2538 3468/4579/2486
f 3462/6140/2730 3476/8929/2481 3475/6150/2722
f 3492/8446/2489 3489/4103/2484 3496/4105/2486
f 3513/8447/2492 3510/4104/2485 3503/6177/2722
f 3511/6189/2478 3497/8932/2538 3496/4105/2486
f 3490/6167/2730 3504/8933/2481 3503/6177/2722
f 3520/8448/2489 3517/4754/2484 3524/4756/2486
f 3541/8449/2492 3538/4755/2485 3531/6204/2722
f 3539/6216/2478 3525/8936/2480 3524/4756/2486
f 3518/6194/2730 3532/8937/2481 3531/6204/2722
f 3548/8450/2489 3545/4040/2484 3552/4042/2486
f 3569/8451/2495 3566/4041/2485 3559/6231/2722
f 3567/6243/2478 3553/8940/2480 3552/4042/2486
f 3546/6221/2703 3560/8941/2481 3559/6231/2722
f 3576/8452/2489 3573/4157/2484 3580/4159/2486
f 3597/8453/2535 3594/4158/2485 3587/6258/2722
f 3595/6270/2478 3581/8944/2480 3580/4159/2486
f 3574/6248/2703 3588/8945/2481 3587/6258/2722
f 3604/8454/2516 3601/4646/2484 3608/4648/2486
f 3625/8455/2569 3622/4647/2485 3615/6285/2722
f 3623/6297/2478 3609/8948/2480 3608/4648/2486
f 3602/6275/2730 3616/8949/2481 3615/6285/2722
f 3632/8456/2516 3629/4214/2484 3636/4216/2486
f 3653/8457/2550 3650/4215/2485 3643/6312/2722
f 3651/6324/2478 3637/8952/2480 3636/4216/2486
f 3630/6302/2730 3644/8953/2481 3643/6312/2722
f 3660/8458/2516 3657/4460/2484 3664/4462/2486
f 3681/8459/2550 3678/4461/2485 3671/6339/2722
f 3679/6351/2478 3665/8956/2480 3664/4462/2486
f 3658/6329/2730 3672/8957/2481 3671/6339/2722
f 3688/8460/2499 3685/4001/2484 3692/4003/2486
f 3709/8461/2544 3706/4002/2485 3699/6366/2722
f 3707/6378/2478 3693/8960/2480 3692/4003/2486
f 3686/6356/2703 3700/8961/2481 3699/6366/2722
f 3716/8462/2499 3713/4082/2484 3720/4084/2486
f 3737/8463/2544 3734/4083/2485 3727/6393/2722
f 3735/6405/2478 3721/8964/2538 3720/4084/2486
f 3714/6383/2730 3728/8965/2481 3727/6393/2722
f 3744/8464/2499 3741/4790/2484 3748/4792/2486
f 3765/8465/2492 3762/4791/2485 3755/6420/2722
f 3763/6432/2536 3749/8968/2480 3748/4792/2486
f 3742/6410/2703 3756/8969/2481 3755/6420/2722
f 3772/8466/2489 3769/4433/2484 3776/4435/2486
f 3793/8467/2544 3790/4434/2485 3783/6447/2722
f 3791/6459/2478 3777/8972/2538 3776/4435/2486
f 3770/6437/2730 3784/8973/2481 3783/6447/2722
f 3800/8468/2489 3797/4130/2484 3804/4132/2517
f 3821/8469/2492 3818/4131/2485 3811/6474/2722
f 3819/6486/2478 3805/8976/2480 3804/4132/2517
f 3798/6464/2703 3812/8977/2481 3811/6474/2722
f 3828/8470/2489 3825/4466/2484 3832/4468/2517
f 3849/8471/2492 3846/4467/2485 3839/6501/2722
f 3847/6513/2478 3833/8980/2480 3832/4468/2517
f 3826/6491/2730 3840/8981/2481 3839/6501/2722
f 3856/8472/2489 3853/4874/2484 3860/4876/2486
f 3877/8473/2495 3874/4875/2485 3867/6528/2722
f 3875/6540/2478 3861/8984/2480 3860/4876/2486
f 3854/6518/2703 3868/8985/2481 3867/6528/2722
f 3884/8474/2489 3881/4796/2484 3888/4798/2486
f 3905/8475/2495 3902/4797/2485 3895/6555/2722
f 3903/6567/2478 3889/8988/2480 3888/4798/2486
f 3882/6545/2730 3896/8989/2481 3895/6555/2722
f 3912/8476/2516 3909/4562/2484 3916/4564/2486
f 3933/8477/2535 3930/4563/2485 3923/6582/2722
f 3931/6594/2478 3917/8992/2480 3916/4564/2486
f 3910/6572/2703 3924/8993/2481 3923/6582/2722
f 3940/8478/2516 3937/4022/2484 3944/4024/2486
f 3961/8479/2550 3958/4023/2485 3951/6609/2722
f 3959/6621/2478 3945/8996/2480 3944/4024/2486
f 3938/6599/2730 3952/8997/2481 3951/6609/2722
f 3968/8480/2516 3965/4748/2484 3972/4750/2486
f 3989/8481/2550 3986/4749/2485 3979/6636/2722
f 3987/6648/2478 3973/9000/2480 3972/4750/2486
f 3966/6626/2730 3980/9001/2481 3979/6636/2722
f 3996/8482/2543 3993/4517/2484 4000/4519/2534
f 4017/8483/2550 4014/4518/2485 4007/6663/2722
f 4015/6675/2478 4001/9004/2480 4000/4519/2534
f 3994/6653/2730 4008/9005/2481 4007/6663/2722
f 4021/8484/2544 4018/4893/2485 4025/6690/2722
f 4019/6681/2536 4035/9007/2538 4032/4894/2517
f 4040/8485/2499 4039/4892/2484 4032/4894/2517
f 4025/6690/2722 4039/4892/2484 4042/6699/2703
f 4052/8487/2499 4049/4052/2484 4056/4054/2517
f 4073/8488/2544 4070/4053/2485 4063/6716/2722
f 4071/6728/2478 4057/9012/2480 4056/4054/2517
f 4050/6706/2730 4064/9013/2481 4063/6716/2722
f 4080/8489/2489 4077/4490/2484 4084/4492/2486
f 4101/8490/2492 4098/4491/2485 4091/6743/2722
f 4099/6755/2478 4085/9016/2538 4084/4492/2486
f 4078/6733/2703 4092/9017/2481 4091/6743/2722
f 4108/8491/2489 4105/4784/2484 4112/4786/2517
f 4129/8492/2492 4126/4785/2485 4119/6770/2722
f 4127/6782/2478 4113/9020/2480 4112/4786/2517
f 4106/6760/2629 4120/9021/2481 4119/6770/2722
f 4136/8493/2489 4133/4337/2484 4140/4339/2486
f 4157/8494/2492 4154/4338/2485 4147/6797/2722
f 4155/6809/2478 4141/9024/2480 4140/4339/2486
f 4134/6787/2703 4148/9025/2481 4147/6797/2722
f 4164/8495/2489 4161/4139/2484 4168/4141/2486
f 4185/8496/2492 4182/4140/2485 4175/6824/2722
f 4183/6836/2536 4169/9028/2480 4168/4141/2486
f 4162/6814/2730 4176/9029/2481 4175/6824/2722
f 4192/8497/2489 4189/4382/2484 4196/4384/2486
f 4213/8498/2495 4210/4383/2485 4203/6851/2722
f 4211/6863/2478 4197/9032/2480 4196/4384/2486
f 4190/6841/2730 4204/9033/2481 4203/6851/2722
f 4220/8499/2516 4217/4673/2484 4224/4675/2486
f 4241/8500/2535 4238/4674/2485 4231/6878/2722
f 4239/6890/2478 4225/9036/2480 4224/4675/2486
f 4218/6868/2730 4232/9037/2481 4231/6878/2722
f 4248/8501/2516 4245/4250/2484 4252/4252/2486
f 4269/8502/2535 4266/4251/2485 4259/6905/2722
f 4267/6917/2478 4253/9040/2480 4252/4252/2486
f 4246/6895/2703 4260/9041/2481 4259/6905/2722
f 4276/8503/2516 4273/4301/2484 4280/4303/2486
f 4297/8504/2550 4294/4302/2485 4287/6932/2722
f 4295/6944/2478 4281/9044/2480 4280/4303/2486
f 4274/6922/2629 4288/9045/2481 4287/6932/2722
f 4304/8505/2516 4301/4712/2484 4308/4714/2534
f 4325/8506/2572 4322/4713/2533 4315/6959/2722
f 4323/6971/2478 4309/9048/2480 4308/4714/2534
f 4302/6949/2629 4316/9049/2481 4315/6959/2722
f 4329/8507/2544 4326/4665/2485 4333/6980/2722
f 4348/8508/2499 4347/4664/2484 4340/4666/2486
f 4327/6977/2478 4343/9052/2480 4340/4666/2486
f 4333/6980/2722 4347/4664/2484 4350/6995/2730
f 4360/8510/2489 4357/4916/2484 4364/4918/2486
f 4381/8511/2492 4378/4917/2485 4371/7012/2722
f 4379/7024/2478 4365/9056/2538 4364/4918/2486
f 4358/7002/2730 4372/9057/2481 4371/7012/2722
f 4388/8512/2489 4385/4868/2484 4392/4870/2486
f 4409/8513/2492 4406/4869/2485 4399/7039/2722
f 4407/7051/2478 4393/9060/2480 4392/4870/2486
f 4386/7029/2730 4400/9061/2481 4399/7039/2722
f 4416/8514/2489 4413/4610/2484 4420/4612/2486
f 4437/8515/2492 4434/4611/2485 4427/7066/2722
f 4435/7078/2478 4421/9064/2538 4420/4612/2486
f 4414/7056/2703 4428/9065/2481 4427/7066/2722
f 4444/8516/2489 4441/4445/2484 4448/4447/2486
f 4465/8517/2492 4462/4446/2485 4455/7093/2722
f 4463/7105/2478 4449/9068/2480 4448/4447/2486
f 4442/7083/2730 4456/9069/2481 4455/7093/2722
f 4472/8518/2516 4469/4715/2484 4476/4717/2486
f 4493/8519/2535 4490/4716/2485 4483/7120/2722
f 4491/7132/2478 4477/9072/2480 4476/4717/2486
f 4470/7110/2730 4484/9073/2481 4483/7120/2722
f 4500/8520/2516 4497/4064/2484 4504/4066/2486
f 4521/8521/2535 4518/4065/2485 4511/7147/2722
f 4519/7159/2478 4505/9076/2480 4504/4066/2486
f 4498/7137/2629 4512/9077/2481 4511/7147/2722
f 4528/8522/2516 4525/4823/2484 4532/4825/2486
f 4549/8523/2535 4546/4824/2485 4539/7174/2722
f 4547/7186/2478 4533/9080/2480 4532/4825/2486
f 4526/7164/2730 4540/9081/2481 4539/7174/2722
f 4556/8524/2516 4553/4349/2484 4560/4351/2486
f 4577/8525/2535 4574/4350/2485 4567/7201/2722
f 4575/7213/2478 4561/9084/2480 4560/4351/2486
f 4554/7191/2629 4568/9085/2481 4567/7201/2722
f 4584/8526/2516 4581/4280/2484 4588/4282/2534
f 4605/8527/2535 4602/4281/2485 4595/7228/2722
f 4603/7240/2478 4589/9088/2480 4588/4282/2534
f 4582/7218/2629 4596/9089/2481 4595/7228/2722
f 4612/8528/2609 4609/4964/2582 4616/4966/2584
f 4633/8529/2575 4630/4965/2603 4623/7257/2773
f 4631/7269/2590 4617/9092/2592 4616/4966/2584
f 4610/7247/2664 4624/9093/2511 4623/7257/2773
f 4640/8530/2609 4637/5024/2582 4644/5026/2584
f 4661/8531/2615 4658/5025/2583 4651/7284/2773
f 4659/7296/2590 4645/9096/2592 4644/5026/2584
f 4638/7274/2664 4652/9097/2511 4651/7284/2773
f 4668/8532/2617 4665/4910/2582 4672/4912/2584
f 4689/8533/2575 4686/4911/2583 4679/7311/2773
f 4687/7323/2590 4673/9100/2592 4672/4912/2584
f 4666/7301/2664 4680/9101/2511 4679/7311/2773
f 4696/8534/2609 4693/5173/2582 4700/5175/2584
f 4717/8535/2575 4714/5174/2583 4707/7338/2773
f 4715/7350/2590 4701/9104/2592 4700/5175/2584
f 4694/7328/2784 4708/9105/2511 4707/7338/2773
f 4724/8536/2617 4721/4931/2582 4728/4933/2584
f 4745/8537/2602 4742/4932/2583 4735/7365/2787
f 4743/7377/2610 4729/9108/2592 4728/4933/2584
f 4722/7355/2664 4736/9109/2556 4735/7365/2787
f 4752/8538/2617 4749/5113/2582 4756/5115/2584
f 4773/8539/2602 4770/5114/2596 4763/7392/2773
f 4771/7404/2610 4757/9112/2592 4756/5115/2584
f 4750/7382/2664 4764/9113/2511 4763/7392/2773
f 4780/8540/2589 4777/5009/2582 4784/5011/2584
f 4801/8541/2602 4798/5010/2596 4791/7419/2787
f 4799/7431/2590 4785/9116/2592 4784/5011/2584
f 4778/7409/2664 4792/9117/2511 4791/7419/2787
f 4808/8542/2617 4805/5069/2582 4812/5071/2584
f 4829/8543/2602 4826/5070/2583 4819/7446/2787
f 4827/7458/2590 4813/9120/2592 4812/5071/2584
f 4806/7436/2664 4820/9121/2556 4819/7446/2787
f 4836/8544/2589 4833/4979/2582 4840/4981/2597
f 4857/8545/2595 4854/4980/2596 4847/7473/2787
f 4855/7485/2590 4841/9124/2592 4840/4981/2597
f 4834/7463/2664 4848/9125/2556 4847/7473/2787
f 4864/8546/2589 4861/5054/2582 4868/5056/2597
f 4885/8547/2595 4882/5055/2596 4875/7500/2787
f 4883/7512/2590 4869/9128/2592 4868/5056/2597
f 4862/7490/2664 4876/9129/2556 4875/7500/2787
f 4892/8548/2623 4889/4946/2582 4896/4948/2597
f 4913/8549/2595 4910/4947/2596 4903/7527/2787
f 4911/7539/2610 4897/9132/2592 4896/4948/2597
f 4890/7517/2664 4904/9133/2556 4903/7527/2787
f 4920/8550/2623 4917/5158/2582 4924/5160/2597
f 4941/8551/2595 4938/5159/2596 4931/7554/2812
f 4939/7566/2610 4925/9136/2592 4924/5160/2597
f 4918/7544/2664 4932/9137/2556 4931/7554/2812
f 4948/8552/2609 4945/5128/2637 4952/5130/2584
f 4969/8553/2626 4966/5129/2603 4959/7581/2773
f 4967/7593/2590 4953/9140/2592 4952/5130/2584
f 4946/7571/2784 4960/9141/2511 4959/7581/2773
f 4976/8554/2623 4973/5143/2582 4980/5145/2597
f 4997/8555/2606 4994/5144/2596 4987/7608/2812
f 4995/7620/2610 4981/9144/2592 4980/5145/2597
f 4974/7598/2664 4988/9145/2556 4987/7608/2812
f 5004/8556/2623 5001/5098/2582 5008/5100/2597
f 5025/8557/2606 5022/5099/2596 5015/7635/2812
f 5023/7647/2610 5009/9148/2592 5008/5100/2597
f 5002/7625/2664 5016/9149/2556 5015/7635/2812
f 5032/8558/2600 5029/4994/2582 5036/4996/2597
f 5053/8559/2606 5050/4995/2613 5043/7662/2812
f 5051/7674/2610 5037/9152/2592 5036/4996/2597
f 5030/7652/2664 5044/9153/2556 5043/7662/2812
f 5060/8560/2600 5057/5084/2582 5064/5086/2597
f 5081/8561/2635 5078/5085/2613 5071/7689/2835
f 5079/7701/2610 5065/9156/2592 5064/5086/2597
f 5058/7679/2664 5072/9157/2556 5071/7689/2835
f 5088/8562/2564 5085/5182/2644 5092/5184/2645
f 5109/8563/2642 5106/5183/2580 5099/7715/2844
f 5107/7727/2647 5093/9159/2659 5092/5184/2645
f 5086/7705/2752 5100/9160/2504 5099/7715/2844
f 5116/8564/2564 5113/5281/2579 5120/5283/2645
f 5137/8565/2656 5134/5282/2580 5127/7742/2844
f 5135/7754/2647 5121/9163/2649 5120/5283/2645
f 5114/7732/2752 5128/9164/2504 5127/7742/2844
f 5144/8566/2650 5141/5227/2644 5148/5229/2645
f 5165/8567/2656 5162/5228/2580 5155/7769/2844
f 5163/7781/2647 5149/9167/2649 5148/5229/2645
f 5142/7759/2752 5156/9168/2504 5155/7769/2844
f 5172/8568/2564 5169/5278/2579 5176/5280/2645
f 5193/8569/2642 5190/5279/2580 5183/7796/2844
f 5191/7808/2647 5177/9171/2659 5176/5280/2645
f 5170/7786/2752 5184/9172/2504 5183/7796/2844
f 5200/8570/2564 5197/5224/2644 5204/5226/2645
f 5221/8571/2642 5218/5225/2580 5211/7823/2844
f 5219/7835/2647 5205/9175/2649 5204/5226/2645
f 5198/7813/2752 5212/9176/2504 5211/7823/2844
f 5228/8572/2653 5225/5200/2579 5232/5202/2645
f 5249/8573/2656 5246/5201/2580 5239/7850/2844
f 5247/7862/2647 5233/9179/2649 5232/5202/2645
f 5226/7840/2752 5240/9180/2504 5239/7850/2844
f 5256/8574/2554 5253/5320/2644 5260/5322/2581
f 5277/8575/2642 5274/5321/2580 5267/7877/2844
f 5275/7889/2647 5261/9183/2649 5260/5322/2581
f 5254/7867/2752 5268/9184/2504 5267/7877/2844
f 5284/8576/2554 5281/5266/2579 5288/5268/2645
f 5305/8577/2642 5302/5267/2580 5295/7904/2844
f 5303/7916/2647 5289/9187/2649 5288/5268/2645
f 5282/7894/2752 5296/9188/2504 5295/7904/2844
f 5312/8578/2554 5309/4847/2579 5316/4849/2581
f 5333/8579/2642 5330/4848/2580 5323/7931/2844
f 5331/7943/2647 5317/9191/2649 5316/4849/2581
f 5310/7921/2752 5324/9192/2504 5323/7931/2844
f 5340/8580/2554 5337/5299/2579 5344/5301/2581
f 5361/8581/2657 5358/5300/2580 5351/7958/2844
f 5359/7970/2647 5345/9195/2649 5344/5301/2581
f 5338/7948/2752 5352/9196/2504 5351/7958/2844
f 5368/8582/2499 5365/5329/2484 5372/5331/2517
f 5389/8583/2544 5386/5330/2485 5379/7985/2722
f 5387/7997/2536 5373/9199/2538 5372/5331/2517
f 5366/7975/2703 5380/9200/2481 5379/7985/2722
f 5396/8584/2516 5393/5352/2484 5400/5354/2486
f 5417/8585/2572 5414/5353/2485 5407/8012/2722
f 5415/8024/2478 5401/9203/2480 5400/5354/2486
f 5394/8002/2852 5408/9204/2481 5407/8012/2722
f 5424/8586/2543 5421/5366/2484 5428/5368/2486
f 5445/8587/2572 5442/5367/2533 5435/8038/2722
f 5443/8050/2478 5429/9206/2480 5428/5368/2486
f 5422/8028/2852 5436/9207/2481 5435/8038/2722
f 5452/8588/2516 5449/5381/2484 5456/5383/2486
f 5473/8589/2572 5470/5382/2533 5463/8064/2722
f 5471/8076/2478 5457/9209/2480 5456/5383/2486
f 5450/8054/2730 5464/9210/2481 5463/8064/2722
f 5480/8590/2543 5477/5390/2484 5484/5392/2534
f 5501/8591/2572 5498/5391/2533 5491/8092/2722
f 5499/8104/2478 5485/9212/2480 5484/5392/2534
f 5478/8082/2629 5492/9213/2481 5491/8092/2722
f 5505/8592/2544 5502/5411/2485 5509/8120/2722
f 5503/8111/2478 5519/9214/2538 5516/5412/2486
f 5524/8593/2499 5523/5410/2484 5516/5412/2486
f 5509/8120/2722 5523/5410/2484 5526/8129/2703
f 5533/8595/2544 5530/5426/2485 5537/8139/2722
f 5552/8596/2499 5551/5425/2484 5544/5427/2486
f 5531/8136/2478 5547/9218/2538 5544/5427/2486
f 5537/8139/2722 5551/5425/2484 5554/8154/2730
f 5564/8598/2499 5561/5431/2484 5568/5433/2517
f 5585/8599/2492 5582/5432/2485 5575/8171/2722
f 5583/8183/2536 5569/9222/2538 5568/5433/2517
f 5562/8161/2730 5576/9223/2481 5575/8171/2722
f 5592/8600/2489 5589/5446/2484 5596/5448/2486
f 5613/8601/2492 5610/5447/2485 5603/8198/2722
f 5611/8210/2478 5597/9226/2538 5596/5448/2486
f 5590/8188/2703 5604/9227/2481 5603/8198/2722
f 5620/8602/2489 5617/5461/2484 5624/5463/2486
f 5641/8603/2492 5638/5462/2485 5631/8225/2722
f 5639/8237/2478 5625/9230/2480 5624/5463/2486
f 5618/8215/2730 5632/9231/2481 5631/8225/2722
f 5648/8604/2489 5645/5476/2484 5652/5478/2486
f 5669/8605/2535 5666/5477/2485 5659/8252/2722
f 5667/8264/2478 5653/9234/2480 5652/5478/2486
f 5646/8242/2730 5660/9235/2481 5659/8252/2722
f 5676/8606/2543 5673/5491/2484 5680/5493/2534
f 5697/8607/2572 5694/5492/2485 5687/8279/2722
f 5695/8291/2478 5681/9238/2480 5680/5493/2534
f 5674/8269/2730 5688/9239/2481 5687/8279/2722
f 5704/8608/2543 5701/5506/2484 5708/5508/2534
f 5725/8609/2572 5722/5507/2533 5715/8306/2722
f 5723/8318/2478 5709/9242/2480 5708/5508/2534
f 5702/8296/2730 5716/9243/2481 5715/8306/2722
f 5732/8610/2543 5729/5521/2484 5736/5523/2534
f 5753/8611/2572 5750/5522/2533 5743/8333/2689
f 5751/8345/2478 5737/9246/2480 5736/5523/2534
f 5730/8323/2730 5744/9247/2481 5743/8333/2689
f 5767/8354/2880 5760/9250/2672 5757/5539/2675
f 5781/8612/2671 5778/5540/2676 5771/8359/2883
f 5779/8371/2678 5765/9251/2680 5764/5541/2677
f 5758/8350/2877 5772/9252/2681 5771/8359/2883
f 5788/8613/2539 5785/5551/2532 5792/5553/2534
f 5809/8614/2523 5806/5552/2533 5799/8386/2689
f 5807/8398/2478 5793/9255/2480 5792/5553/2534
f 5786/8376/2629 5800/9256/2481 5799/8386/2689
f 3099/8615/2665 3096/9257/3004 3094/4341/2519
f 1848/2512/1947 1851/2517/1947 1831/2518/1947
f 1951/8617/2892 1952/2759/2122 1959/2755/2121
f 748/8618/2893 749/9258/3021 700/1140/2894
